id,url,version,title,path
sbirt-questionnaire,,0.0.1,SBIRT,questionnaire/sbirt.json
1-month-follow-up-questionnaire,,0.0.1,1 month follow up,questionnaire/1-month-follow-up.json
financial-wellness-tool-questionnaire,,0.0.1,Financial Wellness Tool,questionnaire/assessments/financial-wellness-tool.json
planning-next-steps-questionnaire,,0.0.1,Planning Next Steps,questionnaire/assessments/planning-next-steps.json
mw-tool-questionnaire,,0.0.1,Mental Wellness Tool,questionnaire/assessments/mw-tool.json
common-mental-health-symptoms-questionnaire,,0.0.1,Common Mental Health Symptoms,questionnaire/assessments/common-mental-health-symptoms.json
sociodemographic-survey-questionnaire,,0.0.1,Sociodemographic Survey,questionnaire/assessments/sociodemographic_survey.json
phq-9-ipc-session-2-questionnaire,,0.0.1,PHQ-9 (IPC Session 2),questionnaire/ipc-session-2/phq-9-ipc-session-2.json
gad-7-ipc-session-2-questionnaire,,0.0.1,GAD-7 (IPC Session 2),questionnaire/ipc-session-2/gad-7-ipc-session-2.json
start-ipc-ipc-session-2-questionnaire,,0.0.1,IPC Session 2,questionnaire/ipc-session-2/start-ipc-ipc-session-2.json
pc-ptsd-ipc-session-2-questionnaire,,0.0.1,Short-Form PCL-5-8 (IPC Session 2),questionnaire/ipc-session-2/sf-pcl-5-ipc-session-2.json
mood-rating-ipc-session-2-questionnaire,,0.0.1,Mood Rating (IPC Session 2),questionnaire/ipc-session-2/mood-rating-ipc-session-2.json
phq-9-ipc-session-3-questionnaire,,0.0.1,PHQ-9 (IPC Session 3),questionnaire/ipc-session-3/phq-9-ipc-session-3.json
start-ipc-ipc-session-3-questionnaire,,0.0.1,IPC Session 3,questionnaire/ipc-session-3/start-ipc-ipc-session-3.json
gad-7-ipc-session-3-questionnaire,,0.0.1,GAD-7 (IPC Session 3),questionnaire/ipc-session-3/gad-7-ipc-session-3.json
pc-ptsd-ipc-session-3-questionnaire,,0.0.1,Short-Form PCL-5-8 (IPC Session 3),questionnaire/ipc-session-3/sf-pcl-5-ipc-session-3.json
mood-rating-ipc-session-3-questionnaire,,0.0.1,Mood Rating (IPC Session 3),questionnaire/ipc-session-3/mood-rating-ipc-session-3.json
start-ipc-ipc-session-4-questionnaire,,0.0.1,IPC Session 4,questionnaire/ipc-session-4/start-ipc-ipc-session-4.json
gad-7-ipc-session-4-questionnaire,,0.0.1,GAD-7 (IPC Session 4),questionnaire/ipc-session-4/gad-7-ipc-session-4.json
phq-9-ipc-session-4-questionnaire,,0.0.1,PHQ-9 (IPC Session 4),questionnaire/ipc-session-4/phq-9-ipc-session-4.json
mood-rating-ipc-session-4-questionnaire,,0.0.1,Mood Rating (IPC Session 4),questionnaire/ipc-session-4/mood-rating-ipc-session-4.json
pc-ptsd-ipc-session-4-questionnaire,,0.0.1,Short-Form PCL-5-8 (IPC Session 4),questionnaire/ipc-session-4/sf-pcl-5-ipc-session-4.json
mw-tool-ipc-session-4-questionnaire,,0.0.1,Mental Wellness Tool (IPC Session 4),questionnaire/ipc-session-4/mw-tool-ipc-session-4.json
spi-subform-4-questionnaire,,0.0.1,SPI Subform 4,questionnaire/spi/spi-subform-4.json
spi-subform-2-questionnaire,,0.0.1,SPI Subform 2,questionnaire/spi/spi-subform-2.json
spi-subform-3-questionnaire,,0.0.1,SPI Subform 3,questionnaire/spi/spi-subform-3.json
spi-subform-1-questionnaire,,0.0.1,SPI Subform 1,questionnaire/spi/spi-subform-1.json
registration-info-questionnaire,,0.0.3,Add Family Member Registration,questionnaire/generic/registration_info.json
remove-patient-questionnaire,,0.0.2,eCBIS Remove Family Form,questionnaire/generic/remove_patient.json
mood-rating-ipc-session-1-questionnaire,,0.0.1,Mood Rating (IPC Session 1),questionnaire/ipc-session-1/mood-rating-ipc-session-1.json
confidential-ipc-session-1-questionnaire,,0.0.1,Discuss Confidentiality,questionnaire/ipc-session-1/confidential-ipc-session-1.json
pc-ptsd-ipc-session-1-questionnaire,,0.0.1,Short-Form PCL-5-8 (IPC Session 1),questionnaire/ipc-session-1/sf-pcl-5-ipc-session-1.json
start-ipc-ipc-session-1-questionnaire,,0.0.1,IPC Session 1,questionnaire/ipc-session-1/start-ipc-ipc-session-1.json
gad-7-ipc-session-1-questionnaire,,0.0.1,GAD-7 (IPC Session 1),questionnaire/ipc-session-1/gad-7-ipc-session-1.json
phq-9-ipc-session-1-questionnaire,,0.0.1,PHQ-9 (IPC Session 1),questionnaire/ipc-session-1/phq-9-ipc-session-1.json
