questionnaire_id,subject_patient_id,encounter_id,author_practitioner_id,practitioner_location_id,practitioner_organization_id,practitioner_id,practitioner_careteam_id,application_version,qr_id,gad_place_declare_values,gad_place_declare_values_2,gad_place_declare_values_3,gad_place_declare_values_4,feeling_nervous,gad_gad_ipc_session,excessive_worry,trouble_relaxing,restlessness,irritability,feeling_afraid,gad_place_declare_values_12,anonymized_at
Questionnaire/205,04edab19-6899-4eb6-8486-34a8e0509963,a4cf9df3-187a-49ae-8ba7-dfbb5f08abfc,0eb40af8-ddd0-4d8e-85a5-d3b3bb1022e7,a28a1a10-d6ab-45f2-84f3-8ab4db7850b2,92dd11a8-2635-476b-a8d0-573cf74d4487,0eb40af8-ddd0-4d8e-85a5-d3b3bb1022e7,e22f62dc-f531-418c-a13d-10385b0f0c4f,2.0.0-engage,06af5443-9832-496a-bb7d-98303a7608a3,severe-anxiety,18,Severe anxiety,,Several days,More than half the days,Nearly every day,Nearly every day,Nearly every day,Nearly every day,Nearly every day,,2025-09-11 15:12:09.353692+00
Questionnaire/205,ea1c21de-c6e4-400e-a549-49aaddddf3fe,70724ef2-b073-4f60-b4fa-bb6fe1cb10b1,0eb40af8-ddd0-4d8e-85a5-d3b3bb1022e7,a28a1a10-d6ab-45f2-84f3-8ab4db7850b2,92dd11a8-2635-476b-a8d0-573cf74d4487,0eb40af8-ddd0-4d8e-85a5-d3b3bb1022e7,e22f62dc-f531-418c-a13d-10385b0f0c4f,2.0.0-engage,0852b6e6-54dc-4020-868f-8dc272f5ef13,severe-anxiety,15,Severe anxiety,,Nearly every day,More than half the days,More than half the days,More than half the days,More than half the days,More than half the days,More than half the days,,2025-09-11 15:12:09.353692+00
Questionnaire/205,ec421eed-1c76-49e7-9ce0-ed133e6f6379,518a6fc5-f937-4d61-82c4-c8a062d8e419,0eb40af8-ddd0-4d8e-85a5-d3b3bb1022e7,a28a1a10-d6ab-45f2-84f3-8ab4db7850b2,92dd11a8-2635-476b-a8d0-573cf74d4487,0eb40af8-ddd0-4d8e-85a5-d3b3bb1022e7,e22f62dc-f531-418c-a13d-10385b0f0c4f,2.0.0-engage,0cd05301-dd20-4d7c-b808-5c8954ec526b,moderate-anxiety,10,Moderate anxiety,,Several days,More than half the days,Several days,More than half the days,Several days,More than half the days,Several days,,2025-09-11 15:12:09.353692+00
Questionnaire/205,87f0f749-f6b9-4225-8548-fe05417e8847,1c2524e0-f93f-4784-b951-d3c269db2d39,5859d5f3-d37b-4a28-a68f-5ce1aaac611f,7a2bad81-130f-4785-8438-af7aac92fedf,602ec278-054a-473e-a553-957bd5ac8c6f,5859d5f3-d37b-4a28-a68f-5ce1aaac611f,83586171-9bac-426a-aae5-798bf548e15e,2.0.2-engage,0df467cd-291d-480f-9e83-514380f3ba8c,severe-anxiety,16,Severe anxiety,,Nearly every day,More than half the days,More than half the days,Nearly every day,Nearly every day,More than half the days,Several days,,2025-09-11 15:12:09.353692+00
Questionnaire/205,162f2b99-9110-45a1-bb7a-2cac76d288f4,0ced21c9-f329-4e2f-bbaa-bc4097fe990c,0eb40af8-ddd0-4d8e-85a5-d3b3bb1022e7,a28a1a10-d6ab-45f2-84f3-8ab4db7850b2,92dd11a8-2635-476b-a8d0-573cf74d4487,0eb40af8-ddd0-4d8e-85a5-d3b3bb1022e7,e22f62dc-f531-418c-a13d-10385b0f0c4f,2.0.2-engage,164e979c-9ba0-4660-bd53-746a24e29d40,moderate-anxiety,14,Moderate anxiety,,More than half the days,More than half the days,More than half the days,More than half the days,More than half the days,More than half the days,More than half the days,,2025-09-11 15:12:09.353692+00
Questionnaire/205,77679304-1eda-4ad7-a218-2ef2aadcf83f,a70c6555-6235-4829-8332-845ab148bd26,0eb40af8-ddd0-4d8e-85a5-d3b3bb1022e7,a28a1a10-d6ab-45f2-84f3-8ab4db7850b2,92dd11a8-2635-476b-a8d0-573cf74d4487,0eb40af8-ddd0-4d8e-85a5-d3b3bb1022e7,e22f62dc-f531-418c-a13d-10385b0f0c4f,2.1.2-engage,1c46f8a4-b2de-4f86-b35a-8ec240188599,moderate-anxiety,14,Moderate anxiety,,More than half the days,More than half the days,More than half the days,More than half the days,More than half the days,More than half the days,More than half the days,,2025-09-11 15:12:09.353692+00
Questionnaire/205,bac32ad1-5352-4fe3-8bec-bc432c552930,de91e510-ba0a-487e-8cae-f7daf6506ccf,0eb40af8-ddd0-4d8e-85a5-d3b3bb1022e7,a28a1a10-d6ab-45f2-84f3-8ab4db7850b2,92dd11a8-2635-476b-a8d0-573cf74d4487,0eb40af8-ddd0-4d8e-85a5-d3b3bb1022e7,e22f62dc-f531-418c-a13d-10385b0f0c4f,2.0.1-engage,1fec075f-e4aa-40a5-91a4-62551c89ac97,moderate-anxiety,13,Moderate anxiety,,Several days,More than half the days,More than half the days,More than half the days,More than half the days,More than half the days,More than half the days,,2025-09-11 15:12:09.353692+00
Questionnaire/205,638c1421-4fce-4645-9790-ffc2d048b9b2,2688d7ca-58ee-4ec3-8d7a-50296d33193a,0eb40af8-ddd0-4d8e-85a5-d3b3bb1022e7,a28a1a10-d6ab-45f2-84f3-8ab4db7850b2,92dd11a8-2635-476b-a8d0-573cf74d4487,0eb40af8-ddd0-4d8e-85a5-d3b3bb1022e7,e22f62dc-f531-418c-a13d-10385b0f0c4f,2.0.1-engage,2bd8d28d-b3eb-4a17-844e-0fa7915ee883,moderate-anxiety,10,Moderate anxiety,,More than half the days,Several days,Several days,Nearly every day,Several days,Several days,Several days,,2025-09-11 15:12:09.353692+00
Questionnaire/205,9b4f31f2-b327-47c9-91c6-56082f924410,dbb47c1f-f329-453e-be01-17958fa497bc,0eb40af8-ddd0-4d8e-85a5-d3b3bb1022e7,a28a1a10-d6ab-45f2-84f3-8ab4db7850b2,92dd11a8-2635-476b-a8d0-573cf74d4487,0eb40af8-ddd0-4d8e-85a5-d3b3bb1022e7,e22f62dc-f531-418c-a13d-10385b0f0c4f,2.2.0-engage,2c3baac9-ddcc-4a1f-aba7-3d1a98acb7b5,mild-anxiety,5,Mild anxiety,,Several days,Several days,Several days,Not at all,Several days,Not at all,Several days,,2025-09-11 15:12:09.353692+00
Questionnaire/205,f05564a1-4de7-4680-a17d-5ba329329f6c,b1d2a6ea-bfd9-48ad-899a-165488651b56,0eb40af8-ddd0-4d8e-85a5-d3b3bb1022e7,a28a1a10-d6ab-45f2-84f3-8ab4db7850b2,92dd11a8-2635-476b-a8d0-573cf74d4487,0eb40af8-ddd0-4d8e-85a5-d3b3bb1022e7,e22f62dc-f531-418c-a13d-10385b0f0c4f,2.2.0-engage,30f143f8-52cd-48a3-a5f2-791534a71b6f,mild-anxiety,9,Mild anxiety,,Several days,Several days,More than half the days,Several days,Several days,More than half the days,Several days,,2025-09-11 15:12:09.353692+00
Questionnaire/205,2366eacb-4422-4cc7-931c-e05e6ea2d139,5f5c077e-3dd8-4dc0-968f-c65d74087de1,0eb40af8-ddd0-4d8e-85a5-d3b3bb1022e7,a28a1a10-d6ab-45f2-84f3-8ab4db7850b2,92dd11a8-2635-476b-a8d0-573cf74d4487,0eb40af8-ddd0-4d8e-85a5-d3b3bb1022e7,e22f62dc-f531-418c-a13d-10385b0f0c4f,2.1.2-engage,37882610-c09a-47ab-a03b-f5c3ce20d17f,mild-anxiety,9,Mild anxiety,,Several days,Several days,Several days,Several days,More than half the days,Several days,More than half the days,,2025-09-11 15:12:09.353692+00
Questionnaire/205,6d9ebad3-a690-4dd1-a97a-4543be19f0a2,d8687981-d972-4e05-996a-3ecf2a55bb4e,0eb40af8-ddd0-4d8e-85a5-d3b3bb1022e7,a28a1a10-d6ab-45f2-84f3-8ab4db7850b2,92dd11a8-2635-476b-a8d0-573cf74d4487,0eb40af8-ddd0-4d8e-85a5-d3b3bb1022e7,e22f62dc-f531-418c-a13d-10385b0f0c4f,2.2.0-engage,38ada7e2-e451-442d-8bd6-c0fcaf5750a9,mild-anxiety,7,Mild anxiety,,Several days,Several days,Several days,Several days,Several days,Several days,Several days,,2025-09-11 15:12:09.353692+00
Questionnaire/205,3815ed9e-ca0e-4f6b-a35a-79e3e80fe202,0251511d-e581-40cc-979a-de81a9fee491,0eb40af8-ddd0-4d8e-85a5-d3b3bb1022e7,a28a1a10-d6ab-45f2-84f3-8ab4db7850b2,92dd11a8-2635-476b-a8d0-573cf74d4487,0eb40af8-ddd0-4d8e-85a5-d3b3bb1022e7,e22f62dc-f531-418c-a13d-10385b0f0c4f,2.0.2-engage,390a516d-1013-4049-9835-1070b9c5f79e,mild-anxiety,7,Mild anxiety,,Several days,Several days,Several days,Several days,Several days,Several days,Several days,,2025-09-11 15:12:09.353692+00
Questionnaire/205,8ec9d34c-0cce-4cd8-a0f1-1e2533bc7221,1d627763-b37b-465d-ac22-ec9833c63575,0eb40af8-ddd0-4d8e-85a5-d3b3bb1022e7,a28a1a10-d6ab-45f2-84f3-8ab4db7850b2,92dd11a8-2635-476b-a8d0-573cf74d4487,0eb40af8-ddd0-4d8e-85a5-d3b3bb1022e7,e22f62dc-f531-418c-a13d-10385b0f0c4f,2.0.1-engage,3bc1480d-cac6-4560-adbb-69c9b1964cd7,severe-anxiety,21,Severe anxiety,,Nearly every day,Nearly every day,Nearly every day,Nearly every day,Nearly every day,Nearly every day,Nearly every day,,2025-09-11 15:12:09.353692+00
Questionnaire/205,7ccbfbcc-3b7d-4aea-9b15-045bebd17684,83fc1c2b-4d6f-4497-9164-df8b5513efd7,8ecda3b5-f741-4752-ba5e-0f93006aa100,1a244e58-4583-41ff-9f9c-acb14d5ee9ec,d49549fa-5068-4a6e-81fc-eb6c315d2d53,8ecda3b5-f741-4752-ba5e-0f93006aa100,02564c94-d5c0-4356-b697-ebc48a3e0412,2.2.0-engage,46cdb07c-6127-4fc9-8b16-ebb2c31cc148,moderate-anxiety,10,Moderate anxiety,,More than half the days,More than half the days,Several days,Several days,Several days,Several days,More than half the days,,2025-09-11 15:12:09.353692+00
Questionnaire/205,c220a224-11b2-4a42-a02f-007eecb3b4f0,88782d4d-74d9-402f-8536-22f1ad43529d,0eb40af8-ddd0-4d8e-85a5-d3b3bb1022e7,a28a1a10-d6ab-45f2-84f3-8ab4db7850b2,92dd11a8-2635-476b-a8d0-573cf74d4487,0eb40af8-ddd0-4d8e-85a5-d3b3bb1022e7,e22f62dc-f531-418c-a13d-10385b0f0c4f,2.2.0-engage,4af25c81-0fe6-4d43-8e2c-eb1264f4b04c,moderate-anxiety,10,Moderate anxiety,,Several days,More than half the days,Several days,More than half the days,Several days,More than half the days,Several days,,2025-09-11 15:12:09.353692+00
Questionnaire/205,1ad2aaab-ce46-41c4-81d0-f1b9d415d4ca,,0eb40af8-ddd0-4d8e-85a5-d3b3bb1022e7,Not defined,92dd11a8-2635-476b-a8d0-573cf74d4487,0eb40af8-ddd0-4d8e-85a5-d3b3bb1022e7,e22f62dc-f531-418c-a13d-10385b0f0c4f,Not defined,4de74bd5-879a-4dc5-9c55-a793fb1cf1be,moderate-anxiety,10,Moderate anxiety,,Several days,Several days,More than half the days,Several days,More than half the days,Nearly every day,Not at all,,2025-09-11 15:12:09.353692+00
Questionnaire/205,bb2da20e-6ea6-4cf9-81af-087a3a4fe87b,,0eb40af8-ddd0-4d8e-85a5-d3b3bb1022e7,Not defined,92dd11a8-2635-476b-a8d0-573cf74d4487,0eb40af8-ddd0-4d8e-85a5-d3b3bb1022e7,e22f62dc-f531-418c-a13d-10385b0f0c4f,Not defined,5527e814-3a9b-4b03-8f01-477cdd9904cb,,11,Moderate anxiety,,More than half the days,More than half the days,Nearly every day,Several days,Several days,Several days,Several days,,2025-09-11 15:12:09.353692+00
Questionnaire/205,71a7b06d-86a6-4aa6-8bd1-52c8943583da,dbcb29b1-00a0-49ae-a230-880cf770e3f2,0eb40af8-ddd0-4d8e-85a5-d3b3bb1022e7,a28a1a10-d6ab-45f2-84f3-8ab4db7850b2,92dd11a8-2635-476b-a8d0-573cf74d4487,0eb40af8-ddd0-4d8e-85a5-d3b3bb1022e7,e22f62dc-f531-418c-a13d-10385b0f0c4f,2.1.2-engage,560f2d85-73cb-4acf-8c46-0524cc6a9145,moderate-anxiety,14,Moderate anxiety,,More than half the days,More than half the days,More than half the days,More than half the days,More than half the days,More than half the days,More than half the days,,2025-09-11 15:12:09.353692+00
Questionnaire/205,bd41c189-6b9e-4544-bb9d-e8cfe0a2d76b,f47224ac-cdd6-4860-acbc-d304f93fe9e6,0eb40af8-ddd0-4d8e-85a5-d3b3bb1022e7,a28a1a10-d6ab-45f2-84f3-8ab4db7850b2,92dd11a8-2635-476b-a8d0-573cf74d4487,0eb40af8-ddd0-4d8e-85a5-d3b3bb1022e7,e22f62dc-f531-418c-a13d-10385b0f0c4f,2.2.0-engage,5a5fb777-4cc5-4b9c-ad62-8b81f1f64ae2,mild-anxiety,8,Mild anxiety,,More than half the days,Several days,Several days,Several days,Several days,Several days,Several days,,2025-09-11 15:12:09.353692+00
Questionnaire/205,a9aaadf4-b3ae-48f0-8ce1-513ffe2dea5f,bf55018c-1673-4451-b647-a8ed68557a98,5859d5f3-d37b-4a28-a68f-5ce1aaac611f,7a2bad81-130f-4785-8438-af7aac92fedf,602ec278-054a-473e-a553-957bd5ac8c6f,5859d5f3-d37b-4a28-a68f-5ce1aaac611f,83586171-9bac-426a-aae5-798bf548e15e,2.0.2-engage,5bad953f-36f9-4fa4-8bfb-75cb731e62f7,severe-anxiety,16,Severe anxiety,,More than half the days,Nearly every day,More than half the days,Several days,Nearly every day,More than half the days,Nearly every day,,2025-09-11 15:12:09.353692+00
Questionnaire/205,b4d46598-51d8-4d2d-9c34-e3ef9aa44632,a07f7838-8541-4a67-bdf8-5fcfc3f9283e,0eb40af8-ddd0-4d8e-85a5-d3b3bb1022e7,a28a1a10-d6ab-45f2-84f3-8ab4db7850b2,92dd11a8-2635-476b-a8d0-573cf74d4487,0eb40af8-ddd0-4d8e-85a5-d3b3bb1022e7,e22f62dc-f531-418c-a13d-10385b0f0c4f,2.0.1-engage,624c4005-f53d-4ae2-94f5-85677115f3db,moderate-anxiety,14,Moderate anxiety,,Nearly every day,More than half the days,Several days,More than half the days,Nearly every day,Nearly every day,Not at all,,2025-09-11 15:12:09.353692+00
Questionnaire/205,9e2b4a3b-701e-49b2-8257-904a6db0ae6d,112311b2-89ce-4a26-9089-61f7c5a9adb2,0eb40af8-ddd0-4d8e-85a5-d3b3bb1022e7,a28a1a10-d6ab-45f2-84f3-8ab4db7850b2,92dd11a8-2635-476b-a8d0-573cf74d4487,0eb40af8-ddd0-4d8e-85a5-d3b3bb1022e7,e22f62dc-f531-418c-a13d-10385b0f0c4f,2.2.0-engage,7c08f128-280d-4d0f-b5ed-c262b769ea72,severe-anxiety,18,Severe anxiety,,Several days,More than half the days,Nearly every day,Nearly every day,Nearly every day,Nearly every day,Nearly every day,,2025-09-11 15:12:09.353692+00
Questionnaire/205,8c460a02-5598-4503-9b13-fb4c53ae22c1,,0eb40af8-ddd0-4d8e-85a5-d3b3bb1022e7,Not defined,92dd11a8-2635-476b-a8d0-573cf74d4487,0eb40af8-ddd0-4d8e-85a5-d3b3bb1022e7,e22f62dc-f531-418c-a13d-10385b0f0c4f,Not defined,85662376-e1cf-4e0c-9a66-b94943ce5945,,0,Minimal anxiety,,,,,,,,,,2025-09-11 15:12:09.353692+00
Questionnaire/205,658bf01b-d18f-4ac1-8da5-4740a1c4bc6d,08659a5c-44aa-4147-8ff5-4179c73f0165,0eb40af8-ddd0-4d8e-85a5-d3b3bb1022e7,a28a1a10-d6ab-45f2-84f3-8ab4db7850b2,92dd11a8-2635-476b-a8d0-573cf74d4487,0eb40af8-ddd0-4d8e-85a5-d3b3bb1022e7,e22f62dc-f531-418c-a13d-10385b0f0c4f,2.2.0-engage,87ae4635-103e-4e93-a043-7468a7e82769,mild-anxiety,7,Mild anxiety,,Several days,Several days,Several days,Several days,Several days,Several days,Several days,,2025-09-11 15:12:09.353692+00
Questionnaire/205,fca7a9ad-4115-46f5-882e-60dd4972e086,271b0d05-4c2c-4840-a007-28fb8a8bba8b,0eb40af8-ddd0-4d8e-85a5-d3b3bb1022e7,a28a1a10-d6ab-45f2-84f3-8ab4db7850b2,92dd11a8-2635-476b-a8d0-573cf74d4487,0eb40af8-ddd0-4d8e-85a5-d3b3bb1022e7,e22f62dc-f531-418c-a13d-10385b0f0c4f,2.0.1-engage,8838fd2e-0dc1-4e3b-8022-46073e7c11f2,moderate-anxiety,13,Moderate anxiety,,More than half the days,More than half the days,Several days,Not at all,Nearly every day,Nearly every day,More than half the days,,2025-09-11 15:12:09.353692+00
Questionnaire/205,f177e016-e1a9-4b9b-a516-969c5b98301e,,0eb40af8-ddd0-4d8e-85a5-d3b3bb1022e7,a28a1a10-d6ab-45f2-84f3-8ab4db7850b2,92dd11a8-2635-476b-a8d0-573cf74d4487,0eb40af8-ddd0-4d8e-85a5-d3b3bb1022e7,e22f62dc-f531-418c-a13d-10385b0f0c4f,2.0.0-engage,89d3b757-d438-418b-b39e-4d07e72272b1,mild-anxiety,6,Mild anxiety,8c72c087-83ca-44bd-8194-430f8dfc12a7,Several days,More than half the days,Several days,More than half the days,Not at all,Not at all,Not at all,75c6b071-5c0a-49b7-a621-d6d54097d253,2025-09-11 15:12:09.353692+00
Questionnaire/205,5f896878-1169-4ea7-b479-835b28679f17,8f0c9d28-602d-495c-bf43-7ef7ce4d9ca0,0eb40af8-ddd0-4d8e-85a5-d3b3bb1022e7,a28a1a10-d6ab-45f2-84f3-8ab4db7850b2,92dd11a8-2635-476b-a8d0-573cf74d4487,0eb40af8-ddd0-4d8e-85a5-d3b3bb1022e7,e22f62dc-f531-418c-a13d-10385b0f0c4f,2.0.0-engage,90f0e1ef-fed3-4e95-87a3-7b17fce8aaf7,severe-anxiety,18,Severe anxiety,,More than half the days,More than half the days,More than half the days,Nearly every day,Nearly every day,Nearly every day,Nearly every day,,2025-09-11 15:12:09.353692+00
Questionnaire/205,c9adb1a9-83aa-454e-a005-b436b6d6ff58,,0eb40af8-ddd0-4d8e-85a5-d3b3bb1022e7,Not defined,92dd11a8-2635-476b-a8d0-573cf74d4487,0eb40af8-ddd0-4d8e-85a5-d3b3bb1022e7,e22f62dc-f531-418c-a13d-10385b0f0c4f,Not defined,91e4a396-69cf-4642-a3c3-f18bdacfc696,severe-anxiety,20,Severe anxiety,,More than half the days,Nearly every day,Nearly every day,Nearly every day,Nearly every day,Nearly every day,Nearly every day,,2025-09-11 15:12:09.353692+00
Questionnaire/205,c7cbedbb-a574-42f9-a9ed-4a61cb606d0b,3bd23b2d-6672-4d27-a995-ebe13823a8cf,0eb40af8-ddd0-4d8e-85a5-d3b3bb1022e7,a28a1a10-d6ab-45f2-84f3-8ab4db7850b2,92dd11a8-2635-476b-a8d0-573cf74d4487,0eb40af8-ddd0-4d8e-85a5-d3b3bb1022e7,e22f62dc-f531-418c-a13d-10385b0f0c4f,2.0.1-engage,9fa9cc53-a293-4121-bd7d-52d70489329f,severe-anxiety,15,Severe anxiety,,More than half the days,More than half the days,More than half the days,Nearly every day,Nearly every day,More than half the days,Several days,,2025-09-11 15:12:09.353692+00
Questionnaire/205,4ca17550-61d6-4860-abc9-fbe93e7c26a5,606c9e37-1e2f-451b-b67b-191a6fa344be,0eb40af8-ddd0-4d8e-85a5-d3b3bb1022e7,a28a1a10-d6ab-45f2-84f3-8ab4db7850b2,92dd11a8-2635-476b-a8d0-573cf74d4487,0eb40af8-ddd0-4d8e-85a5-d3b3bb1022e7,e22f62dc-f531-418c-a13d-10385b0f0c4f,2.2.0-engage,a45015ce-f7a6-44f6-b486-ccc38b649ec8,mild-anxiety,9,Mild anxiety,,Several days,More than half the days,More than half the days,Several days,Not at all,More than half the days,Several days,,2025-09-11 15:12:09.353692+00
Questionnaire/205,024acb92-a14d-49d1-86a4-093715bf5793,be5283ac-3fc4-41f0-9bd0-f7f04c2c440b,0eb40af8-ddd0-4d8e-85a5-d3b3bb1022e7,a28a1a10-d6ab-45f2-84f3-8ab4db7850b2,92dd11a8-2635-476b-a8d0-573cf74d4487,0eb40af8-ddd0-4d8e-85a5-d3b3bb1022e7,e22f62dc-f531-418c-a13d-10385b0f0c4f,2.2.0-engage,a740f428-f2d0-4682-bce9-7557df64d739,severe-anxiety,19,Severe anxiety,,Nearly every day,Nearly every day,Nearly every day,More than half the days,More than half the days,Nearly every day,Nearly every day,,2025-09-11 15:12:09.353692+00
Questionnaire/205,9b534915-4508-4002-a8ce-32a5fdcbf6f8,4d794c51-969e-4182-9567-5d3c604ecd1a,0eb40af8-ddd0-4d8e-85a5-d3b3bb1022e7,a28a1a10-d6ab-45f2-84f3-8ab4db7850b2,92dd11a8-2635-476b-a8d0-573cf74d4487,0eb40af8-ddd0-4d8e-85a5-d3b3bb1022e7,e22f62dc-f531-418c-a13d-10385b0f0c4f,2.2.0-engage,ab67b3b0-7d22-4a99-ac3d-7f04418fe136,moderate-anxiety,10,Moderate anxiety,,Several days,More than half the days,Several days,More than half the days,Several days,More than half the days,Several days,,2025-09-11 15:12:09.353692+00
Questionnaire/205,781f4bfa-f728-40c4-8c8a-d035e8e7dbd4,7bf8d34a-17ef-48ff-bf3b-8810c7fcb69b,0eb40af8-ddd0-4d8e-85a5-d3b3bb1022e7,a28a1a10-d6ab-45f2-84f3-8ab4db7850b2,92dd11a8-2635-476b-a8d0-573cf74d4487,0eb40af8-ddd0-4d8e-85a5-d3b3bb1022e7,e22f62dc-f531-418c-a13d-10385b0f0c4f,2.0.2-engage,b09fe669-bd5f-4373-982b-cee7cd09f440,moderate-anxiety,14,Moderate anxiety,,More than half the days,More than half the days,More than half the days,More than half the days,More than half the days,More than half the days,More than half the days,,2025-09-11 15:12:09.353692+00
Questionnaire/205,6f271d61-f141-4fc5-9088-ffa1c291f690,0afcf247-aa1b-4781-9145-79a1480dabaa,0eb40af8-ddd0-4d8e-85a5-d3b3bb1022e7,a28a1a10-d6ab-45f2-84f3-8ab4db7850b2,92dd11a8-2635-476b-a8d0-573cf74d4487,0eb40af8-ddd0-4d8e-85a5-d3b3bb1022e7,e22f62dc-f531-418c-a13d-10385b0f0c4f,2.0.0-engage,b0c9a1a9-93f2-4a89-bffa-34aee7b3a252,mild-anxiety,9,Mild anxiety,,Several days,,Nearly every day,Nearly every day,Several days,Several days,Not at all,,2025-09-11 15:12:09.353692+00
Questionnaire/205,f327ae5b-4c8a-4fe8-93dc-a66d9f75348d,26ee7b0b-4120-4d0c-956c-afa0b82312d3,0eb40af8-ddd0-4d8e-85a5-d3b3bb1022e7,a28a1a10-d6ab-45f2-84f3-8ab4db7850b2,92dd11a8-2635-476b-a8d0-573cf74d4487,0eb40af8-ddd0-4d8e-85a5-d3b3bb1022e7,e22f62dc-f531-418c-a13d-10385b0f0c4f,2.0.0-engage,b863b565-b6e5-4dfe-954c-55aa424df961,moderate-anxiety,12,Moderate anxiety,,Several days,,More than half the days,More than half the days,More than half the days,Nearly every day,More than half the days,,2025-09-11 15:12:09.353692+00
Questionnaire/205,f177e016-e1a9-4b9b-a516-969c5b98301e,8c72c087-83ca-44bd-8194-430f8dfc12a7,0eb40af8-ddd0-4d8e-85a5-d3b3bb1022e7,a28a1a10-d6ab-45f2-84f3-8ab4db7850b2,92dd11a8-2635-476b-a8d0-573cf74d4487,0eb40af8-ddd0-4d8e-85a5-d3b3bb1022e7,e22f62dc-f531-418c-a13d-10385b0f0c4f,2.0.0-engage,c84c6c82-9762-43d3-ac6d-af384b9ea50d,mild-anxiety,7,Mild anxiety,,Not at all,Nearly every day,Several days,More than half the days,Not at all,Not at all,Several days,,2025-09-11 15:12:09.353692+00
Questionnaire/205,d9502b4c-258a-4538-8250-074c1ff03e25,,0eb40af8-ddd0-4d8e-85a5-d3b3bb1022e7,Not defined,92dd11a8-2635-476b-a8d0-573cf74d4487,0eb40af8-ddd0-4d8e-85a5-d3b3bb1022e7,e22f62dc-f531-418c-a13d-10385b0f0c4f,Not defined,d0d97838-052e-4df3-a016-c0634bd97719,,0,Minimal anxiety,,,,,,,,,,2025-09-11 15:12:09.353692+00
Questionnaire/205,42c3163d-d1bb-46df-9894-2db06c8ef8a3,,0eb40af8-ddd0-4d8e-85a5-d3b3bb1022e7,Not defined,92dd11a8-2635-476b-a8d0-573cf74d4487,0eb40af8-ddd0-4d8e-85a5-d3b3bb1022e7,e22f62dc-f531-418c-a13d-10385b0f0c4f,Not defined,dee3a8b5-4655-4eed-8029-4ed2f03ee16d,severe-anxiety,16,Severe anxiety,,More than half the days,Nearly every day,More than half the days,Nearly every day,More than half the days,More than half the days,More than half the days,,2025-09-11 15:12:09.353692+00
Questionnaire/205,fffa753b-b871-430f-acdf-e16dd47ab2bb,af0902a8-d321-49a0-a6a7-a0828f3fccd2,0eb40af8-ddd0-4d8e-85a5-d3b3bb1022e7,a28a1a10-d6ab-45f2-84f3-8ab4db7850b2,92dd11a8-2635-476b-a8d0-573cf74d4487,0eb40af8-ddd0-4d8e-85a5-d3b3bb1022e7,e22f62dc-f531-418c-a13d-10385b0f0c4f,2.1.2-engage,e4614bb6-6e14-467f-958d-1b5c7d6024ee,mild-anxiety,9,Mild anxiety,,Several days,Several days,Several days,More than half the days,Several days,Several days,More than half the days,,2025-09-11 15:12:09.353692+00
Questionnaire/205,f01aa0d5-7e65-4f61-a787-ab4dd2535fa6,,0eb40af8-ddd0-4d8e-85a5-d3b3bb1022e7,Not defined,92dd11a8-2635-476b-a8d0-573cf74d4487,0eb40af8-ddd0-4d8e-85a5-d3b3bb1022e7,e22f62dc-f531-418c-a13d-10385b0f0c4f,Not defined,ee6fd8b7-493c-4379-9725-d6e4c40967ff,severe-anxiety,15,Severe anxiety,,More than half the days,Several days,Nearly every day,More than half the days,Nearly every day,Nearly every day,Several days,,2025-09-11 15:12:09.353692+00
Questionnaire/205,40c53fb6-6301-4da8-888f-0242ddd567d6,4a6fde46-b2ed-47df-a5dd-14497027dd88,0eb40af8-ddd0-4d8e-85a5-d3b3bb1022e7,a28a1a10-d6ab-45f2-84f3-8ab4db7850b2,92dd11a8-2635-476b-a8d0-573cf74d4487,0eb40af8-ddd0-4d8e-85a5-d3b3bb1022e7,e22f62dc-f531-418c-a13d-10385b0f0c4f,2.1.2-engage,f21d17c0-8cef-4a04-bbda-0c8804620fb0,mild-anxiety,7,Mild anxiety,,Several days,Several days,Several days,Several days,Several days,Several days,Several days,,2025-09-11 15:12:09.353692+00
Questionnaire/205,43068428-78ef-4434-b1d8-c8c6c2da1cfb,f3535670-56bd-4636-ba49-697d22a69735,0eb40af8-ddd0-4d8e-85a5-d3b3bb1022e7,a28a1a10-d6ab-45f2-84f3-8ab4db7850b2,92dd11a8-2635-476b-a8d0-573cf74d4487,0eb40af8-ddd0-4d8e-85a5-d3b3bb1022e7,e22f62dc-f531-418c-a13d-10385b0f0c4f,2.0.1-engage,f5a806dc-4bc4-4dee-8f66-7a8c1d5065f6,moderate-anxiety,11,Moderate anxiety,,More than half the days,More than half the days,More than half the days,More than half the days,Several days,Several days,Several days,,2025-09-11 15:12:09.353692+00
Questionnaire/205,8f6c3016-6d99-43e0-bc6d-a4be5727ba1d,4ccdeb55-35e6-40e1-85af-91d7d056dfe9,0eb40af8-ddd0-4d8e-85a5-d3b3bb1022e7,a28a1a10-d6ab-45f2-84f3-8ab4db7850b2,92dd11a8-2635-476b-a8d0-573cf74d4487,0eb40af8-ddd0-4d8e-85a5-d3b3bb1022e7,e22f62dc-f531-418c-a13d-10385b0f0c4f,2.2.0-engage,f5fa27ae-81c1-4c6a-947d-26efb5e486b5,severe-anxiety,15,Severe anxiety,,Nearly every day,Nearly every day,More than half the days,More than half the days,More than half the days,More than half the days,Several days,,2025-09-11 15:12:09.353692+00
Questionnaire/205,5ee2402d-024a-4cd3-9d2c-42124a638a7e,789f630d-5f86-41b9-8a5c-3cb9b0adacbc,0eb40af8-ddd0-4d8e-85a5-d3b3bb1022e7,a28a1a10-d6ab-45f2-84f3-8ab4db7850b2,92dd11a8-2635-476b-a8d0-573cf74d4487,0eb40af8-ddd0-4d8e-85a5-d3b3bb1022e7,e22f62dc-f531-418c-a13d-10385b0f0c4f,2.2.0-engage,fb2facbf-a34c-48e5-99c1-a6a047936ae3,moderate-anxiety,11,Moderate anxiety,,More than half the days,More than half the days,Several days,More than half the days,Several days,More than half the days,Several days,,2025-09-11 15:12:09.353692+00
