questionnaire_id,subject_patient_id,encounter_id,author_practitioner_id,practitioner_location_id,practitioner_organization_id,practitioner_id,practitioner_careteam_id,application_version,qr_id,add_family_member,add_family_member_2,add_family_member_3,add_family_member_4,anonymized_at
Questionnaire/23451,caa6081c-0389-422a-bc4d-8824537aa76b,,0eb40af8-ddd0-4d8e-85a5-d3b3bb1022e7,Not defined,92dd11a8-2635-476b-a8d0-573cf74d4487,0eb40af8-ddd0-4d8e-85a5-d3b3bb1022e7,d66f38ae-e5e7-4456-ae85-331284676dc6,Not defined,34e26b6b-687e-4771-b0e5-9f9fdeac7c4e,26,1,26,1998-07-02,2025-09-11 15:14:42.313387+00
Questionnaire/23451,32787714-1df0-48dd-8df8-e1a5abf2a075,,0eb40af8-ddd0-4d8e-85a5-d3b3bb1022e7,Not defined,92dd11a8-2635-476b-a8d0-573cf74d4487,0eb40af8-ddd0-4d8e-85a5-d3b3bb1022e7,d66f38ae-e5e7-4456-ae85-331284676dc6,Not defined,3565fae0-f484-4745-9a28-6e5c18db8529,,,,,2025-09-11 15:14:42.313387+00
Questionnaire/23451,024c6987-29bd-4208-bf13-814e8a387709,,0eb40af8-ddd0-4d8e-85a5-d3b3bb1022e7,Not defined,92dd11a8-2635-476b-a8d0-573cf74d4487,0eb40af8-ddd0-4d8e-85a5-d3b3bb1022e7,d66f38ae-e5e7-4456-ae85-331284676dc6,Not defined,69ea9e7b-e5eb-4b41-8e4c-229547813655,26,1,26,1998-07-02,2025-09-11 15:14:42.313387+00
Questionnaire/23451,e3417ced-8d7e-4e00-b267-db8b5f808e7a,,0eb40af8-ddd0-4d8e-85a5-d3b3bb1022e7,Not defined,92dd11a8-2635-476b-a8d0-573cf74d4487,0eb40af8-ddd0-4d8e-85a5-d3b3bb1022e7,d66f38ae-e5e7-4456-ae85-331284676dc6,Not defined,9505b16c-38ef-4abd-8f7a-5619775bcd44,,,,,2025-09-11 15:14:42.313387+00
Questionnaire/23451,999aa104-eb57-4875-80a2-70d40a2f1b4f,,0eb40af8-ddd0-4d8e-85a5-d3b3bb1022e7,Not defined,92dd11a8-2635-476b-a8d0-573cf74d4487,0eb40af8-ddd0-4d8e-85a5-d3b3bb1022e7,d66f38ae-e5e7-4456-ae85-331284676dc6,Not defined,a1aa86a2-2fbd-4e7e-b694-3b03e87ca977,26,1,26,1998-07-02,2025-09-11 15:14:42.313387+00
