questionnaire_id,subject_patient_id,encounter_id,author_practitioner_id,practitioner_location_id,practitioner_organization_id,practitioner_id,practitioner_careteam_id,application_version,qr_id,gad_place_declare_values,gad_place_declare_values_2,gad_place_declare_values_3,feeling_nervous,gad_gad_ipc_session,excessive_worry,trouble_relaxing,restlessness,irritability,feeling_afraid,anonymized_at
Questionnaire/62,ec421eed-1c76-49e7-9ce0-ed133e6f6379,834c544a-9209-41a3-ae2c-0c2393b6a70f,0eb40af8-ddd0-4d8e-85a5-d3b3bb1022e7,a28a1a10-d6ab-45f2-84f3-8ab4db7850b2,92dd11a8-2635-476b-a8d0-573cf74d4487,0eb40af8-ddd0-4d8e-85a5-d3b3bb1022e7,e22f62dc-f531-418c-a13d-10385b0f0c4f,2.0.0-engage,007824d6-7887-4552-a8e7-3ef49f073242,severe-anxiety,17,Severe anxiety,Several days,More than half the days,More than half the days,Nearly every day,Nearly every day,Nearly every day,Nearly every day,2025-09-11 15:14:42.313387+00
Questionnaire/62,ea1c21de-c6e4-400e-a549-49aaddddf3fe,e7f9013d-a31e-43df-85b7-d0f69f3ecf2b,0eb40af8-ddd0-4d8e-85a5-d3b3bb1022e7,a28a1a10-d6ab-45f2-84f3-8ab4db7850b2,92dd11a8-2635-476b-a8d0-573cf74d4487,0eb40af8-ddd0-4d8e-85a5-d3b3bb1022e7,e22f62dc-f531-418c-a13d-10385b0f0c4f,2.0.0-engage,016d876a-c6a0-489a-944d-f01ebb6e5fee,severe-anxiety,17,Severe anxiety,More than half the days,Nearly every day,More than half the days,Nearly every day,More than half the days,Nearly every day,More than half the days,2025-09-11 15:14:42.313387+00
Questionnaire/62,bd41c189-6b9e-4544-bb9d-e8cfe0a2d76b,c74c4a8b-d828-4fed-8936-d3899db0b045,0eb40af8-ddd0-4d8e-85a5-d3b3bb1022e7,a28a1a10-d6ab-45f2-84f3-8ab4db7850b2,92dd11a8-2635-476b-a8d0-573cf74d4487,0eb40af8-ddd0-4d8e-85a5-d3b3bb1022e7,e22f62dc-f531-418c-a13d-10385b0f0c4f,2.2.0-engage,01e702d0-6930-4b16-9fee-9b65ef843d22,minimal-anxiety,3,Minimal anxiety,Not at all,Several days,Not at all,Several days,Not at all,Several days,Not at all,2025-09-11 15:14:42.313387+00
Questionnaire/62,781f4bfa-f728-40c4-8c8a-d035e8e7dbd4,c5c6b0dc-bb6a-47cc-94ee-368c23d4a35d,0eb40af8-ddd0-4d8e-85a5-d3b3bb1022e7,a28a1a10-d6ab-45f2-84f3-8ab4db7850b2,92dd11a8-2635-476b-a8d0-573cf74d4487,0eb40af8-ddd0-4d8e-85a5-d3b3bb1022e7,e22f62dc-f531-418c-a13d-10385b0f0c4f,2.0.2-engage,168321cb-326b-4550-b058-318cc86d9a00,mild-anxiety,5,Mild anxiety,Several days,Several days,More than half the days,Several days,Not at all,Not at all,Not at all,2025-09-11 15:14:42.313387+00
Questionnaire/62,a9aaadf4-b3ae-48f0-8ce1-513ffe2dea5f,8885d0d5-2fb3-444c-98ac-46c3cc1093e2,5859d5f3-d37b-4a28-a68f-5ce1aaac611f,7a2bad81-130f-4785-8438-af7aac92fedf,602ec278-054a-473e-a553-957bd5ac8c6f,5859d5f3-d37b-4a28-a68f-5ce1aaac611f,83586171-9bac-426a-aae5-798bf548e15e,2.0.2-engage,1d99a198-c4ce-493f-afc9-5d3ef73b0505,severe-anxiety,17,Severe anxiety,Nearly every day,More than half the days,Nearly every day,More than half the days,Nearly every day,More than half the days,More than half the days,2025-09-11 15:14:42.313387+00
Questionnaire/62,1ad2aaab-ce46-41c4-81d0-f1b9d415d4ca,,0eb40af8-ddd0-4d8e-85a5-d3b3bb1022e7,Not defined,92dd11a8-2635-476b-a8d0-573cf74d4487,0eb40af8-ddd0-4d8e-85a5-d3b3bb1022e7,e22f62dc-f531-418c-a13d-10385b0f0c4f,Not defined,774ed37d-6018-4a5f-a351-c6b70194125c,moderate-anxiety,12,Moderate anxiety,Several days,More than half the days,Not at all,Several days,More than half the days,Nearly every day,Nearly every day,2025-09-11 15:14:42.313387+00
Questionnaire/62,540ac6fb-e91a-4b21-b6b6-5a5a6f11d900,,0eb40af8-ddd0-4d8e-85a5-d3b3bb1022e7,Not defined,92dd11a8-2635-476b-a8d0-573cf74d4487,0eb40af8-ddd0-4d8e-85a5-d3b3bb1022e7,d66f38ae-e5e7-4456-ae85-331284676dc6,Not defined,84f3f488-9eae-4f22-85f4-04aa18f67320,,11,Moderate anxiety,Several days,More than half the days,Several days,Nearly every day,Several days,More than half the days,Several days,2025-09-11 15:14:42.313387+00
Questionnaire/62,d9502b4c-258a-4538-8250-074c1ff03e25,,0eb40af8-ddd0-4d8e-85a5-d3b3bb1022e7,Not defined,92dd11a8-2635-476b-a8d0-573cf74d4487,0eb40af8-ddd0-4d8e-85a5-d3b3bb1022e7,e22f62dc-f531-418c-a13d-10385b0f0c4f,Not defined,869f9eae-d15b-45b4-9076-9dc9c840e4fa,,0,Minimal anxiety,,,,,,,,2025-09-11 15:14:42.313387+00
Questionnaire/62,f177e016-e1a9-4b9b-a516-969c5b98301e,5d16088b-d5c4-46ea-9e8b-008ce1f10103,0eb40af8-ddd0-4d8e-85a5-d3b3bb1022e7,a28a1a10-d6ab-45f2-84f3-8ab4db7850b2,92dd11a8-2635-476b-a8d0-573cf74d4487,0eb40af8-ddd0-4d8e-85a5-d3b3bb1022e7,e22f62dc-f531-418c-a13d-10385b0f0c4f,2.0.0-engage,8943ecb1-dc9d-4882-bf60-38ec34198105,minimal-anxiety,3,Minimal anxiety,More than half the days,Not at all,Several days,Not at all,Not at all,Not at all,Not at all,2025-09-11 15:14:42.313387+00
Questionnaire/62,f327ae5b-4c8a-4fe8-93dc-a66d9f75348d,31f1c3f4-de2b-4494-8a15-9b0634611d86,0eb40af8-ddd0-4d8e-85a5-d3b3bb1022e7,a28a1a10-d6ab-45f2-84f3-8ab4db7850b2,92dd11a8-2635-476b-a8d0-573cf74d4487,0eb40af8-ddd0-4d8e-85a5-d3b3bb1022e7,e22f62dc-f531-418c-a13d-10385b0f0c4f,2.0.0-engage,8b1e5f5a-0a7e-43da-b4e1-60110b99ec08,moderate-anxiety,12,Moderate anxiety,Nearly every day,More than half the days,Several days,Not at all,Several days,More than half the days,Nearly every day,2025-09-11 15:14:42.313387+00
Questionnaire/62,77679304-1eda-4ad7-a218-2ef2aadcf83f,92fada3f-7ce4-4858-b3ad-ff980cf3fe13,0eb40af8-ddd0-4d8e-85a5-d3b3bb1022e7,a28a1a10-d6ab-45f2-84f3-8ab4db7850b2,92dd11a8-2635-476b-a8d0-573cf74d4487,0eb40af8-ddd0-4d8e-85a5-d3b3bb1022e7,e22f62dc-f531-418c-a13d-10385b0f0c4f,2.1.2-engage,9053a481-f70b-4062-a498-24c455965d74,minimal-anxiety,0,Minimal anxiety,Not at all,Not at all,Not at all,Not at all,Not at all,Not at all,Not at all,2025-09-11 15:14:42.313387+00
Questionnaire/62,87f0f749-f6b9-4225-8548-fe05417e8847,91612b32-861a-4a60-8109-94b02d640869,5859d5f3-d37b-4a28-a68f-5ce1aaac611f,7a2bad81-130f-4785-8438-af7aac92fedf,602ec278-054a-473e-a553-957bd5ac8c6f,5859d5f3-d37b-4a28-a68f-5ce1aaac611f,83586171-9bac-426a-aae5-798bf548e15e,2.0.2-engage,98205fa1-4efb-4cd2-b007-86f8ee0afab9,severe-anxiety,18,Severe anxiety,Nearly every day,More than half the days,More than half the days,Nearly every day,Nearly every day,Nearly every day,More than half the days,2025-09-11 15:14:42.313387+00
Questionnaire/62,9b4f31f2-b327-47c9-91c6-56082f924410,39bc29b4-7f22-4b28-8032-cfd15bf80e83,0eb40af8-ddd0-4d8e-85a5-d3b3bb1022e7,a28a1a10-d6ab-45f2-84f3-8ab4db7850b2,92dd11a8-2635-476b-a8d0-573cf74d4487,0eb40af8-ddd0-4d8e-85a5-d3b3bb1022e7,e22f62dc-f531-418c-a13d-10385b0f0c4f,2.2.0-engage,a4d38d8e-57e5-4e8b-9ca2-2dc13a8e3853,mild-anxiety,5,Mild anxiety,Several days,Several days,Several days,Several days,Not at all,Several days,Not at all,2025-09-11 15:14:42.313387+00
Questionnaire/62,04edab19-6899-4eb6-8486-34a8e0509963,4bbe275b-38aa-4755-8fb9-bfbe0ccf17ec,0eb40af8-ddd0-4d8e-85a5-d3b3bb1022e7,a28a1a10-d6ab-45f2-84f3-8ab4db7850b2,92dd11a8-2635-476b-a8d0-573cf74d4487,0eb40af8-ddd0-4d8e-85a5-d3b3bb1022e7,e22f62dc-f531-418c-a13d-10385b0f0c4f,2.0.0-engage,a54fe48f-a769-4044-918b-3501eb2a430f,severe-anxiety,18,Severe anxiety,More than half the days,Nearly every day,Nearly every day,Nearly every day,Nearly every day,More than half the days,More than half the days,2025-09-11 15:14:42.313387+00
Questionnaire/62,8c460a02-5598-4503-9b13-fb4c53ae22c1,,0eb40af8-ddd0-4d8e-85a5-d3b3bb1022e7,Not defined,92dd11a8-2635-476b-a8d0-573cf74d4487,0eb40af8-ddd0-4d8e-85a5-d3b3bb1022e7,e22f62dc-f531-418c-a13d-10385b0f0c4f,Not defined,a699a1b3-0a7f-45d3-aacb-9b94550b98d0,,0,Minimal anxiety,,,,,,,,2025-09-11 15:14:42.313387+00
Questionnaire/62,9e2b4a3b-701e-49b2-8257-904a6db0ae6d,0e49f148-23fd-4b3b-9a98-c5c7aa265d2c,0eb40af8-ddd0-4d8e-85a5-d3b3bb1022e7,a28a1a10-d6ab-45f2-84f3-8ab4db7850b2,92dd11a8-2635-476b-a8d0-573cf74d4487,0eb40af8-ddd0-4d8e-85a5-d3b3bb1022e7,e22f62dc-f531-418c-a13d-10385b0f0c4f,2.2.0-engage,a9bfe853-047c-4dba-bb3e-27c0af603ad7,moderate-anxiety,10,Moderate anxiety,Several days,More than half the days,Several days,More than half the days,Several days,More than half the days,Several days,2025-09-11 15:14:42.313387+00
Questionnaire/62,f79a9c7e-77f0-4af1-8319-67890aea6f91,6bbfc38c-d93d-4844-964f-6aa7e39ee2bd,5859d5f3-d37b-4a28-a68f-5ce1aaac611f,7a2bad81-130f-4785-8438-af7aac92fedf,602ec278-054a-473e-a553-957bd5ac8c6f,5859d5f3-d37b-4a28-a68f-5ce1aaac611f,83586171-9bac-426a-aae5-798bf548e15e,2.0.2-engage,aa73c47b-8cae-410e-a653-a0cefb0472ec,severe-anxiety,17,Severe anxiety,More than half the days,Nearly every day,Nearly every day,More than half the days,Nearly every day,More than half the days,More than half the days,2025-09-11 15:14:42.313387+00
Questionnaire/62,2366eacb-4422-4cc7-931c-e05e6ea2d139,2c2623d8-f918-4f5c-a265-9f147ad11788,0eb40af8-ddd0-4d8e-85a5-d3b3bb1022e7,a28a1a10-d6ab-45f2-84f3-8ab4db7850b2,92dd11a8-2635-476b-a8d0-573cf74d4487,0eb40af8-ddd0-4d8e-85a5-d3b3bb1022e7,e22f62dc-f531-418c-a13d-10385b0f0c4f,2.1.2-engage,ae2ef6a1-297f-4917-b9f6-ca781912dcfe,minimal-anxiety,3,Minimal anxiety,Not at all,Several days,Several days,Several days,Not at all,Not at all,Not at all,2025-09-11 15:14:42.313387+00
Questionnaire/62,5ee2402d-024a-4cd3-9d2c-42124a638a7e,2a007701-d2b3-412e-ae61-8e0490226cfa,0eb40af8-ddd0-4d8e-85a5-d3b3bb1022e7,a28a1a10-d6ab-45f2-84f3-8ab4db7850b2,92dd11a8-2635-476b-a8d0-573cf74d4487,0eb40af8-ddd0-4d8e-85a5-d3b3bb1022e7,e22f62dc-f531-418c-a13d-10385b0f0c4f,2.2.0-engage,bac3ce9d-61b3-46b7-be79-6c2f3ab17850,minimal-anxiety,4,Minimal anxiety,Not at all,Several days,Several days,Not at all,Several days,Not at all,Several days,2025-09-11 15:14:42.313387+00
Questionnaire/62,5f896878-1169-4ea7-b479-835b28679f17,6540867a-ab17-4928-a7aa-b6b524c194c2,0eb40af8-ddd0-4d8e-85a5-d3b3bb1022e7,a28a1a10-d6ab-45f2-84f3-8ab4db7850b2,92dd11a8-2635-476b-a8d0-573cf74d4487,0eb40af8-ddd0-4d8e-85a5-d3b3bb1022e7,e22f62dc-f531-418c-a13d-10385b0f0c4f,2.0.0-engage,c04f627d-c297-42c5-b641-4484c55f0960,moderate-anxiety,14,Moderate anxiety,Several days,More than half the days,Nearly every day,More than half the days,Several days,More than half the days,Nearly every day,2025-09-11 15:14:42.313387+00
Questionnaire/62,71a7b06d-86a6-4aa6-8bd1-52c8943583da,447fa38b-1323-41de-9b5d-57035f2a0fa2,0eb40af8-ddd0-4d8e-85a5-d3b3bb1022e7,a28a1a10-d6ab-45f2-84f3-8ab4db7850b2,92dd11a8-2635-476b-a8d0-573cf74d4487,0eb40af8-ddd0-4d8e-85a5-d3b3bb1022e7,e22f62dc-f531-418c-a13d-10385b0f0c4f,2.1.2-engage,c137b61f-2e96-4af6-b45b-ccd4c1d617d4,minimal-anxiety,0,Minimal anxiety,Not at all,Not at all,Not at all,Not at all,Not at all,Not at all,Not at all,2025-09-11 15:14:42.313387+00
Questionnaire/62,f01aa0d5-7e65-4f61-a787-ab4dd2535fa6,,0eb40af8-ddd0-4d8e-85a5-d3b3bb1022e7,Not defined,92dd11a8-2635-476b-a8d0-573cf74d4487,0eb40af8-ddd0-4d8e-85a5-d3b3bb1022e7,e22f62dc-f531-418c-a13d-10385b0f0c4f,Not defined,c79ffab0-8fa5-44a9-a91e-cadb2f7d89cf,moderate-anxiety,12,Moderate anxiety,Several days,Not at all,Nearly every day,More than half the days,Several days,Nearly every day,More than half the days,2025-09-11 15:14:42.313387+00
Questionnaire/62,fffa753b-b871-430f-acdf-e16dd47ab2bb,c85c8c55-a052-42d4-978f-785a1ab59c84,0eb40af8-ddd0-4d8e-85a5-d3b3bb1022e7,a28a1a10-d6ab-45f2-84f3-8ab4db7850b2,92dd11a8-2635-476b-a8d0-573cf74d4487,0eb40af8-ddd0-4d8e-85a5-d3b3bb1022e7,e22f62dc-f531-418c-a13d-10385b0f0c4f,2.1.2-engage,cded0c6f-ec85-4f7d-bbeb-75cc66cb959d,minimal-anxiety,2,Minimal anxiety,Not at all,Not at all,Not at all,Several days,Not at all,Not at all,Several days,2025-09-11 15:14:42.313387+00
Questionnaire/62,f05564a1-4de7-4680-a17d-5ba329329f6c,55d51697-9118-45ce-8ded-043448600942,0eb40af8-ddd0-4d8e-85a5-d3b3bb1022e7,a28a1a10-d6ab-45f2-84f3-8ab4db7850b2,92dd11a8-2635-476b-a8d0-573cf74d4487,0eb40af8-ddd0-4d8e-85a5-d3b3bb1022e7,e22f62dc-f531-418c-a13d-10385b0f0c4f,2.2.0-engage,df4537b6-dd66-49bc-a9c1-ce87da86de26,mild-anxiety,5,Mild anxiety,Several days,More than half the days,Several days,Several days,Not at all,Not at all,Not at all,2025-09-11 15:14:42.313387+00
Questionnaire/62,162f2b99-9110-45a1-bb7a-2cac76d288f4,88683aad-1ab4-4366-a344-c6ba08e6a972,0eb40af8-ddd0-4d8e-85a5-d3b3bb1022e7,a28a1a10-d6ab-45f2-84f3-8ab4db7850b2,92dd11a8-2635-476b-a8d0-573cf74d4487,0eb40af8-ddd0-4d8e-85a5-d3b3bb1022e7,e22f62dc-f531-418c-a13d-10385b0f0c4f,2.0.2-engage,dfc16590-00a5-4405-b0ff-4d61c9b1eb65,minimal-anxiety,0,Minimal anxiety,Not at all,Not at all,Not at all,Not at all,Not at all,Not at all,Not at all,2025-09-11 15:14:42.313387+00
Questionnaire/62,c9adb1a9-83aa-454e-a005-b436b6d6ff58,,0eb40af8-ddd0-4d8e-85a5-d3b3bb1022e7,Not defined,92dd11a8-2635-476b-a8d0-573cf74d4487,0eb40af8-ddd0-4d8e-85a5-d3b3bb1022e7,e22f62dc-f531-418c-a13d-10385b0f0c4f,Not defined,e0224bf8-3a7a-45bc-8fee-20d7132d631c,moderate-anxiety,14,Moderate anxiety,More than half the days,More than half the days,More than half the days,More than half the days,More than half the days,More than half the days,More than half the days,2025-09-11 15:14:42.313387+00
Questionnaire/62,490964c9-24d6-4c9d-acab-71b2e6d35fe6,206dcbd5-5900-4810-b2ad-a32cfca7fa0d,0eb40af8-ddd0-4d8e-85a5-d3b3bb1022e7,a28a1a10-d6ab-45f2-84f3-8ab4db7850b2,ee1b8cf2-2f4a-447c-bbb5-d63c674aff01,0eb40af8-ddd0-4d8e-85a5-d3b3bb1022e7,e22f62dc-f531-418c-a13d-10385b0f0c4f,2.2.0-engage,e87f4a25-d030-436e-9c78-e30101651539,mild-anxiety,9,Mild anxiety,Nearly every day,Nearly every day,Nearly every day,,,,,2025-09-11 15:14:42.313387+00
Questionnaire/62,d9502b4c-258a-4538-8250-074c1ff03e25,,0eb40af8-ddd0-4d8e-85a5-d3b3bb1022e7,Not defined,92dd11a8-2635-476b-a8d0-573cf74d4487,0eb40af8-ddd0-4d8e-85a5-d3b3bb1022e7,e22f62dc-f531-418c-a13d-10385b0f0c4f,Not defined,f04b11b9-2a01-4a0d-9833-7b3c6b1c9486,,0,Minimal anxiety,,,,,,,,2025-09-11 15:14:42.313387+00
Questionnaire/62,024acb92-a14d-49d1-86a4-093715bf5793,e8a49cac-bdc5-4a47-a4f8-e79364cd1edf,0eb40af8-ddd0-4d8e-85a5-d3b3bb1022e7,a28a1a10-d6ab-45f2-84f3-8ab4db7850b2,92dd11a8-2635-476b-a8d0-573cf74d4487,0eb40af8-ddd0-4d8e-85a5-d3b3bb1022e7,e22f62dc-f531-418c-a13d-10385b0f0c4f,2.2.0-engage,f385b43c-ea28-433f-83b3-6a9b9f34c047,severe-anxiety,17,Severe anxiety,Nearly every day,Nearly every day,Nearly every day,More than half the days,More than half the days,More than half the days,More than half the days,2025-09-11 15:14:42.313387+00
