id,status,participant_type,participant_id,_airbyte_emitted_at
02564c94-d5c0-4356-b697-ebc48a3e0412,active,Practitioner,3a0ba2f1-3c0e-4a43-baa0-896950a392a6,2025-08-28 07:25:18.006+00
02564c94-d5c0-4356-b697-ebc48a3e0412,active,Organization,d49549fa-5068-4a6e-81fc-eb6c315d2d53,2025-08-28 07:25:18.006+00
02564c94-d5c0-4356-b697-ebc48a3e0412,active,Practitioner,8ecda3b5-f741-4752-ba5e-0f93006aa100,2025-08-28 07:25:18.006+00
2acfebb8-cb90-45bb-965e-1897c2274d1f,active,Organization,60a2706c-ff10-4966-8fc0-54b217490646,2025-08-28 07:25:18.007+00
2acfebb8-cb90-45bb-965e-1897c2274d1f,active,Practitioner,ad5d559b-cdd0-48f5-a6fe-1f6af5ffd453,2025-08-28 07:25:18.007+00
2acfebb8-cb90-45bb-965e-1897c2274d1f,active,Practitioner,37a1d4b6-a3c4-49ce-8b74-218e12e05240,2025-08-28 07:25:18.007+00
2acfebb8-cb90-45bb-965e-1897c2274d1f,active,Practitioner,ad77853d-ac6a-42cd-bc9c-c47cc4659360,2025-08-28 07:25:18.007+00
2acfebb8-cb90-45bb-965e-1897c2274d1f,active,Practitioner,74d8b8ea-c9b3-4690-8bd5-2aa745d5a283,2025-08-28 07:25:18.007+00
2acfebb8-cb90-45bb-965e-1897c2274d1f,active,Practitioner,ac2be0d3-3bf0-4172-a022-4e76d116eadf,2025-08-28 07:25:18.007+00
2acfebb8-cb90-45bb-965e-1897c2274d1f,active,Practitioner,e435aa05-529c-4cb9-af53-ea53341de349,2025-08-28 07:25:18.007+00
2acfebb8-cb90-45bb-965e-1897c2274d1f,active,Practitioner,bb7404df-e6c9-423d-ad1c-5b7aebab080d,2025-08-28 07:25:18.007+00
2acfebb8-cb90-45bb-965e-1897c2274d1f,active,Practitioner,e1220947-00e9-4d4d-8a2e-926f86f33e9a,2025-08-28 07:25:18.007+00
2acfebb8-cb90-45bb-965e-1897c2274d1f,active,Practitioner,77dcb3f9-0442-43ee-a367-4827bcb7da43,2025-08-28 07:25:18.007+00
2acfebb8-cb90-45bb-965e-1897c2274d1f,active,Practitioner,7146b21a-154f-4107-baf4-eb997ae71409,2025-08-28 07:25:18.007+00
2acfebb8-cb90-45bb-965e-1897c2274d1f,active,Practitioner,029b25f4-54ce-4edd-8794-004ac81bfc07,2025-08-28 07:25:18.007+00
2acfebb8-cb90-45bb-965e-1897c2274d1f,active,Practitioner,5f35325f-4c33-40fb-912a-739cf76be0ae,2025-08-28 07:25:18.007+00
2acfebb8-cb90-45bb-965e-1897c2274d1f,active,Practitioner,47289500-43ff-4a39-8bd6-8d4068519a05,2025-08-28 07:25:18.007+00
2acfebb8-cb90-45bb-965e-1897c2274d1f,active,Practitioner,fbfccae7-4cdf-443d-b144-e1b2e3c94e9d,2025-08-28 07:25:18.007+00
2acfebb8-cb90-45bb-965e-1897c2274d1f,active,Practitioner,da546c38-dc3e-4841-b4db-c0899c3f1389,2025-08-28 07:25:18.007+00
2acfebb8-cb90-45bb-965e-1897c2274d1f,active,Practitioner,7ea89035-db3b-43e5-af4d-41c948916816,2025-08-28 07:25:18.007+00
2acfebb8-cb90-45bb-965e-1897c2274d1f,active,Practitioner,eee53875-4df8-4a7c-aa80-3e9073ddd092,2025-08-28 07:25:18.007+00
2acfebb8-cb90-45bb-965e-1897c2274d1f,active,Practitioner,9148e9de-b1ab-4240-a93f-358a14c36dc2,2025-08-28 07:25:18.007+00
2acfebb8-cb90-45bb-965e-1897c2274d1f,active,Practitioner,d7070c31-237e-43ee-bf5a-a87c09ed8053,2025-08-28 07:25:18.007+00
2acfebb8-cb90-45bb-965e-1897c2274d1f,active,Practitioner,31c01042-1a9b-4754-a1d0-c515f9309b93,2025-08-28 07:25:18.007+00
2acfebb8-cb90-45bb-965e-1897c2274d1f,active,Practitioner,f00e5595-57e6-4f20-8161-9d1a4e792ea4,2025-08-28 07:25:18.007+00
2acfebb8-cb90-45bb-965e-1897c2274d1f,active,Practitioner,3d0447af-93bd-4c6c-a3a0-2e111149f2eb,2025-08-28 07:25:18.007+00
2acfebb8-cb90-45bb-965e-1897c2274d1f,active,Practitioner,60926992-2db6-44e2-aee0-de4726a4a104,2025-08-28 07:25:18.007+00
2acfebb8-cb90-45bb-965e-1897c2274d1f,active,Practitioner,13665957-56c9-4948-be77-9abf3c0d9647,2025-08-28 07:25:18.007+00
2acfebb8-cb90-45bb-965e-1897c2274d1f,active,Practitioner,586db0fa-134d-4066-810e-52e8958a425d,2025-08-28 07:25:18.007+00
2acfebb8-cb90-45bb-965e-1897c2274d1f,active,Practitioner,cde5159c-ff98-452c-bd0a-c8153e9dd779,2025-08-28 07:25:18.007+00
2acfebb8-cb90-45bb-965e-1897c2274d1f,active,Practitioner,3530ad0b-1bb8-44df-9914-5add3defd92e,2025-08-28 07:25:18.007+00
2acfebb8-cb90-45bb-965e-1897c2274d1f,active,Practitioner,2dfae68d-d9b2-4da4-9c66-a1ccfce5254a,2025-08-28 07:25:18.007+00
2acfebb8-cb90-45bb-965e-1897c2274d1f,active,Practitioner,8849f373-2ce3-40c7-9175-2095e4139d5e,2025-08-28 07:25:18.007+00
2acfebb8-cb90-45bb-965e-1897c2274d1f,active,Practitioner,326a1d19-2829-4986-932d-dac0eb97cb1b,2025-08-28 07:25:18.007+00
2acfebb8-cb90-45bb-965e-1897c2274d1f,active,Practitioner,26c0a862-2091-4eb2-9d8b-b7a405c2f071,2025-08-28 07:25:18.007+00
2acfebb8-cb90-45bb-965e-1897c2274d1f,active,Practitioner,1525fa16-7379-4f04-bf55-8a04267fa00b,2025-08-28 07:25:18.007+00
2acfebb8-cb90-45bb-965e-1897c2274d1f,active,Practitioner,8dd7fb08-d5f7-4643-aa4f-dac2aff934d0,2025-08-28 07:25:18.007+00
2acfebb8-cb90-45bb-965e-1897c2274d1f,active,Practitioner,4e0d8cdf-24c8-4e74-bb64-b552ff36f32d,2025-08-28 07:25:18.007+00
2acfebb8-cb90-45bb-965e-1897c2274d1f,active,Practitioner,55793e91-ae21-4940-a842-00e1b32c5951,2025-08-28 07:25:18.007+00
2acfebb8-cb90-45bb-965e-1897c2274d1f,active,Practitioner,a8591086-7e90-4ea4-b8d6-f25f1cb65551,2025-08-28 07:25:18.007+00
2acfebb8-cb90-45bb-965e-1897c2274d1f,active,Practitioner,db2911d0-9097-4210-9be2-31aefdca7496,2025-08-28 07:25:18.007+00
2acfebb8-cb90-45bb-965e-1897c2274d1f,active,Practitioner,a8879006-cdde-437f-b746-7d6d9c7c3df6,2025-08-28 07:25:18.007+00
2acfebb8-cb90-45bb-965e-1897c2274d1f,active,Practitioner,bf7420fa-d6cc-4273-a7cc-7e841e18677a,2025-08-28 07:25:18.007+00
2acfebb8-cb90-45bb-965e-1897c2274d1f,active,Practitioner,1bb94aaa-b699-4427-a626-3b728c037a86,2025-08-28 07:25:18.007+00
2acfebb8-cb90-45bb-965e-1897c2274d1f,active,Practitioner,c77a2624-ffe4-4f48-a9f0-a0822df327ae,2025-08-28 07:25:18.007+00
2acfebb8-cb90-45bb-965e-1897c2274d1f,active,Practitioner,b52068ac-07cb-4ad8-9c8f-087e3e362788,2025-08-28 07:25:18.007+00
2acfebb8-cb90-45bb-965e-1897c2274d1f,active,Practitioner,89057319-91f6-4f70-9647-b12ba25f4138,2025-08-28 07:25:18.007+00
2acfebb8-cb90-45bb-965e-1897c2274d1f,active,Practitioner,9d39ad50-d599-44cd-9e38-2fc9aec5abe6,2025-08-28 07:25:18.007+00
2acfebb8-cb90-45bb-965e-1897c2274d1f,active,Practitioner,b03daec2-4c7f-4648-9f0f-5984b125ddd2,2025-08-28 07:25:18.007+00
2acfebb8-cb90-45bb-965e-1897c2274d1f,active,Practitioner,e8c80e30-178b-421a-add1-0ecb5f66c69b,2025-08-28 07:25:18.007+00
2acfebb8-cb90-45bb-965e-1897c2274d1f,active,Practitioner,231fc2f4-c381-4027-8508-c80a1b19a59b,2025-08-28 07:25:18.007+00
2acfebb8-cb90-45bb-965e-1897c2274d1f,active,Practitioner,34dc65ce-e049-4cdb-b136-8981eac11039,2025-08-28 07:25:18.007+00
2acfebb8-cb90-45bb-965e-1897c2274d1f,active,Practitioner,113e19aa-311d-472c-ad04-9517758f4b5c,2025-08-28 07:25:18.007+00
2acfebb8-cb90-45bb-965e-1897c2274d1f,active,Practitioner,88c7ab31-9ba4-4df7-973c-85e6520d4d09,2025-08-28 07:25:18.007+00
7a8fcd63-b181-4754-9e48-43908d76dde9,active,Practitioner,e0917472-fec9-4cc2-958a-057cad4792db,2025-08-28 07:25:18.005+00
7a8fcd63-b181-4754-9e48-43908d76dde9,active,Organization,8272bcf1-9145-4fb2-869d-eb1f4512a03d,2025-08-28 07:25:18.005+00
83586171-9bac-426a-aae5-798bf548e15e,active,Practitioner,be6524e7-02c8-4e55-a452-e14ccd7b333a,2025-08-28 07:25:18.006+00
83586171-9bac-426a-aae5-798bf548e15e,active,Practitioner,5859d5f3-d37b-4a28-a68f-5ce1aaac611f,2025-08-28 07:25:18.006+00
83586171-9bac-426a-aae5-798bf548e15e,active,Practitioner,6bc10010-6fe7-4729-9ab5-4be822a6ca90,2025-08-28 07:25:18.006+00
b666c653-e05c-4cdf-aebe-927eb39e389e,active,Practitioner,cc132a26-9a4c-4399-869a-59f09850c5f7,2025-08-28 07:25:18.005+00
b666c653-e05c-4cdf-aebe-927eb39e389e,active,Organization,7cde85c1-49ef-43c0-b684-de2ac4be6fae,2025-08-28 07:25:18.005+00
d66f38ae-e5e7-4456-ae85-331284676dc6,active,Organization,92dd11a8-2635-476b-a8d0-573cf74d4487,2025-08-28 07:25:18.003+00
d66f38ae-e5e7-4456-ae85-331284676dc6,active,Practitioner,57ccdebb-dcf2-4cc4-8f48-082cc8b1cfcc,2025-08-28 07:25:18.003+00
e22f62dc-f531-418c-a13d-10385b0f0c4f,active,Organization,ee1b8cf2-2f4a-447c-bbb5-d63c674aff01,2025-08-28 07:25:18.005+00
e22f62dc-f531-418c-a13d-10385b0f0c4f,active,Practitioner,0eb40af8-ddd0-4d8e-85a5-d3b3bb1022e7,2025-08-28 07:25:18.005+00
fe720b44-6516-4718-ac8d-bfa51419e441,active,Practitioner,613ef0b4-9976-46a0-9d88-24cc59b18375,2025-08-28 07:25:18.007+00
fe720b44-6516-4718-ac8d-bfa51419e441,active,Practitioner,220fded3-2cb6-4a98-aa23-627f40f3730a,2025-08-28 07:25:18.007+00
fe720b44-6516-4718-ac8d-bfa51419e441,active,Organization,18a60438-8d16-4d8e-96d5-ecd42ccbcb8d,2025-08-28 07:25:18.007+00
c6f257d5-1932-4040-aa2a-24921a44251f,active,Practitioner,9c38f170-0e63-4e52-9fac-790c1af43cec,2025-09-05 16:22:35.479+00
c6f257d5-1932-4040-aa2a-24921a44251f,active,Organization,96650c26-5273-4b91-a19e-65aa25db7f73,2025-09-05 16:22:35.479+00
