questionnaire_id,subject_patient_id,encounter_id,author_practitioner_id,practitioner_location_id,practitioner_organization_id,practitioner_id,practitioner_careteam_id,application_version,qr_id,place_declare_values,short_form_pcl,place_declare_values_3,short_form_pcl_4,place_declare_values_5,short_form_pcl_6,short_form_pcl_7,short_form_pcl_8,place_declare_values_9,problem_difficulty,place_declare_values_11,short_form_pcl_12,place_declare_values_13,short_form_pcl_14,short_form_pcl_15,psychomotor,suicidal_thoughts,feeling_nervous,gad_ipc_session,excessive_worry,trouble_relaxing,restlessness,irritability,feeling_afraid,little_interest,feeling_down,sleep_trouble,low_energy,appetite_problems,feeling_bad_self,concentration_trouble,patient_age,patient_dob,patient_name,show_pcl_questions,task_common_mental,anonymized_at
Questionnaire/q-common-mental-health-symptoms,e883c55e-bb50-4f0c-9e11-8bd5138160f8,,7146b21a-154f-4107-baf4-eb997ae71409,27e21b5d-c528-40d2-a44a-bc9e4fdbb703,60a2706c-ff10-4966-8fc0-54b217490646,7146b21a-154f-4107-baf4-eb997ae71409,2acfebb8-cb90-45bb-965e-1897c2274d1f,2.2.0-engage,10fc66d8-e5a7-4127-9342-676181c5a070,1,,Mild depression,A little bit,5,,Not at all,,Mild anxiety,,6,Not at all,This score suggests that you may not be experiencing challenges coping after a traumatic event,Not at all,,Not at all,Not at all,Several days,Not at all,Several days,Several days,Several days,Not at all,Several days,Several days,Several days,Several days,Several days,Several days,Several days,Not at all,REDACTED,REDACTED,REDACTED,,Task/7cbdb894-a46b-4b89-81dd-fba1d2700126,2025-09-11 15:01:34.585425+00
Questionnaire/q-common-mental-health-symptoms,e6dbbfcb-3ad8-47dd-b0a2-a45fcf06ef82,,0eb40af8-ddd0-4d8e-85a5-d3b3bb1022e7,a28a1a10-d6ab-45f2-84f3-8ab4db7850b2,92dd11a8-2635-476b-a8d0-573cf74d4487,0eb40af8-ddd0-4d8e-85a5-d3b3bb1022e7,e22f62dc-f531-418c-a13d-10385b0f0c4f,2.1.2-engage,117cb239-a578-43ec-b770-d326ec8d16a3,12,Moderately,Moderately severe depression,A little bit,13,Moderately,Moderately,A little bit,Moderate anxiety,,18,A little bit,This score suggests that you may be experiencing severe challenges coping after a traumatic event,Moderately,A little bit,More than half the days,More than half the days,More than half the days,More than half the days,More than half the days,More than half the days,More than half the days,More than half the days,Several days,More than half the days,More than half the days,More than half the days,More than half the days,More than half the days,More than half the days,More than half the days,REDACTED,REDACTED,REDACTED,,Task/85155c64-32a5-4c35-b8a4-ef9115faf638/_history/1,2025-09-11 15:01:34.585425+00
Questionnaire/q-common-mental-health-symptoms,af31d418-220c-4a88-8a80-8451c03d444b,,0eb40af8-ddd0-4d8e-85a5-d3b3bb1022e7,a28a1a10-d6ab-45f2-84f3-8ab4db7850b2,92dd11a8-2635-476b-a8d0-573cf74d4487,0eb40af8-ddd0-4d8e-85a5-d3b3bb1022e7,e22f62dc-f531-418c-a13d-10385b0f0c4f,2.1.2-engage,186f7f07-9775-45a2-b91d-ab410d43189d,15,,Moderately severe depression,Quite a bit,16,,Extremely,,Severe anxiety,Very difficult,19,Extremely,This score suggests that you may be experiencing severe challenges coping after a traumatic event,Extremely,,More than half the days,More than half the days,More than half the days,More than half the days,More than half the days,Nearly every day,More than half the days,Nearly every day,More than half the days,More than half the days,More than half the days,More than half the days,More than half the days,More than half the days,Nearly every day,More than half the days,REDACTED,REDACTED,REDACTED,,Task/ca126044-b584-4ad2-89b3-de9128900ce5,2025-09-11 15:01:34.585425+00
Questionnaire/q-common-mental-health-symptoms,41f6f2ff-bce4-44f6-8e46-bbcee3b0335e,,0eb40af8-ddd0-4d8e-85a5-d3b3bb1022e7,a28a1a10-d6ab-45f2-84f3-8ab4db7850b2,92dd11a8-2635-476b-a8d0-573cf74d4487,0eb40af8-ddd0-4d8e-85a5-d3b3bb1022e7,e22f62dc-f531-418c-a13d-10385b0f0c4f,2.1.2-engage,208294ca-2066-47c6-ba94-44a274bd882c,11,Not at all,Mild depression,A little bit,4,A little bit,A little bit,Moderately,Minimal anxiety,,5,Moderately,This score suggests that you may be experiencing severe challenges coping after a traumatic event,Moderately,Moderately,Not at all,Not at all,Several days,Several days,Several days,Not at all,Not at all,Several days,Not at all,Several days,Several days,Several days,Several days,Several days,Not at all,Not at all,REDACTED,REDACTED,REDACTED,,Task/a40f5ea0-d546-4d3b-88fe-1e521edcdfb8/_history/1,2025-09-11 15:01:34.585425+00
Questionnaire/q-common-mental-health-symptoms,12c97a8e-dd93-40ef-b674-09b0e8fff621,,0eb40af8-ddd0-4d8e-85a5-d3b3bb1022e7,a28a1a10-d6ab-45f2-84f3-8ab4db7850b2,92dd11a8-2635-476b-a8d0-573cf74d4487,0eb40af8-ddd0-4d8e-85a5-d3b3bb1022e7,e22f62dc-f531-418c-a13d-10385b0f0c4f,2.1.2-engage,324322b2-ad12-40aa-a40d-d05571f41bf7,19,Moderately,Moderate depression,A little bit,7,Quite a bit,Quite a bit,Moderately,Mild anxiety,,14,Quite a bit,This score suggests that you may be experiencing severe challenges coping after a traumatic event,Moderately,Quite a bit,Several days,Several days,Several days,Several days,Several days,Several days,Several days,Several days,Several days,More than half the days,More than half the days,More than half the days,More than half the days,More than half the days,Several days,Several days,REDACTED,REDACTED,REDACTED,,Task/631aff5d-66f2-47a6-bd85-d0219e64d4ff,2025-09-11 15:01:34.585425+00
Questionnaire/q-common-mental-health-symptoms,b16a5e06-ab96-4a18-9390-2ed8f7fa9167,,0eb40af8-ddd0-4d8e-85a5-d3b3bb1022e7,a28a1a10-d6ab-45f2-84f3-8ab4db7850b2,92dd11a8-2635-476b-a8d0-573cf74d4487,0eb40af8-ddd0-4d8e-85a5-d3b3bb1022e7,e22f62dc-f531-418c-a13d-10385b0f0c4f,2.2.0-engage,3908d83d-8dba-4d1e-ad75-5e580b40624d,2,,Mild depression,Not at all,10,,Not at all,,Moderate anxiety,,9,A little bit,This score suggests that you may not be experiencing challenges coping after a traumatic event,A little bit,,Not at all,Several days,Several days,More than half the days,Several days,More than half the days,Several days,More than half the days,Several days,Not at all,Not at all,More than half the days,Several days,More than half the days,Several days,More than half the days,REDACTED,REDACTED,REDACTED,,Task/2126b1a3-3e4b-4a70-b616-0b1ac344deeb/_history/1,2025-09-11 15:01:34.585425+00
Questionnaire/q-common-mental-health-symptoms,2807ccfe-40ee-4b3a-8e2e-641085e604de,,0eb40af8-ddd0-4d8e-85a5-d3b3bb1022e7,a28a1a10-d6ab-45f2-84f3-8ab4db7850b2,92dd11a8-2635-476b-a8d0-573cf74d4487,0eb40af8-ddd0-4d8e-85a5-d3b3bb1022e7,e22f62dc-f531-418c-a13d-10385b0f0c4f,2.1.2-engage,3fb7b37d-6c61-42cf-9e4f-9bc7ca478277,24,Quite a bit,Moderately severe depression,Quite a bit,14,Quite a bit,Quite a bit,Quite a bit,Moderate anxiety,,16,Quite a bit,This score suggests that you may be experiencing severe challenges coping after a traumatic event,Quite a bit,Quite a bit,More than half the days,More than half the days,More than half the days,More than half the days,More than half the days,More than half the days,More than half the days,More than half the days,More than half the days,Several days,More than half the days,More than half the days,More than half the days,Several days,More than half the days,More than half the days,REDACTED,REDACTED,REDACTED,,Task/e811ecca-0887-4ae2-9155-80daae10e870,2025-09-11 15:01:34.585425+00
Questionnaire/q-common-mental-health-symptoms,01e8d8d9-0ff7-4319-99e8-3d5c157f82f1,,0eb40af8-ddd0-4d8e-85a5-d3b3bb1022e7,a28a1a10-d6ab-45f2-84f3-8ab4db7850b2,92dd11a8-2635-476b-a8d0-573cf74d4487,0eb40af8-ddd0-4d8e-85a5-d3b3bb1022e7,e22f62dc-f531-418c-a13d-10385b0f0c4f,2.1.3-engage,4b0c2987-f4b8-4119-8089-a2cd493a6b8c,5,,Moderately severe depression,A little bit,12,,A little bit,,Moderate anxiety,Somewhat difficult,19,Moderately,This score suggests that you may be experiencing mild-moderate challenges coping after a traumatic event,A little bit,,More than half the days,Nearly every day,Nearly every day,More than half the days,Several days,More than half the days,Several days,More than half the days,Several days,More than half the days,Nearly every day,More than half the days,Nearly every day,Several days,More than half the days,Several days,REDACTED,REDACTED,REDACTED,,,2025-09-11 15:01:34.585425+00
Questionnaire/q-common-mental-health-symptoms,b6688138-c70d-4fc6-a821-64b96e63e6f5,,0eb40af8-ddd0-4d8e-85a5-d3b3bb1022e7,a28a1a10-d6ab-45f2-84f3-8ab4db7850b2,ee1b8cf2-2f4a-447c-bbb5-d63c674aff01,0eb40af8-ddd0-4d8e-85a5-d3b3bb1022e7,e22f62dc-f531-418c-a13d-10385b0f0c4f,2.2.0-engage,4dc7144a-cbf7-4008-8c21-1525ae6a31ba,3,,Moderate depression,A little bit,4,,A little bit,,Minimal anxiety,,10,A little bit,This score suggests that you may not be experiencing challenges coping after a traumatic event,Not at all,,Several days,Several days,Several days,Not at all,Several days,Not at all,Several days,Not at all,Several days,Several days,Several days,Several days,More than half the days,Several days,Several days,Several days,REDACTED,REDACTED,REDACTED,,Task/cd9915a1-1b90-44a1-88e9-ff47793cce8f/_history/1,2025-09-11 15:01:34.585425+00
Questionnaire/q-common-mental-health-symptoms,04130cbf-5666-4ef3-b219-7dbb139ed433,,0eb40af8-ddd0-4d8e-85a5-d3b3bb1022e7,a28a1a10-d6ab-45f2-84f3-8ab4db7850b2,92dd11a8-2635-476b-a8d0-573cf74d4487,0eb40af8-ddd0-4d8e-85a5-d3b3bb1022e7,e22f62dc-f531-418c-a13d-10385b0f0c4f,2.1.2-engage,507c7c3f-6151-4647-aad0-5104c0e3ea01,12,,Moderately severe depression,Quite a bit,14,,Quite a bit,,Moderate anxiety,Very difficult,18,Quite a bit,This score suggests that you may be experiencing severe challenges coping after a traumatic event,Quite a bit,,More than half the days,More than half the days,More than half the days,More than half the days,More than half the days,More than half the days,More than half the days,More than half the days,More than half the days,More than half the days,More than half the days,More than half the days,More than half the days,More than half the days,More than half the days,More than half the days,REDACTED,REDACTED,REDACTED,,,2025-09-11 15:01:34.585425+00
Questionnaire/q-common-mental-health-symptoms,9e2b4a3b-701e-49b2-8257-904a6db0ae6d,,0eb40af8-ddd0-4d8e-85a5-d3b3bb1022e7,a28a1a10-d6ab-45f2-84f3-8ab4db7850b2,92dd11a8-2635-476b-a8d0-573cf74d4487,0eb40af8-ddd0-4d8e-85a5-d3b3bb1022e7,e22f62dc-f531-418c-a13d-10385b0f0c4f,2.2.0-engage,5c039997-cdbf-4718-b85c-8caf1d6cd0b5,15,A little bit,Moderate depression,Moderately,11,Moderately,A little bit,Moderately,Moderate anxiety,,13,Moderately,This score suggests that you may be experiencing severe challenges coping after a traumatic event,Moderately,Quite a bit,More than half the days,Several days,More than half the days,Several days,More than half the days,More than half the days,Several days,More than half the days,Several days,Several days,More than half the days,Several days,More than half the days,Several days,More than half the days,Several days,REDACTED,REDACTED,REDACTED,,Task/49688135-ec3c-4b9a-93ee-99f2a4d4d126,2025-09-11 15:01:34.585425+00
Questionnaire/q-common-mental-health-symptoms,10b78ff6-531c-444a-aab8-31ca74abdff5,,0eb40af8-ddd0-4d8e-85a5-d3b3bb1022e7,a28a1a10-d6ab-45f2-84f3-8ab4db7850b2,92dd11a8-2635-476b-a8d0-573cf74d4487,0eb40af8-ddd0-4d8e-85a5-d3b3bb1022e7,e22f62dc-f531-418c-a13d-10385b0f0c4f,2.1.2-engage,5f02a22c-fc3c-4133-8d1c-9a39348d98c2,3,,Mild depression,A little bit,9,,A little bit,,Mild anxiety,,5,Not at all,This score suggests that you may not be experiencing challenges coping after a traumatic event,A little bit,,Not at all,Not at all,Several days,More than half the days,Several days,More than half the days,Several days,Several days,Several days,Several days,Several days,Several days,Several days,Not at all,Several days,Not at all,REDACTED,REDACTED,REDACTED,,Task/0132f77f-ba6a-4530-afab-f516c879d9ca/_history/1,2025-09-11 15:01:34.585425+00
Questionnaire/q-common-mental-health-symptoms,e88d5711-eb22-4a8c-ae3b-0adddc0f7881,,0eb40af8-ddd0-4d8e-85a5-d3b3bb1022e7,a28a1a10-d6ab-45f2-84f3-8ab4db7850b2,92dd11a8-2635-476b-a8d0-573cf74d4487,0eb40af8-ddd0-4d8e-85a5-d3b3bb1022e7,e22f62dc-f531-418c-a13d-10385b0f0c4f,2.2.0-engage,6293cfe6-f76a-40df-b757-1951b1ce41b7,32,Extremely,Severe depression,Extremely,21,Extremely,Extremely,Extremely,Severe anxiety,,27,Extremely,This score suggests that you may be experiencing severe challenges coping after a traumatic event,Extremely,Extremely,Nearly every day,Nearly every day,Nearly every day,Nearly every day,Nearly every day,Nearly every day,Nearly every day,Nearly every day,Nearly every day,Nearly every day,Nearly every day,Nearly every day,Nearly every day,Nearly every day,Nearly every day,Nearly every day,REDACTED,REDACTED,REDACTED,,Task/466e2896-bec5-4bed-a683-34263bedb339/_history/1,2025-09-11 15:01:34.585425+00
Questionnaire/q-common-mental-health-symptoms,339c6139-b792-4a95-8b72-f3d9aa3a8f3b,,0eb40af8-ddd0-4d8e-85a5-d3b3bb1022e7,a28a1a10-d6ab-45f2-84f3-8ab4db7850b2,ee1b8cf2-2f4a-447c-bbb5-d63c674aff01,0eb40af8-ddd0-4d8e-85a5-d3b3bb1022e7,e22f62dc-f531-418c-a13d-10385b0f0c4f,2.2.0-engage,64714b0c-47c4-4c17-904b-aab50f11937c,2,,Moderately severe depression,Moderately,14,,Not at all,,Moderate anxiety,,18,Not at all,This score suggests that you may not be experiencing challenges coping after a traumatic event,Not at all,,More than half the days,More than half the days,More than half the days,More than half the days,More than half the days,More than half the days,More than half the days,More than half the days,More than half the days,More than half the days,More than half the days,More than half the days,More than half the days,More than half the days,More than half the days,More than half the days,REDACTED,REDACTED,REDACTED,,Task/ce0db0be-7231-4d1b-a1dd-f85d187bd9c4/_history/1,2025-09-11 15:01:34.585425+00
Questionnaire/q-common-mental-health-symptoms,64b3aa80-f0f8-4a68-b1da-dd266356e33a,,0eb40af8-ddd0-4d8e-85a5-d3b3bb1022e7,a28a1a10-d6ab-45f2-84f3-8ab4db7850b2,92dd11a8-2635-476b-a8d0-573cf74d4487,0eb40af8-ddd0-4d8e-85a5-d3b3bb1022e7,e22f62dc-f531-418c-a13d-10385b0f0c4f,2.1.2-engage,683b41b7-4d41-463c-89d8-ad6bc015165e,16,,Moderately severe depression,Extremely,21,,Extremely,,Severe anxiety,Very difficult,18,Extremely,This score suggests that you may be experiencing severe challenges coping after a traumatic event,Extremely,,More than half the days,More than half the days,Nearly every day,Nearly every day,Nearly every day,Nearly every day,Nearly every day,Nearly every day,Nearly every day,More than half the days,More than half the days,More than half the days,More than half the days,More than half the days,More than half the days,More than half the days,REDACTED,REDACTED,REDACTED,,Task/7a9aacf7-9a78-4798-85b2-4b72cb970cd0,2025-09-11 15:01:34.585425+00
Questionnaire/q-common-mental-health-symptoms,658bf01b-d18f-4ac1-8da5-4740a1c4bc6d,,0eb40af8-ddd0-4d8e-85a5-d3b3bb1022e7,a28a1a10-d6ab-45f2-84f3-8ab4db7850b2,92dd11a8-2635-476b-a8d0-573cf74d4487,0eb40af8-ddd0-4d8e-85a5-d3b3bb1022e7,e22f62dc-f531-418c-a13d-10385b0f0c4f,2.2.0-engage,6a970304-1a92-474b-b0dc-fe251ee697a4,0,,Moderate depression,Not at all,10,,Not at all,,Moderate anxiety,,13,Not at all,This score suggests that you may not be experiencing challenges coping after a traumatic event,Not at all,,Several days,More than half the days,Several days,More than half the days,Nearly every day,Several days,More than half the days,Several days,Not at all,Several days,More than half the days,Several days,More than half the days,Several days,Several days,More than half the days,REDACTED,REDACTED,REDACTED,,Task/ef6732e8-f6ca-49ef-8360-ccd6be66c5d7/_history/1,2025-09-11 15:01:34.585425+00
Questionnaire/q-common-mental-health-symptoms,0dff4ea0-9a21-4a3e-8121-0ecae491e612,,0eb40af8-ddd0-4d8e-85a5-d3b3bb1022e7,a28a1a10-d6ab-45f2-84f3-8ab4db7850b2,92dd11a8-2635-476b-a8d0-573cf74d4487,0eb40af8-ddd0-4d8e-85a5-d3b3bb1022e7,e22f62dc-f531-418c-a13d-10385b0f0c4f,2.1.2-engage,6e69ec6e-96a4-4bda-ab84-9da09cfdda43,14,Quite a bit,Mild depression,A little bit,10,A little bit,Quite a bit,Quite a bit,Moderate anxiety,,7,Not at all,This score suggests that you may be experiencing severe challenges coping after a traumatic event,Moderately,A little bit,Not at all,Not at all,Several days,Nearly every day,Nearly every day,Several days,Not at all,Several days,Several days,More than half the days,Several days,Not at all,Several days,Not at all,Several days,More than half the days,REDACTED,REDACTED,REDACTED,,Task/3ed35df9-433d-49e5-9ee8-87b88a3256f2,2025-09-11 15:01:34.585425+00
Questionnaire/q-common-mental-health-symptoms,92ad1563-713e-4e9c-85ea-ef90ae432885,,0eb40af8-ddd0-4d8e-85a5-d3b3bb1022e7,a28a1a10-d6ab-45f2-84f3-8ab4db7850b2,92dd11a8-2635-476b-a8d0-573cf74d4487,0eb40af8-ddd0-4d8e-85a5-d3b3bb1022e7,e22f62dc-f531-418c-a13d-10385b0f0c4f,2.1.2-engage,797022ab-07cc-478e-9e79-43470721a41f,16,,Moderate depression,Extremely,14,,Extremely,,Moderate anxiety,Very difficult,14,Extremely,This score suggests that you may be experiencing severe challenges coping after a traumatic event,Extremely,,More than half the days,More than half the days,More than half the days,More than half the days,More than half the days,More than half the days,More than half the days,More than half the days,More than half the days,More than half the days,More than half the days,Several days,Several days,Several days,More than half the days,Several days,REDACTED,REDACTED,REDACTED,,Task/0d8656c9-9034-444b-8982-362c40d41387,2025-09-11 15:01:34.585425+00
Questionnaire/q-common-mental-health-symptoms,bfe96291-14fb-40f6-bfc1-ddef3695ad5b,,0eb40af8-ddd0-4d8e-85a5-d3b3bb1022e7,a28a1a10-d6ab-45f2-84f3-8ab4db7850b2,92dd11a8-2635-476b-a8d0-573cf74d4487,0eb40af8-ddd0-4d8e-85a5-d3b3bb1022e7,e22f62dc-f531-418c-a13d-10385b0f0c4f,2.1.2-engage,7a913999-ac62-4bb2-bfa3-b29dba3ae63a,0,,Moderate depression,Not at all,14,,Not at all,,Moderate anxiety,,14,Not at all,This score suggests that you may not be experiencing challenges coping after a traumatic event,Not at all,,More than half the days,Nearly every day,More than half the days,More than half the days,More than half the days,More than half the days,More than half the days,More than half the days,More than half the days,Several days,Several days,More than half the days,Several days,Several days,Several days,More than half the days,REDACTED,REDACTED,REDACTED,,Task/ed5ca2bd-25b0-4083-87c5-4c6768937657/_history/1,2025-09-11 15:01:34.585425+00
Questionnaire/q-common-mental-health-symptoms,3e903ab9-1ace-4416-92a3-b4cd49e281ec,,0eb40af8-ddd0-4d8e-85a5-d3b3bb1022e7,a28a1a10-d6ab-45f2-84f3-8ab4db7850b2,ee1b8cf2-2f4a-447c-bbb5-d63c674aff01,0eb40af8-ddd0-4d8e-85a5-d3b3bb1022e7,e22f62dc-f531-418c-a13d-10385b0f0c4f,2.2.0-engage,86e14277-20ed-4902-a1c1-c676c80ce387,12,A little bit,Moderate depression,Moderately,5,A little bit,A little bit,Moderately,Mild anxiety,,12,Moderately,This score suggests that you may be experiencing severe challenges coping after a traumatic event,A little bit,Moderately,Several days,More than half the days,Several days,Not at all,Several days,Several days,Several days,Several days,Not at all,Several days,Several days,Several days,Several days,More than half the days,Several days,More than half the days,REDACTED,REDACTED,REDACTED,,Task/9b26e42a-a690-485c-9ac4-0e528c22c5f5/_history/1,2025-09-11 15:01:34.585425+00
Questionnaire/q-common-mental-health-symptoms,37728b3f-d60f-49c6-a007-e7afbba8d1ca,,0eb40af8-ddd0-4d8e-85a5-d3b3bb1022e7,a28a1a10-d6ab-45f2-84f3-8ab4db7850b2,92dd11a8-2635-476b-a8d0-573cf74d4487,0eb40af8-ddd0-4d8e-85a5-d3b3bb1022e7,e22f62dc-f531-418c-a13d-10385b0f0c4f,2.1.2-engage,878a5c06-92a1-4a37-954b-cb12d7611ae6,14,,Severe depression,Quite a bit,18,,Quite a bit,,Severe anxiety,Very difficult,27,Extremely,This score suggests that you may be experiencing severe challenges coping after a traumatic event,Extremely,,Nearly every day,Nearly every day,Nearly every day,Nearly every day,Nearly every day,Nearly every day,More than half the days,More than half the days,More than half the days,Nearly every day,Nearly every day,Nearly every day,Nearly every day,Nearly every day,Nearly every day,Nearly every day,REDACTED,REDACTED,REDACTED,,,2025-09-11 15:01:34.585425+00
Questionnaire/q-common-mental-health-symptoms,83c4cc09-4a86-4333-a417-5ca56436e928,,0eb40af8-ddd0-4d8e-85a5-d3b3bb1022e7,a28a1a10-d6ab-45f2-84f3-8ab4db7850b2,92dd11a8-2635-476b-a8d0-573cf74d4487,0eb40af8-ddd0-4d8e-85a5-d3b3bb1022e7,e22f62dc-f531-418c-a13d-10385b0f0c4f,2.2.0-engage,8be2f3f6-c447-4de9-870f-a2b612f654f9,32,Extremely,Severe depression,Extremely,21,Extremely,Extremely,Extremely,Severe anxiety,,27,Extremely,This score suggests that you may be experiencing severe challenges coping after a traumatic event,Extremely,Extremely,Nearly every day,Nearly every day,Nearly every day,Nearly every day,Nearly every day,Nearly every day,Nearly every day,Nearly every day,Nearly every day,Nearly every day,Nearly every day,Nearly every day,Nearly every day,Nearly every day,Nearly every day,Nearly every day,REDACTED,REDACTED,REDACTED,,Task/d00354af-8d04-49c8-8e9e-bef5ba5851b6,2025-09-11 15:01:34.585425+00
Questionnaire/q-common-mental-health-symptoms,f05564a1-4de7-4680-a17d-5ba329329f6c,,0eb40af8-ddd0-4d8e-85a5-d3b3bb1022e7,a28a1a10-d6ab-45f2-84f3-8ab4db7850b2,92dd11a8-2635-476b-a8d0-573cf74d4487,0eb40af8-ddd0-4d8e-85a5-d3b3bb1022e7,e22f62dc-f531-418c-a13d-10385b0f0c4f,2.2.0-engage,955b63c0-5957-4426-819b-04beb6bf461a,0,,Moderately severe depression,Not at all,11,,Not at all,,Moderate anxiety,,15,Not at all,This score suggests that you may not be experiencing challenges coping after a traumatic event,Not at all,,More than half the days,Nearly every day,Several days,More than half the days,Several days,Nearly every day,Several days,More than half the days,Several days,More than half the days,Several days,More than half the days,Several days,Several days,Several days,More than half the days,REDACTED,REDACTED,REDACTED,,Task/1d07e48a-46b0-41fe-af5c-1a1c65bc9c8b/_history/1,2025-09-11 15:01:34.585425+00
Questionnaire/q-common-mental-health-symptoms,6d9ebad3-a690-4dd1-a97a-4543be19f0a2,,0eb40af8-ddd0-4d8e-85a5-d3b3bb1022e7,a28a1a10-d6ab-45f2-84f3-8ab4db7850b2,92dd11a8-2635-476b-a8d0-573cf74d4487,0eb40af8-ddd0-4d8e-85a5-d3b3bb1022e7,e22f62dc-f531-418c-a13d-10385b0f0c4f,2.2.0-engage,9ec48196-aff1-4cb2-beef-61df6f6cf8e5,13,A little bit,Mild depression,Moderately,7,Moderately,Moderately,A little bit,Mild anxiety,,9,Moderately,This score suggests that you may be experiencing severe challenges coping after a traumatic event,Moderately,A little bit,Several days,Several days,Several days,Several days,Several days,Several days,Several days,Several days,Several days,Several days,Several days,Several days,Several days,Several days,Several days,Several days,REDACTED,REDACTED,REDACTED,,Task/544f7d52-5773-414f-993b-71fe195279bf/_history/1,2025-09-11 15:01:34.585425+00
Questionnaire/q-common-mental-health-symptoms,6d332cf7-21b3-44de-8260-bad262c62f31,,0eb40af8-ddd0-4d8e-85a5-d3b3bb1022e7,a28a1a10-d6ab-45f2-84f3-8ab4db7850b2,92dd11a8-2635-476b-a8d0-573cf74d4487,0eb40af8-ddd0-4d8e-85a5-d3b3bb1022e7,e22f62dc-f531-418c-a13d-10385b0f0c4f,2.1.2-engage,a3a95e46-6497-4d3d-82ca-7fef12d4274f,2,,Severe depression,Not at all,14,,A little bit,,Moderate anxiety,,23,A little bit,This score suggests that you may not be experiencing challenges coping after a traumatic event,Not at all,,Several days,Several days,Nearly every day,Nearly every day,More than half the days,More than half the days,More than half the days,Several days,Several days,Nearly every day,Nearly every day,Nearly every day,Nearly every day,Nearly every day,Nearly every day,Nearly every day,REDACTED,REDACTED,REDACTED,,Task/ba429248-e060-467c-b3b9-8beae6764ecb,2025-09-11 15:01:34.585425+00
Questionnaire/q-common-mental-health-symptoms,bbf2fc1b-316d-4508-aafa-ce68bffb5683,,0eb40af8-ddd0-4d8e-85a5-d3b3bb1022e7,a28a1a10-d6ab-45f2-84f3-8ab4db7850b2,92dd11a8-2635-476b-a8d0-573cf74d4487,0eb40af8-ddd0-4d8e-85a5-d3b3bb1022e7,e22f62dc-f531-418c-a13d-10385b0f0c4f,2.1.2-engage,aaa82dbf-f26d-4317-9430-c33acc58d87b,15,Moderately,Moderately severe depression,A little bit,9,Moderately,Moderately,Moderately,Mild anxiety,,15,Moderately,This score suggests that you may be experiencing severe challenges coping after a traumatic event,Moderately,Moderately,More than half the days,More than half the days,Several days,Several days,Several days,More than half the days,Several days,Several days,More than half the days,More than half the days,More than half the days,Several days,More than half the days,Several days,More than half the days,Several days,REDACTED,REDACTED,REDACTED,,Task/0027e411-b1b9-4fd3-bd45-43ee042a2b74/_history/1,2025-09-11 15:01:34.585425+00
Questionnaire/q-common-mental-health-symptoms,40c53fb6-6301-4da8-888f-0242ddd567d6,,0eb40af8-ddd0-4d8e-85a5-d3b3bb1022e7,a28a1a10-d6ab-45f2-84f3-8ab4db7850b2,92dd11a8-2635-476b-a8d0-573cf74d4487,0eb40af8-ddd0-4d8e-85a5-d3b3bb1022e7,e22f62dc-f531-418c-a13d-10385b0f0c4f,2.1.2-engage,b2a7c7b5-7b9c-439f-9c68-4adcecd62f07,18,Moderately,Moderate depression,Moderately,11,Moderately,Quite a bit,Quite a bit,Moderate anxiety,,14,A little bit,This score suggests that you may be experiencing severe challenges coping after a traumatic event,Moderately,Quite a bit,More than half the days,Several days,Several days,More than half the days,Several days,More than half the days,Several days,More than half the days,More than half the days,More than half the days,Several days,More than half the days,Several days,More than half the days,Several days,More than half the days,REDACTED,REDACTED,REDACTED,,Task/3467d8aa-3722-457d-bdc4-65525269e591,2025-09-11 15:01:34.585425+00
Questionnaire/q-common-mental-health-symptoms,813f664b-0407-4862-8bc2-f3fee5a37fcd,,0eb40af8-ddd0-4d8e-85a5-d3b3bb1022e7,a28a1a10-d6ab-45f2-84f3-8ab4db7850b2,92dd11a8-2635-476b-a8d0-573cf74d4487,0eb40af8-ddd0-4d8e-85a5-d3b3bb1022e7,e22f62dc-f531-418c-a13d-10385b0f0c4f,2.1.2-engage,b8d78912-c154-43bf-9bc9-a0e66408a3c5,9,A little bit,Mild depression,Moderately,6,A little bit,A little bit,A little bit,Mild anxiety,,8,A little bit,This score suggests that you may be experiencing severe challenges coping after a traumatic event,A little bit,A little bit,Not at all,Several days,More than half the days,Several days,Several days,Not at all,Not at all,Several days,Several days,Several days,Several days,Several days,Several days,Several days,Several days,Several days,REDACTED,REDACTED,REDACTED,,Task/8fc886ce-c367-4f7f-aae0-dc16230058d7,2025-09-11 15:01:34.585425+00
Questionnaire/q-common-mental-health-symptoms,77679304-1eda-4ad7-a218-2ef2aadcf83f,,0eb40af8-ddd0-4d8e-85a5-d3b3bb1022e7,a28a1a10-d6ab-45f2-84f3-8ab4db7850b2,92dd11a8-2635-476b-a8d0-573cf74d4487,0eb40af8-ddd0-4d8e-85a5-d3b3bb1022e7,e22f62dc-f531-418c-a13d-10385b0f0c4f,2.1.2-engage,c10eabdf-871c-4f91-bdb5-ffec63b4d151,15,A little bit,Moderately severe depression,Moderately,7,Moderately,Moderately,Moderately,Mild anxiety,,18,Moderately,This score suggests that you may be experiencing severe challenges coping after a traumatic event,A little bit,Quite a bit,More than half the days,More than half the days,Several days,Several days,Several days,Several days,Several days,Several days,Several days,More than half the days,More than half the days,More than half the days,More than half the days,More than half the days,More than half the days,More than half the days,REDACTED,REDACTED,REDACTED,,Task/923618c9-662b-4e30-8c82-37a448f797ce/_history/1,2025-09-11 15:01:34.585425+00
Questionnaire/q-common-mental-health-symptoms,9b4f31f2-b327-47c9-91c6-56082f924410,,0eb40af8-ddd0-4d8e-85a5-d3b3bb1022e7,a28a1a10-d6ab-45f2-84f3-8ab4db7850b2,92dd11a8-2635-476b-a8d0-573cf74d4487,0eb40af8-ddd0-4d8e-85a5-d3b3bb1022e7,e22f62dc-f531-418c-a13d-10385b0f0c4f,2.2.0-engage,cb8b9b58-9d6c-49dc-9337-07b2ed91c686,12,Moderately,Mild depression,Moderately,7,Moderately,A little bit,A little bit,Mild anxiety,,9,A little bit,This score suggests that you may be experiencing severe challenges coping after a traumatic event,Moderately,A little bit,Several days,Several days,Several days,Several days,Several days,Several days,Several days,Several days,Several days,Several days,Several days,Several days,Several days,Several days,Several days,Several days,REDACTED,REDACTED,REDACTED,,Task/2b0e27d1-d6b6-4aa1-9b48-248181c4e7f8/_history/1,2025-09-11 15:01:34.585425+00
Questionnaire/q-common-mental-health-symptoms,69b49464-eb8c-4215-9e69-f7cb310bbd4d,,0eb40af8-ddd0-4d8e-85a5-d3b3bb1022e7,a28a1a10-d6ab-45f2-84f3-8ab4db7850b2,92dd11a8-2635-476b-a8d0-573cf74d4487,0eb40af8-ddd0-4d8e-85a5-d3b3bb1022e7,e22f62dc-f531-418c-a13d-10385b0f0c4f,2.1.2-engage,ce740fb2-82f6-4259-af97-0f84c1f9f5d6,8,,Moderate depression,Moderately,14,,Moderately,,Moderate anxiety,Very difficult,13,Moderately,This score suggests that you may be experiencing mild-moderate challenges coping after a traumatic event,Moderately,,Several days,More than half the days,More than half the days,More than half the days,More than half the days,More than half the days,More than half the days,More than half the days,More than half the days,More than half the days,More than half the days,Several days,Several days,Several days,More than half the days,Several days,REDACTED,REDACTED,REDACTED,,Task/c05b9cf8-6d87-490a-9291-f96ddeb7246c,2025-09-11 15:01:34.585425+00
Questionnaire/q-common-mental-health-symptoms,32c2b2f9-ab28-47be-a7ff-83ea01a404fb,,0eb40af8-ddd0-4d8e-85a5-d3b3bb1022e7,a28a1a10-d6ab-45f2-84f3-8ab4db7850b2,92dd11a8-2635-476b-a8d0-573cf74d4487,0eb40af8-ddd0-4d8e-85a5-d3b3bb1022e7,e22f62dc-f531-418c-a13d-10385b0f0c4f,2.1.2-engage,d4281b0b-3828-49b5-bdc0-81d028e125db,3,,Mild depression,Moderately,11,,Not at all,,Moderate anxiety,,9,A little bit,This score suggests that you may not be experiencing challenges coping after a traumatic event,Not at all,,Not at all,Not at all,More than half the days,More than half the days,More than half the days,More than half the days,Several days,Several days,Several days,Several days,Several days,Several days,More than half the days,More than half the days,Several days,Several days,REDACTED,REDACTED,REDACTED,,Task/840bc941-6364-4fcc-8c5a-e65cd68f30b4,2025-09-11 15:01:34.585425+00
Questionnaire/q-common-mental-health-symptoms,af047a8f-1db2-4b9f-9cf0-2f716e519352,,0eb40af8-ddd0-4d8e-85a5-d3b3bb1022e7,a28a1a10-d6ab-45f2-84f3-8ab4db7850b2,92dd11a8-2635-476b-a8d0-573cf74d4487,0eb40af8-ddd0-4d8e-85a5-d3b3bb1022e7,e22f62dc-f531-418c-a13d-10385b0f0c4f,2.1.2-engage,d8beac3a-7f27-43b1-821d-5277b5dd3144,23,Quite a bit,Moderate depression,Moderately,12,Quite a bit,Quite a bit,Quite a bit,Moderate anxiety,,10,Quite a bit,This score suggests that you may be experiencing severe challenges coping after a traumatic event,Quite a bit,Quite a bit,Several days,Several days,Not at all,More than half the days,More than half the days,More than half the days,More than half the days,More than half the days,More than half the days,Several days,Several days,More than half the days,Several days,Several days,Several days,Several days,REDACTED,REDACTED,REDACTED,,Task/7a036162-6729-40be-a5e3-da50ce0d7438/_history/1,2025-09-11 15:01:34.585425+00
Questionnaire/q-common-mental-health-symptoms,d3965e90-f96f-4a34-a85a-858ed53a5510,,0eb40af8-ddd0-4d8e-85a5-d3b3bb1022e7,a28a1a10-d6ab-45f2-84f3-8ab4db7850b2,92dd11a8-2635-476b-a8d0-573cf74d4487,0eb40af8-ddd0-4d8e-85a5-d3b3bb1022e7,e22f62dc-f531-418c-a13d-10385b0f0c4f,2.1.2-engage,e6d324c8-349b-414d-8683-786fbe8b5ba5,1,,Mild depression,A little bit,7,,Not at all,,Mild anxiety,,9,Not at all,This score suggests that you may not be experiencing challenges coping after a traumatic event,Not at all,,Several days,Several days,Several days,Several days,Several days,Several days,Several days,Several days,Several days,Several days,Several days,Several days,Several days,Several days,Several days,Several days,REDACTED,REDACTED,REDACTED,,Task/2edfdd03-f01e-4f73-84eb-02447dee397c/_history/1,2025-09-11 15:01:34.585425+00
Questionnaire/q-common-mental-health-symptoms,1bf0eb10-61e0-44ca-b65e-452c34b0ae39,,0eb40af8-ddd0-4d8e-85a5-d3b3bb1022e7,a28a1a10-d6ab-45f2-84f3-8ab4db7850b2,92dd11a8-2635-476b-a8d0-573cf74d4487,0eb40af8-ddd0-4d8e-85a5-d3b3bb1022e7,e22f62dc-f531-418c-a13d-10385b0f0c4f,2.2.0-engage,ec72980d-3492-41bc-b6f8-c7b287fd8864,12,Moderately,Moderate depression,Moderately,10,Moderately,Moderately,A little bit,Moderate anxiety,,13,A little bit,This score suggests that you may be experiencing severe challenges coping after a traumatic event,A little bit,A little bit,More than half the days,Several days,Several days,More than half the days,Several days,More than half the days,Several days,More than half the days,Several days,Several days,More than half the days,Several days,More than half the days,Several days,More than half the days,Several days,REDACTED,REDACTED,REDACTED,,Task/8ad109d2-b05b-4735-95a0-ab0526ddc487/_history/1,2025-09-11 15:01:34.585425+00
Questionnaire/q-common-mental-health-symptoms,c65dcb5e-cc18-4731-ab0d-4d9ad52c516f,,0eb40af8-ddd0-4d8e-85a5-d3b3bb1022e7,a28a1a10-d6ab-45f2-84f3-8ab4db7850b2,92dd11a8-2635-476b-a8d0-573cf74d4487,0eb40af8-ddd0-4d8e-85a5-d3b3bb1022e7,e22f62dc-f531-418c-a13d-10385b0f0c4f,2.1.2-engage,ee2deaac-2b9e-4d38-abd9-f52a129fe687,3,,Moderately severe depression,A little bit,13,,Not at all,,Moderate anxiety,,15,A little bit,This score suggests that you may not be experiencing challenges coping after a traumatic event,A little bit,,Several days,Nearly every day,More than half the days,More than half the days,More than half the days,Several days,More than half the days,More than half the days,More than half the days,Several days,More than half the days,More than half the days,Several days,More than half the days,Several days,More than half the days,REDACTED,REDACTED,REDACTED,,Task/6efb0b42-0e5e-4fac-8da5-7c77aa1110a8,2025-09-11 15:01:34.585425+00
Questionnaire/q-common-mental-health-symptoms,d1d003b5-48e5-4447-a35e-f19f209b2fcd,,0eb40af8-ddd0-4d8e-85a5-d3b3bb1022e7,a28a1a10-d6ab-45f2-84f3-8ab4db7850b2,ee1b8cf2-2f4a-447c-bbb5-d63c674aff01,0eb40af8-ddd0-4d8e-85a5-d3b3bb1022e7,e22f62dc-f531-418c-a13d-10385b0f0c4f,2.2.0-engage,f2f8cc32-54d0-4572-b04b-f429d7fe2137,4,Not at all,Moderate depression,Moderately,10,Not at all,A little bit,Not at all,Moderate anxiety,,10,Not at all,This score suggests that you may be experiencing mild-moderate challenges coping after a traumatic event,A little bit,Not at all,Not at all,Several days,Several days,More than half the days,Several days,More than half the days,Several days,More than half the days,Several days,More than half the days,More than half the days,Several days,Several days,Not at all,More than half the days,Several days,REDACTED,REDACTED,REDACTED,,Task/373ce7cc-1285-474a-8359-6ddda5ac0d3e/_history/1,2025-09-11 15:01:34.585425+00
