questionnaire_id,subject_patient_id,encounter_id,author_practitioner_id,practitioner_location_id,practitioner_organization_id,practitioner_id,practitioner_careteam_id,application_version,qr_id,mood_rating_ipc,add_family_member,add_family_member_3,add_family_member_4,add_family_member_5,mood_rating_ipc_6,mood_rating_ipc_7,anonymized_at
Questionnaire/203,62e4f178-5c24-42db-81e3-cbf0f155a6da,,0eb40af8-ddd0-4d8e-85a5-d3b3bb1022e7,Not defined,92dd11a8-2635-476b-a8d0-573cf74d4487,0eb40af8-ddd0-4d8e-85a5-d3b3bb1022e7,d66f38ae-e5e7-4456-ae85-331284676dc6,Not defined,0158e4ee-7c85-48b8-8d5f-577d29fd087e,,,,,,1,1 - Worst mood,2025-09-11 15:01:34.585425+00
Questionnaire/203,9fc13911-d7a1-4f3b-99e8-5235e9b5f2b1,,0eb40af8-ddd0-4d8e-85a5-d3b3bb1022e7,Not defined,92dd11a8-2635-476b-a8d0-573cf74d4487,0eb40af8-ddd0-4d8e-85a5-d3b3bb1022e7,d66f38ae-e5e7-4456-ae85-331284676dc6,Not defined,07bea172-ec2b-45c6-8928-9c3323281066,,,,,,2,2,2025-09-11 15:01:34.585425+00
Questionnaire/203,3e032d50-8563-4bbf-b997-57c65d4342fc,,0eb40af8-ddd0-4d8e-85a5-d3b3bb1022e7,Not defined,92dd11a8-2635-476b-a8d0-573cf74d4487,0eb40af8-ddd0-4d8e-85a5-d3b3bb1022e7,d66f38ae-e5e7-4456-ae85-331284676dc6,Not defined,109cadc6-772e-48e0-a8d2-2206e155d8bc,,,,,,2,2,2025-09-11 15:01:34.585425+00
Questionnaire/203,76769aa3-fc46-45e2-bc1d-72df0cb35625,,0eb40af8-ddd0-4d8e-85a5-d3b3bb1022e7,Not defined,92dd11a8-2635-476b-a8d0-573cf74d4487,0eb40af8-ddd0-4d8e-85a5-d3b3bb1022e7,d66f38ae-e5e7-4456-ae85-331284676dc6,Not defined,1a238f6d-cd22-4ae5-93d2-d0a0e4fafd4a,,,,,,3,3,2025-09-11 15:01:34.585425+00
Questionnaire/203,e3417ced-8d7e-4e00-b267-db8b5f808e7a,,0eb40af8-ddd0-4d8e-85a5-d3b3bb1022e7,Not defined,92dd11a8-2635-476b-a8d0-573cf74d4487,0eb40af8-ddd0-4d8e-85a5-d3b3bb1022e7,d66f38ae-e5e7-4456-ae85-331284676dc6,Not defined,1ab80e66-a46b-4fee-9592-3ba84bce5166,,,,,,3,3,2025-09-11 15:01:34.585425+00
Questionnaire/203,b9e145b6-76c6-4760-ae39-56a61654b62e,,0eb40af8-ddd0-4d8e-85a5-d3b3bb1022e7,Not defined,92dd11a8-2635-476b-a8d0-573cf74d4487,0eb40af8-ddd0-4d8e-85a5-d3b3bb1022e7,d66f38ae-e5e7-4456-ae85-331284676dc6,Not defined,1ebf72a3-1a88-45b7-8552-df3bde182ed7,,,,,,7,7,2025-09-11 15:01:34.585425+00
Questionnaire/203,8ce4f30c-5dd7-4d81-9b1f-e571e4a76aa5,,0eb40af8-ddd0-4d8e-85a5-d3b3bb1022e7,Not defined,92dd11a8-2635-476b-a8d0-573cf74d4487,0eb40af8-ddd0-4d8e-85a5-d3b3bb1022e7,d66f38ae-e5e7-4456-ae85-331284676dc6,Not defined,218dce4e-55f6-44c4-9800-e2a16bdbd9c9,,,,,,4,4,2025-09-11 15:01:34.585425+00
Questionnaire/203,024c6987-29bd-4208-bf13-814e8a387709,,0eb40af8-ddd0-4d8e-85a5-d3b3bb1022e7,Not defined,92dd11a8-2635-476b-a8d0-573cf74d4487,0eb40af8-ddd0-4d8e-85a5-d3b3bb1022e7,d66f38ae-e5e7-4456-ae85-331284676dc6,Not defined,24a39ba5-2d84-4297-b3a8-a57e73e5c33b,,26,1,26,1998-07-02,0,,2025-09-11 15:01:34.585425+00
Questionnaire/203,3fd5de7d-ad30-48af-9e51-ff59891c27e5,,0eb40af8-ddd0-4d8e-85a5-d3b3bb1022e7,Not defined,92dd11a8-2635-476b-a8d0-573cf74d4487,0eb40af8-ddd0-4d8e-85a5-d3b3bb1022e7,d66f38ae-e5e7-4456-ae85-331284676dc6,Not defined,3006ec12-856a-4be0-831b-ecde68e99bab,,,,,,5,5,2025-09-11 15:01:34.585425+00
Questionnaire/203,3f71c32b-ad0a-44bc-a332-8690d4cf1e11,,0eb40af8-ddd0-4d8e-85a5-d3b3bb1022e7,Not defined,92dd11a8-2635-476b-a8d0-573cf74d4487,0eb40af8-ddd0-4d8e-85a5-d3b3bb1022e7,d66f38ae-e5e7-4456-ae85-331284676dc6,Not defined,34e46fc1-1486-4e59-bee6-93c89c693604,,,,,,3,3,2025-09-11 15:01:34.585425+00
Questionnaire/203,024c6987-29bd-4208-bf13-814e8a387709,,0eb40af8-ddd0-4d8e-85a5-d3b3bb1022e7,Not defined,92dd11a8-2635-476b-a8d0-573cf74d4487,0eb40af8-ddd0-4d8e-85a5-d3b3bb1022e7,d66f38ae-e5e7-4456-ae85-331284676dc6,Not defined,44409709-4394-4c0e-adb3-6cd5a6b8bd19,,26,1,26,1998-07-02,2,2,2025-09-11 15:01:34.585425+00
Questionnaire/203,caa6081c-0389-422a-bc4d-8824537aa76b,,0eb40af8-ddd0-4d8e-85a5-d3b3bb1022e7,Not defined,92dd11a8-2635-476b-a8d0-573cf74d4487,0eb40af8-ddd0-4d8e-85a5-d3b3bb1022e7,d66f38ae-e5e7-4456-ae85-331284676dc6,Not defined,54070e46-1bf9-45a7-bbda-336367995d1e,,26,1,26,1998-07-02,2,2,2025-09-11 15:01:34.585425+00
Questionnaire/203,9a888a17-b426-4596-8d17-707197d97541,,0eb40af8-ddd0-4d8e-85a5-d3b3bb1022e7,Not defined,92dd11a8-2635-476b-a8d0-573cf74d4487,0eb40af8-ddd0-4d8e-85a5-d3b3bb1022e7,d66f38ae-e5e7-4456-ae85-331284676dc6,Not defined,59834586-9d20-476b-bf1c-369d19dabe4d,mood commenttt,,,,,5,5,2025-09-11 15:01:34.585425+00
Questionnaire/203,0f4218e8-24f0-484c-a017-b5f1f411ab4b,,0eb40af8-ddd0-4d8e-85a5-d3b3bb1022e7,Not defined,92dd11a8-2635-476b-a8d0-573cf74d4487,0eb40af8-ddd0-4d8e-85a5-d3b3bb1022e7,d66f38ae-e5e7-4456-ae85-331284676dc6,Not defined,60477602-eb02-46dc-a2ee-a0fe11f4a2cf,,,,,,1,1 - Worst mood,2025-09-11 15:01:34.585425+00
Questionnaire/203,e4e387f2-803f-4909-a63b-649065885d53,,0eb40af8-ddd0-4d8e-85a5-d3b3bb1022e7,Not defined,92dd11a8-2635-476b-a8d0-573cf74d4487,0eb40af8-ddd0-4d8e-85a5-d3b3bb1022e7,d66f38ae-e5e7-4456-ae85-331284676dc6,Not defined,60a66936-d09f-4d78-b6ca-e413faabe2cc,,,,,,6,6,2025-09-11 15:01:34.585425+00
Questionnaire/203,75ee13ff-f1e6-43aa-9ed5-43815ede1537,,0eb40af8-ddd0-4d8e-85a5-d3b3bb1022e7,Not defined,92dd11a8-2635-476b-a8d0-573cf74d4487,0eb40af8-ddd0-4d8e-85a5-d3b3bb1022e7,d66f38ae-e5e7-4456-ae85-331284676dc6,Not defined,6a004af6-9a18-4848-a22c-954c0dfe4f4c,,,,,,4,4,2025-09-11 15:01:34.585425+00
Questionnaire/203,8d0ba14e-8889-4a43-8d89-cfdbe7b3ca85,,0eb40af8-ddd0-4d8e-85a5-d3b3bb1022e7,Not defined,92dd11a8-2635-476b-a8d0-573cf74d4487,0eb40af8-ddd0-4d8e-85a5-d3b3bb1022e7,d66f38ae-e5e7-4456-ae85-331284676dc6,Not defined,809680b1-075d-464c-bcfb-3c0fae594d8d,,,,,,4,4,2025-09-11 15:01:34.585425+00
Questionnaire/203,e8a14e38-f460-469d-9528-78a497380cbf,,0eb40af8-ddd0-4d8e-85a5-d3b3bb1022e7,Not defined,92dd11a8-2635-476b-a8d0-573cf74d4487,0eb40af8-ddd0-4d8e-85a5-d3b3bb1022e7,d66f38ae-e5e7-4456-ae85-331284676dc6,Not defined,8672d5e9-8a5b-4b25-9c3b-2e18279e0b0d,,,,,,2,2,2025-09-11 15:01:34.585425+00
Questionnaire/203,c2fa789e-e9a7-427b-96b8-5e69600ba8cf,,0eb40af8-ddd0-4d8e-85a5-d3b3bb1022e7,Not defined,92dd11a8-2635-476b-a8d0-573cf74d4487,0eb40af8-ddd0-4d8e-85a5-d3b3bb1022e7,d66f38ae-e5e7-4456-ae85-331284676dc6,Not defined,8baf11e3-8d67-4720-ac8a-338a744b4244,,,,,,3,3,2025-09-11 15:01:34.585425+00
Questionnaire/203,10a5077a-a226-47dd-9deb-85eb0a468f58,,0eb40af8-ddd0-4d8e-85a5-d3b3bb1022e7,Not defined,92dd11a8-2635-476b-a8d0-573cf74d4487,0eb40af8-ddd0-4d8e-85a5-d3b3bb1022e7,d66f38ae-e5e7-4456-ae85-331284676dc6,Not defined,93d7c84f-1b78-49e2-9c76-8405ea02b939,,,,,,2,2,2025-09-11 15:01:34.585425+00
Questionnaire/203,7acefe77-c294-404e-b201-3f65b407cf4a,,0eb40af8-ddd0-4d8e-85a5-d3b3bb1022e7,Not defined,92dd11a8-2635-476b-a8d0-573cf74d4487,0eb40af8-ddd0-4d8e-85a5-d3b3bb1022e7,d66f38ae-e5e7-4456-ae85-331284676dc6,Not defined,9f2cb470-a132-4481-a91d-275c410f8dae,,,,,,2,2,2025-09-11 15:01:34.585425+00
Questionnaire/203,b9e76ac8-9cb0-4ed1-98c4-73e27364c925,,0eb40af8-ddd0-4d8e-85a5-d3b3bb1022e7,Not defined,92dd11a8-2635-476b-a8d0-573cf74d4487,0eb40af8-ddd0-4d8e-85a5-d3b3bb1022e7,d66f38ae-e5e7-4456-ae85-331284676dc6,Not defined,b17c2f2a-d066-43df-93d6-33ea69cb0270,,32,2,32,1992-06-30,1,1 - Worst mood,2025-09-11 15:01:34.585425+00
Questionnaire/203,9a888a17-b426-4596-8d17-707197d97541,,0eb40af8-ddd0-4d8e-85a5-d3b3bb1022e7,Not defined,92dd11a8-2635-476b-a8d0-573cf74d4487,0eb40af8-ddd0-4d8e-85a5-d3b3bb1022e7,d66f38ae-e5e7-4456-ae85-331284676dc6,Not defined,b3648f23-fe69-411f-9b91-2a177e10bef1,,,,,,5,5,2025-09-11 15:01:34.585425+00
Questionnaire/203,9a888a17-b426-4596-8d17-707197d97541,,0eb40af8-ddd0-4d8e-85a5-d3b3bb1022e7,Not defined,92dd11a8-2635-476b-a8d0-573cf74d4487,0eb40af8-ddd0-4d8e-85a5-d3b3bb1022e7,d66f38ae-e5e7-4456-ae85-331284676dc6,Not defined,ddef8e47-e053-4cf7-b136-2430dc14a3fc,mood commenttt,,,,,5,5,2025-09-11 15:01:34.585425+00
Questionnaire/203,999aa104-eb57-4875-80a2-70d40a2f1b4f,,0eb40af8-ddd0-4d8e-85a5-d3b3bb1022e7,Not defined,92dd11a8-2635-476b-a8d0-573cf74d4487,0eb40af8-ddd0-4d8e-85a5-d3b3bb1022e7,d66f38ae-e5e7-4456-ae85-331284676dc6,Not defined,deea6ed3-2b35-4bae-985b-6ef6a9eaf5f2,,26,1,26,1998-07-02,3,3,2025-09-11 15:01:34.585425+00
Questionnaire/203,1743be9a-3a6e-408f-9e54-b9e0501c2584,,0eb40af8-ddd0-4d8e-85a5-d3b3bb1022e7,Not defined,92dd11a8-2635-476b-a8d0-573cf74d4487,0eb40af8-ddd0-4d8e-85a5-d3b3bb1022e7,d66f38ae-e5e7-4456-ae85-331284676dc6,Not defined,e3d7426c-7308-443d-b167-5fe1b039192b,,,,,,3,3,2025-09-11 15:01:34.585425+00
Questionnaire/203,32787714-1df0-48dd-8df8-e1a5abf2a075,,0eb40af8-ddd0-4d8e-85a5-d3b3bb1022e7,Not defined,92dd11a8-2635-476b-a8d0-573cf74d4487,0eb40af8-ddd0-4d8e-85a5-d3b3bb1022e7,d66f38ae-e5e7-4456-ae85-331284676dc6,Not defined,eb4935ad-2bd6-4b62-b2a5-6d25901c5a14,,,,,,3,3,2025-09-11 15:01:34.585425+00
Questionnaire/203,ea3133bf-ab04-4e26-ab6d-eb6cd080e206,,0eb40af8-ddd0-4d8e-85a5-d3b3bb1022e7,Not defined,92dd11a8-2635-476b-a8d0-573cf74d4487,0eb40af8-ddd0-4d8e-85a5-d3b3bb1022e7,d66f38ae-e5e7-4456-ae85-331284676dc6,Not defined,ee8796ed-3172-4505-8307-3d11afdd5755,,,,,,3,3,2025-09-11 15:01:34.585425+00
Questionnaire/203,e1bd4888-a6e6-4050-93be-6d88ee829f73,,0eb40af8-ddd0-4d8e-85a5-d3b3bb1022e7,Not defined,92dd11a8-2635-476b-a8d0-573cf74d4487,0eb40af8-ddd0-4d8e-85a5-d3b3bb1022e7,d66f38ae-e5e7-4456-ae85-331284676dc6,Not defined,f58cfdea-5c94-45b8-acbe-108141d200db,,,,,,5,5,2025-09-11 15:01:34.585425+00
Questionnaire/203,2aef6361-7dd6-4aa0-a983-9803357c30b5,,0eb40af8-ddd0-4d8e-85a5-d3b3bb1022e7,Not defined,92dd11a8-2635-476b-a8d0-573cf74d4487,0eb40af8-ddd0-4d8e-85a5-d3b3bb1022e7,d66f38ae-e5e7-4456-ae85-331284676dc6,Not defined,fdb70746-8a65-48b1-8436-599905a454c8,,,,,,7,7,2025-09-11 15:01:34.585425+00
