questionnaire_id,subject_patient_id,encounter_id,author_practitioner_id,practitioner_location_id,practitioner_organization_id,practitioner_id,practitioner_careteam_id,application_version,qr_id,gad_place_declare_values,gad_place_declare_values_2,gad_place_declare_values_3,feeling_nervous,gad_gad_ipc_session,excessive_worry,trouble_relaxing,restlessness,irritability,feeling_afraid
Questionnaire/59,ea1c21de-c6e4-400e-a549-49aaddddf3fe,03c41dbe-3703-481a-b0a6-963e1bdd16df,0eb40af8-ddd0-4d8e-85a5-d3b3bb1022e7,a28a1a10-d6ab-45f2-84f3-8ab4db7850b2,92dd11a8-2635-476b-a8d0-573cf74d4487,0eb40af8-ddd0-4d8e-85a5-d3b3bb1022e7,e22f62dc-f531-418c-a13d-10385b0f0c4f,2.0.0-engage,0bf41009-fd4f-43c0-8588-9fc72e59b040,moderate-anxiety,13,Moderate anxiety,More than half the days,More than half the days,More than half the days,Several days,More than half the days,More than half the days,More than half the days
Questionnaire/59,42c3163d-d1bb-46df-9894-2db06c8ef8a3,,0eb40af8-ddd0-4d8e-85a5-d3b3bb1022e7,Not defined,92dd11a8-2635-476b-a8d0-573cf74d4487,0eb40af8-ddd0-4d8e-85a5-d3b3bb1022e7,e22f62dc-f531-418c-a13d-10385b0f0c4f,Not defined,0c89a96d-0b30-4460-a1d6-6a3167e20f64,moderate-anxiety,13,Moderate anxiety,,Several days,More than half the days,Nearly every day,More than half the days,Nearly every day,More than half the days
Questionnaire/59,781f4bfa-f728-40c4-8c8a-d035e8e7dbd4,6f500d89-ce14-4afc-90f6-2e3d585d0b30,0eb40af8-ddd0-4d8e-85a5-d3b3bb1022e7,a28a1a10-d6ab-45f2-84f3-8ab4db7850b2,92dd11a8-2635-476b-a8d0-573cf74d4487,0eb40af8-ddd0-4d8e-85a5-d3b3bb1022e7,e22f62dc-f531-418c-a13d-10385b0f0c4f,2.0.2-engage,0e6eb228-49f1-4884-b0ba-2fab0ea51cc9,mild-anxiety,7,Mild anxiety,Several days,Several days,Several days,Several days,Several days,Several days,Several days
Questionnaire/59,a9aaadf4-b3ae-48f0-8ce1-513ffe2dea5f,02da702d-40f5-4eeb-8005-0b4b9f08268a,5859d5f3-d37b-4a28-a68f-5ce1aaac611f,7a2bad81-130f-4785-8438-af7aac92fedf,602ec278-054a-473e-a553-957bd5ac8c6f,5859d5f3-d37b-4a28-a68f-5ce1aaac611f,83586171-9bac-426a-aae5-798bf548e15e,2.0.2-engage,0febbc62-582b-4162-9795-87889aa38aa0,severe-anxiety,15,Severe anxiety,More than half the days,Several days,Nearly every day,More than half the days,Several days,Nearly every day,Nearly every day
Questionnaire/59,31b9e833-904c-40a9-9f74-44141230128f,,0eb40af8-ddd0-4d8e-85a5-d3b3bb1022e7,Not defined,92dd11a8-2635-476b-a8d0-573cf74d4487,0eb40af8-ddd0-4d8e-85a5-d3b3bb1022e7,d66f38ae-e5e7-4456-ae85-331284676dc6,Not defined,11630034-ecbf-4a17-a975-9b156f549648,,11,Moderate anxiety,More than half the days,More than half the days,Several days,More than half the days,More than half the days,,More than half the days
Questionnaire/59,9b534915-4508-4002-a8ce-32a5fdcbf6f8,c413910c-3fd1-45bd-9ff1-59070d272e26,0eb40af8-ddd0-4d8e-85a5-d3b3bb1022e7,a28a1a10-d6ab-45f2-84f3-8ab4db7850b2,92dd11a8-2635-476b-a8d0-573cf74d4487,0eb40af8-ddd0-4d8e-85a5-d3b3bb1022e7,e22f62dc-f531-418c-a13d-10385b0f0c4f,2.2.0-engage,271b786e-e5a4-40a2-99de-af85a266d5a9,moderate-anxiety,10,Moderate anxiety,Several days,More than half the days,Several days,Several days,More than half the days,Several days,More than half the days
Questionnaire/59,8f6c3016-6d99-43e0-bc6d-a4be5727ba1d,11dd1a3b-526b-421f-a8f3-4739e9ec33ee,0eb40af8-ddd0-4d8e-85a5-d3b3bb1022e7,a28a1a10-d6ab-45f2-84f3-8ab4db7850b2,92dd11a8-2635-476b-a8d0-573cf74d4487,0eb40af8-ddd0-4d8e-85a5-d3b3bb1022e7,e22f62dc-f531-418c-a13d-10385b0f0c4f,2.2.0-engage,275de618-5651-4d54-9428-cd4f2ef881c5,moderate-anxiety,14,Moderate anxiety,More than half the days,More than half the days,More than half the days,More than half the days,More than half the days,More than half the days,More than half the days
Questionnaire/59,5ee2402d-024a-4cd3-9d2c-42124a638a7e,5613ff4c-31c4-4df2-8be5-7d7a3b55d7d5,0eb40af8-ddd0-4d8e-85a5-d3b3bb1022e7,a28a1a10-d6ab-45f2-84f3-8ab4db7850b2,92dd11a8-2635-476b-a8d0-573cf74d4487,0eb40af8-ddd0-4d8e-85a5-d3b3bb1022e7,e22f62dc-f531-418c-a13d-10385b0f0c4f,2.2.0-engage,2b808743-e20d-4984-992c-fe095590443c,mild-anxiety,9,Mild anxiety,Several days,Several days,Several days,Several days,Several days,More than half the days,More than half the days
Questionnaire/59,9e2b4a3b-701e-49b2-8257-904a6db0ae6d,4dc67045-119f-4cc1-9ffb-c99a019c98c8,0eb40af8-ddd0-4d8e-85a5-d3b3bb1022e7,a28a1a10-d6ab-45f2-84f3-8ab4db7850b2,92dd11a8-2635-476b-a8d0-573cf74d4487,0eb40af8-ddd0-4d8e-85a5-d3b3bb1022e7,e22f62dc-f531-418c-a13d-10385b0f0c4f,2.2.0-engage,3181a093-5a8f-49ae-979f-53dbfe2321b0,severe-anxiety,18,Severe anxiety,Nearly every day,More than half the days,Nearly every day,More than half the days,Nearly every day,More than half the days,Nearly every day
Questionnaire/59,ec421eed-1c76-49e7-9ce0-ed133e6f6379,4646b334-6019-46e3-9636-e07bcd5bbb42,0eb40af8-ddd0-4d8e-85a5-d3b3bb1022e7,a28a1a10-d6ab-45f2-84f3-8ab4db7850b2,92dd11a8-2635-476b-a8d0-573cf74d4487,0eb40af8-ddd0-4d8e-85a5-d3b3bb1022e7,e22f62dc-f531-418c-a13d-10385b0f0c4f,2.0.0-engage,36f93b24-0b11-4590-a2fd-a5e5bedb55f8,moderate-anxiety,14,Moderate anxiety,Several days,Several days,More than half the days,More than half the days,More than half the days,Nearly every day,Nearly every day
Questionnaire/59,5b70d0ce-bc89-4ccc-9449-8692c3b38928,2d0906d3-787e-4c61-90e0-75a987297cd0,5859d5f3-d37b-4a28-a68f-5ce1aaac611f,7a2bad81-130f-4785-8438-af7aac92fedf,602ec278-054a-473e-a553-957bd5ac8c6f,5859d5f3-d37b-4a28-a68f-5ce1aaac611f,83586171-9bac-426a-aae5-798bf548e15e,2.0.2-engage,39bfcc92-00f8-4cb9-99d7-2faaa25f2290,mild-anxiety,9,Mild anxiety,Several days,Several days,Several days,Several days,More than half the days,More than half the days,Several days
Questionnaire/59,6f271d61-f141-4fc5-9088-ffa1c291f690,f4b9b874-620b-4489-b889-7fcbd244a205,0eb40af8-ddd0-4d8e-85a5-d3b3bb1022e7,a28a1a10-d6ab-45f2-84f3-8ab4db7850b2,92dd11a8-2635-476b-a8d0-573cf74d4487,0eb40af8-ddd0-4d8e-85a5-d3b3bb1022e7,e22f62dc-f531-418c-a13d-10385b0f0c4f,2.0.0-engage,445f934e-a1df-47f9-a1ed-bfdbe562f891,mild-anxiety,9,Mild anxiety,Nearly every day,Several days,Several days,Several days,Several days,Several days,Several days
Questionnaire/59,f05564a1-4de7-4680-a17d-5ba329329f6c,cb4ea857-1be0-49c0-91f4-32b655ab0b58,0eb40af8-ddd0-4d8e-85a5-d3b3bb1022e7,a28a1a10-d6ab-45f2-84f3-8ab4db7850b2,92dd11a8-2635-476b-a8d0-573cf74d4487,0eb40af8-ddd0-4d8e-85a5-d3b3bb1022e7,e22f62dc-f531-418c-a13d-10385b0f0c4f,2.2.0-engage,4a424ef5-8433-4406-b5bc-a672e1992484,minimal-anxiety,4,Minimal anxiety,Several days,Several days,Several days,Several days,Not at all,Not at all,Not at all
Questionnaire/59,1ad2aaab-ce46-41c4-81d0-f1b9d415d4ca,,0eb40af8-ddd0-4d8e-85a5-d3b3bb1022e7,Not defined,92dd11a8-2635-476b-a8d0-573cf74d4487,0eb40af8-ddd0-4d8e-85a5-d3b3bb1022e7,e22f62dc-f531-418c-a13d-10385b0f0c4f,Not defined,52ed1c18-e2a4-4c16-a454-2eb765ff5406,mild-anxiety,7,Mild anxiety,Several days,Not at all,Several days,More than half the days,Several days,More than half the days,Not at all
Questionnaire/59,fffa753b-b871-430f-acdf-e16dd47ab2bb,92ca6044-cfa7-4faf-bba1-12e3236d1198,0eb40af8-ddd0-4d8e-85a5-d3b3bb1022e7,a28a1a10-d6ab-45f2-84f3-8ab4db7850b2,92dd11a8-2635-476b-a8d0-573cf74d4487,0eb40af8-ddd0-4d8e-85a5-d3b3bb1022e7,e22f62dc-f531-418c-a13d-10385b0f0c4f,2.1.2-engage,54314b2e-56c3-4869-8893-0199ffc13629,mild-anxiety,7,Mild anxiety,Several days,Several days,Several days,Several days,Several days,Several days,Several days
Questionnaire/59,c7cbedbb-a574-42f9-a9ed-4a61cb606d0b,256bcb65-b1db-4b35-bcfb-12424376adf7,0eb40af8-ddd0-4d8e-85a5-d3b3bb1022e7,a28a1a10-d6ab-45f2-84f3-8ab4db7850b2,92dd11a8-2635-476b-a8d0-573cf74d4487,0eb40af8-ddd0-4d8e-85a5-d3b3bb1022e7,e22f62dc-f531-418c-a13d-10385b0f0c4f,2.0.1-engage,6c3d7510-ad32-4abf-908b-eaaf168dbdb5,moderate-anxiety,11,Moderate anxiety,More than half the days,Several days,More than half the days,Nearly every day,More than half the days,Several days,Not at all
Questionnaire/59,77679304-1eda-4ad7-a218-2ef2aadcf83f,c64d82d5-100a-44cf-84fb-f205337af02e,0eb40af8-ddd0-4d8e-85a5-d3b3bb1022e7,a28a1a10-d6ab-45f2-84f3-8ab4db7850b2,92dd11a8-2635-476b-a8d0-573cf74d4487,0eb40af8-ddd0-4d8e-85a5-d3b3bb1022e7,e22f62dc-f531-418c-a13d-10385b0f0c4f,2.1.2-engage,780e15e1-24e4-44a2-a537-f6f96f8391fd,mild-anxiety,8,Mild anxiety,Several days,Not at all,Several days,More than half the days,Several days,More than half the days,Several days
Questionnaire/59,d9502b4c-258a-4538-8250-074c1ff03e25,,0eb40af8-ddd0-4d8e-85a5-d3b3bb1022e7,Not defined,92dd11a8-2635-476b-a8d0-573cf74d4487,0eb40af8-ddd0-4d8e-85a5-d3b3bb1022e7,e22f62dc-f531-418c-a13d-10385b0f0c4f,Not defined,79b6f0e0-8019-4b44-88c8-5aed4569e78f,,0,Minimal anxiety,,,,,,,
Questionnaire/59,40c53fb6-6301-4da8-888f-0242ddd567d6,c45d6c30-9ce9-40bc-97e5-9f3e8b4659fe,0eb40af8-ddd0-4d8e-85a5-d3b3bb1022e7,a28a1a10-d6ab-45f2-84f3-8ab4db7850b2,92dd11a8-2635-476b-a8d0-573cf74d4487,0eb40af8-ddd0-4d8e-85a5-d3b3bb1022e7,e22f62dc-f531-418c-a13d-10385b0f0c4f,2.1.2-engage,7ec3a728-283d-4416-819f-91041f85747f,mild-anxiety,6,Mild anxiety,Several days,Several days,Several days,Several days,Several days,Several days,Not at all
Questionnaire/59,658bf01b-d18f-4ac1-8da5-4740a1c4bc6d,36e2a9d9-714d-425a-b675-37f236db1dd3,0eb40af8-ddd0-4d8e-85a5-d3b3bb1022e7,a28a1a10-d6ab-45f2-84f3-8ab4db7850b2,92dd11a8-2635-476b-a8d0-573cf74d4487,0eb40af8-ddd0-4d8e-85a5-d3b3bb1022e7,e22f62dc-f531-418c-a13d-10385b0f0c4f,2.2.0-engage,819dd461-0d97-457c-b3c7-09b7d745e89e,mild-anxiety,5,Mild anxiety,Several days,Not at all,Several days,Not at all,Several days,Several days,Several days
Questionnaire/59,f79a9c7e-77f0-4af1-8319-67890aea6f91,c839dbb7-4c81-4027-8911-774dec047804,5859d5f3-d37b-4a28-a68f-5ce1aaac611f,7a2bad81-130f-4785-8438-af7aac92fedf,602ec278-054a-473e-a553-957bd5ac8c6f,5859d5f3-d37b-4a28-a68f-5ce1aaac611f,83586171-9bac-426a-aae5-798bf548e15e,2.0.2-engage,8bb1b3fc-0650-47fb-ba79-2b13ee127f6e,severe-anxiety,17,Severe anxiety,Nearly every day,More than half the days,Nearly every day,More than half the days,More than half the days,Nearly every day,More than half the days
Questionnaire/59,c220a224-11b2-4a42-a02f-007eecb3b4f0,20f859bc-d809-4b7f-93d6-5fb0dd9b01ce,0eb40af8-ddd0-4d8e-85a5-d3b3bb1022e7,a28a1a10-d6ab-45f2-84f3-8ab4db7850b2,92dd11a8-2635-476b-a8d0-573cf74d4487,0eb40af8-ddd0-4d8e-85a5-d3b3bb1022e7,e22f62dc-f531-418c-a13d-10385b0f0c4f,2.2.0-engage,90f4973e-8a99-42d0-88ee-e9fbf5756481,moderate-anxiety,10,Moderate anxiety,Several days,More than half the days,Several days,More than half the days,Several days,More than half the days,Several days
Questionnaire/59,5f896878-1169-4ea7-b479-835b28679f17,e1ba1f60-1a34-4207-a011-d4ea6d9bdc4c,0eb40af8-ddd0-4d8e-85a5-d3b3bb1022e7,a28a1a10-d6ab-45f2-84f3-8ab4db7850b2,92dd11a8-2635-476b-a8d0-573cf74d4487,0eb40af8-ddd0-4d8e-85a5-d3b3bb1022e7,e22f62dc-f531-418c-a13d-10385b0f0c4f,2.0.0-engage,9a4ec5ac-4e51-4986-8d05-9539015b5074,moderate-anxiety,14,Moderate anxiety,Several days,More than half the days,Nearly every day,More than half the days,Nearly every day,Several days,More than half the days
Questionnaire/59,2366eacb-4422-4cc7-931c-e05e6ea2d139,58911d0c-34b2-46de-b9cd-2ac402d54e67,0eb40af8-ddd0-4d8e-85a5-d3b3bb1022e7,a28a1a10-d6ab-45f2-84f3-8ab4db7850b2,92dd11a8-2635-476b-a8d0-573cf74d4487,0eb40af8-ddd0-4d8e-85a5-d3b3bb1022e7,e22f62dc-f531-418c-a13d-10385b0f0c4f,2.1.2-engage,a0e62d85-c2ab-46cc-a8fd-a496c94e32eb,mild-anxiety,6,Mild anxiety,Several days,Several days,Several days,Several days,Not at all,Several days,Several days
Questionnaire/59,162f2b99-9110-45a1-bb7a-2cac76d288f4,a7b4979e-b7c7-483d-9f6e-f4a1f2bde0c6,0eb40af8-ddd0-4d8e-85a5-d3b3bb1022e7,a28a1a10-d6ab-45f2-84f3-8ab4db7850b2,92dd11a8-2635-476b-a8d0-573cf74d4487,0eb40af8-ddd0-4d8e-85a5-d3b3bb1022e7,e22f62dc-f531-418c-a13d-10385b0f0c4f,2.0.2-engage,a143e67b-a6a8-4ca5-9c2f-6121e7fd0547,mild-anxiety,7,Mild anxiety,Several days,Several days,Several days,Several days,Several days,Several days,Several days
Questionnaire/59,04edab19-6899-4eb6-8486-34a8e0509963,cd8f6fbc-6988-4204-b237-85c2c97f6cf0,0eb40af8-ddd0-4d8e-85a5-d3b3bb1022e7,a28a1a10-d6ab-45f2-84f3-8ab4db7850b2,92dd11a8-2635-476b-a8d0-573cf74d4487,0eb40af8-ddd0-4d8e-85a5-d3b3bb1022e7,e22f62dc-f531-418c-a13d-10385b0f0c4f,2.0.0-engage,bcc1876a-fecd-465f-bf81-49c03678043b,severe-anxiety,19,Severe anxiety,More than half the days,Nearly every day,Nearly every day,Nearly every day,Nearly every day,More than half the days,Nearly every day
Questionnaire/59,024acb92-a14d-49d1-86a4-093715bf5793,38bc2c08-0622-4a23-9668-3f6bf745dea8,0eb40af8-ddd0-4d8e-85a5-d3b3bb1022e7,a28a1a10-d6ab-45f2-84f3-8ab4db7850b2,92dd11a8-2635-476b-a8d0-573cf74d4487,0eb40af8-ddd0-4d8e-85a5-d3b3bb1022e7,e22f62dc-f531-418c-a13d-10385b0f0c4f,2.2.0-engage,bf48af15-6655-472a-a1df-adfc5dc3a5bd,severe-anxiety,17,Severe anxiety,Nearly every day,More than half the days,More than half the days,Nearly every day,Nearly every day,More than half the days,More than half the days
Questionnaire/59,9b4f31f2-b327-47c9-91c6-56082f924410,10ff8898-d766-45fe-8dc8-f02867f25be8,0eb40af8-ddd0-4d8e-85a5-d3b3bb1022e7,a28a1a10-d6ab-45f2-84f3-8ab4db7850b2,92dd11a8-2635-476b-a8d0-573cf74d4487,0eb40af8-ddd0-4d8e-85a5-d3b3bb1022e7,e22f62dc-f531-418c-a13d-10385b0f0c4f,2.2.0-engage,c233d79f-641d-4b02-a6d9-1016144c249e,minimal-anxiety,4,Minimal anxiety,Several days,Not at all,Several days,Not at all,Several days,Not at all,Several days
Questionnaire/59,c9adb1a9-83aa-454e-a005-b436b6d6ff58,,0eb40af8-ddd0-4d8e-85a5-d3b3bb1022e7,Not defined,92dd11a8-2635-476b-a8d0-573cf74d4487,0eb40af8-ddd0-4d8e-85a5-d3b3bb1022e7,e22f62dc-f531-418c-a13d-10385b0f0c4f,Not defined,d8535b33-e37d-44da-ba4f-a98489f49189,moderate-anxiety,14,Moderate anxiety,More than half the days,More than half the days,More than half the days,More than half the days,More than half the days,More than half the days,More than half the days
Questionnaire/59,7ccbfbcc-3b7d-4aea-9b15-045bebd17684,5bd2f163-8815-468d-96e9-7368b1ca72e5,8ecda3b5-f741-4752-ba5e-0f93006aa100,1a244e58-4583-41ff-9f9c-acb14d5ee9ec,d49549fa-5068-4a6e-81fc-eb6c315d2d53,8ecda3b5-f741-4752-ba5e-0f93006aa100,02564c94-d5c0-4356-b697-ebc48a3e0412,2.2.0-engage,e6013cb1-8f0a-4e1f-a12c-762a5e586067,mild-anxiety,7,Mild anxiety,Several days,More than half the days,Several days,More than half the days,Several days,Not at all,Not at all
Questionnaire/59,f177e016-e1a9-4b9b-a516-969c5b98301e,0f3a819a-b422-4f49-b11e-a925cd8cdcaf,0eb40af8-ddd0-4d8e-85a5-d3b3bb1022e7,a28a1a10-d6ab-45f2-84f3-8ab4db7850b2,92dd11a8-2635-476b-a8d0-573cf74d4487,0eb40af8-ddd0-4d8e-85a5-d3b3bb1022e7,e22f62dc-f531-418c-a13d-10385b0f0c4f,2.0.0-engage,e7baa691-8cb9-4d60-ba16-ff84ff9338f2,mild-anxiety,5,Mild anxiety,Not at all,Not at all,Several days,Several days,Several days,Several days,Several days
Questionnaire/59,71a7b06d-86a6-4aa6-8bd1-52c8943583da,19faad4c-a919-48e4-b305-013ebd38c2d2,0eb40af8-ddd0-4d8e-85a5-d3b3bb1022e7,a28a1a10-d6ab-45f2-84f3-8ab4db7850b2,92dd11a8-2635-476b-a8d0-573cf74d4487,0eb40af8-ddd0-4d8e-85a5-d3b3bb1022e7,e22f62dc-f531-418c-a13d-10385b0f0c4f,2.1.2-engage,f41637cf-966c-4de7-b7f8-77f9193d4790,mild-anxiety,7,Mild anxiety,Several days,Several days,Several days,Several days,Several days,Several days,Several days
Questionnaire/59,490964c9-24d6-4c9d-acab-71b2e6d35fe6,553b72a6-01da-4113-8574-835ea13dbc29,0eb40af8-ddd0-4d8e-85a5-d3b3bb1022e7,a28a1a10-d6ab-45f2-84f3-8ab4db7850b2,ee1b8cf2-2f4a-447c-bbb5-d63c674aff01,0eb40af8-ddd0-4d8e-85a5-d3b3bb1022e7,e22f62dc-f531-418c-a13d-10385b0f0c4f,2.2.0-engage,f526533d-ba93-4885-b806-8c9e8ccf63e8,mild-anxiety,8,Mild anxiety,More than half the days,Nearly every day,Nearly every day,,,,
Questionnaire/59,bd41c189-6b9e-4544-bb9d-e8cfe0a2d76b,0fcb239d-589a-4557-8770-8cae17074525,0eb40af8-ddd0-4d8e-85a5-d3b3bb1022e7,a28a1a10-d6ab-45f2-84f3-8ab4db7850b2,92dd11a8-2635-476b-a8d0-573cf74d4487,0eb40af8-ddd0-4d8e-85a5-d3b3bb1022e7,e22f62dc-f531-418c-a13d-10385b0f0c4f,2.2.0-engage,f561a055-ede3-49da-a53b-e2f19aa40c08,moderate-anxiety,10,Moderate anxiety,More than half the days,Several days,Several days,More than half the days,Several days,More than half the days,Several days
Questionnaire/59,87f0f749-f6b9-4225-8548-fe05417e8847,dbd24e52-7e89-466f-b870-e87cce6f095b,5859d5f3-d37b-4a28-a68f-5ce1aaac611f,7a2bad81-130f-4785-8438-af7aac92fedf,602ec278-054a-473e-a553-957bd5ac8c6f,5859d5f3-d37b-4a28-a68f-5ce1aaac611f,83586171-9bac-426a-aae5-798bf548e15e,2.0.2-engage,f5804654-becd-4228-9e06-683a11da1856,moderate-anxiety,14,Moderate anxiety,Nearly every day,More than half the days,Several days,Several days,Nearly every day,More than half the days,More than half the days
Questionnaire/59,f327ae5b-4c8a-4fe8-93dc-a66d9f75348d,d0f0cf95-90e5-49ba-b53b-5aa295d7c226,0eb40af8-ddd0-4d8e-85a5-d3b3bb1022e7,a28a1a10-d6ab-45f2-84f3-8ab4db7850b2,92dd11a8-2635-476b-a8d0-573cf74d4487,0eb40af8-ddd0-4d8e-85a5-d3b3bb1022e7,e22f62dc-f531-418c-a13d-10385b0f0c4f,2.0.0-engage,f646f85d-31fc-427f-bfc3-25aab98a88d6,severe-anxiety,15,Severe anxiety,More than half the days,Nearly every day,Nearly every day,More than half the days,Several days,More than half the days,More than half the days
Questionnaire/59,76769aa3-fc46-45e2-bc1d-72df0cb35625,,0eb40af8-ddd0-4d8e-85a5-d3b3bb1022e7,Not defined,92dd11a8-2635-476b-a8d0-573cf74d4487,0eb40af8-ddd0-4d8e-85a5-d3b3bb1022e7,d66f38ae-e5e7-4456-ae85-331284676dc6,Not defined,fad22f85-ecf0-43c3-bd31-4fa6409daaf3,,9,Mild anxiety,More than half the days,,More than half the days,More than half the days,Several days,Several days,Several days
