questionnaire_id,subject_patient_id,encounter_id,author_practitioner_id,practitioner_location_id,practitioner_organization_id,practitioner_id,practitioner_careteam_id,application_version,qr_id,mood_rating_ipc,add_family_member,add_family_member_3,add_family_member_4,add_family_member_5,mood_rating_ipc_6
Questionnaire/206,fce2add9-0f1b-4c79-9b37-7a0ea7ee67ac,,0eb40af8-ddd0-4d8e-85a5-d3b3bb1022e7,Not defined,92dd11a8-2635-476b-a8d0-573cf74d4487,0eb40af8-ddd0-4d8e-85a5-d3b3bb1022e7,d66f38ae-e5e7-4456-ae85-331284676dc6,Not defined,5b142bfc-517c-47dc-8012-92d44dc1f9ee,2,,,,,2
Questionnaire/206,e3417ced-8d7e-4e00-b267-db8b5f808e7a,,0eb40af8-ddd0-4d8e-85a5-d3b3bb1022e7,Not defined,92dd11a8-2635-476b-a8d0-573cf74d4487,0eb40af8-ddd0-4d8e-85a5-d3b3bb1022e7,d66f38ae-e5e7-4456-ae85-331284676dc6,Not defined,be0c8c9b-b213-41d4-ab05-3e680da25192,6,,,,,6
Questionnaire/206,b9e76ac8-9cb0-4ed1-98c4-73e27364c925,,0eb40af8-ddd0-4d8e-85a5-d3b3bb1022e7,Not defined,92dd11a8-2635-476b-a8d0-573cf74d4487,0eb40af8-ddd0-4d8e-85a5-d3b3bb1022e7,d66f38ae-e5e7-4456-ae85-331284676dc6,Not defined,d5dcf3a5-c9c8-4976-85a0-1e62d1138ff3,3,32,2,32,1992-06-30,3
Questionnaire/206,ea3133bf-ab04-4e26-ab6d-eb6cd080e206,,0eb40af8-ddd0-4d8e-85a5-d3b3bb1022e7,Not defined,92dd11a8-2635-476b-a8d0-573cf74d4487,0eb40af8-ddd0-4d8e-85a5-d3b3bb1022e7,d66f38ae-e5e7-4456-ae85-331284676dc6,Not defined,d737081a-2791-4fe2-a0d3-25cea739694f,3,,,,,3
