questionnaire_id,subject_patient_id,encounter_id,author_practitioner_id,practitioner_location_id,practitioner_organization_id,practitioner_id,practitioner_careteam_id,application_version,qr_id,phq_place_declare_values,phq_place_declare_values_2,phq_place_declare_values_3,problem_difficulty,psychomotor,suicidal_thoughts,little_interest,feeling_down,sleep_trouble,low_energy,appetite_problems,feeling_bad_self,concentration_trouble
Questionnaire/211,9e2b4a3b-701e-49b2-8257-904a6db0ae6d,ee57c5d3-11d9-4bc7-91f6-ced9ade11c87,0eb40af8-ddd0-4d8e-85a5-d3b3bb1022e7,a28a1a10-d6ab-45f2-84f3-8ab4db7850b2,92dd11a8-2635-476b-a8d0-573cf74d4487,0eb40af8-ddd0-4d8e-85a5-d3b3bb1022e7,e22f62dc-f531-418c-a13d-10385b0f0c4f,2.2.0-engage,12bf37fe-91cb-41e4-a90a-9bb4e05d8f4d,15,Moderately severe depression,moderately-severe-depression,Somewhat difficult,Several days,Several days,More than half the days,Nearly every day,More than half the days,More than half the days,More than half the days,Several days,Several days
Questionnaire/211,f79a9c7e-77f0-4af1-8319-67890aea6f91,5f39f9d5-7010-4017-b099-ee3cd3d4cc76,5859d5f3-d37b-4a28-a68f-5ce1aaac611f,7a2bad81-130f-4785-8438-af7aac92fedf,602ec278-054a-473e-a553-957bd5ac8c6f,5859d5f3-d37b-4a28-a68f-5ce1aaac611f,83586171-9bac-426a-aae5-798bf548e15e,2.0.2-engage,22891371-d513-4d8e-92fd-f1ad64303e12,17,Moderately severe depression,moderately-severe-depression,Very difficult,Not at all,Several days,More than half the days,Nearly every day,Nearly every day,More than half the days,Nearly every day,More than half the days,Several days
Questionnaire/211,bd41c189-6b9e-4544-bb9d-e8cfe0a2d76b,51936fdc-00e7-498f-8ced-5ea1b47f6e7c,0eb40af8-ddd0-4d8e-85a5-d3b3bb1022e7,a28a1a10-d6ab-45f2-84f3-8ab4db7850b2,92dd11a8-2635-476b-a8d0-573cf74d4487,0eb40af8-ddd0-4d8e-85a5-d3b3bb1022e7,e22f62dc-f531-418c-a13d-10385b0f0c4f,2.2.0-engage,28399081-c031-4181-968a-f909923a6683,5,Mild depression,mild-depression,Somewhat difficult,Not at all,Several days,Several days,Not at all,Several days,Not at all,Several days,Not at all,Several days
Questionnaire/211,c9adb1a9-83aa-454e-a005-b436b6d6ff58,,0eb40af8-ddd0-4d8e-85a5-d3b3bb1022e7,Not defined,92dd11a8-2635-476b-a8d0-573cf74d4487,0eb40af8-ddd0-4d8e-85a5-d3b3bb1022e7,e22f62dc-f531-418c-a13d-10385b0f0c4f,Not defined,38cacefb-dffd-4347-af62-9353fa3f9351,18,Moderately severe depression,moderately-severe-depression,Very difficult,2 - More than half the days,2 - More than half the days,2 - More than half the days,2 - More than half the days,2 - More than half the days,2 - More than half the days,2 - More than half the days,2 - More than half the days,2 - More than half the days
Questionnaire/211,87f0f749-f6b9-4225-8548-fe05417e8847,016fa094-3218-4237-9b30-46201879b274,5859d5f3-d37b-4a28-a68f-5ce1aaac611f,7a2bad81-130f-4785-8438-af7aac92fedf,602ec278-054a-473e-a553-957bd5ac8c6f,5859d5f3-d37b-4a28-a68f-5ce1aaac611f,83586171-9bac-426a-aae5-798bf548e15e,2.0.2-engage,3d892028-9c4f-45bc-9ccf-0345c08e71ad,23,Severe depression,severe-depression,Extremely difficult,More than half the days,Nearly every day,More than half the days,Nearly every day,More than half the days,Nearly every day,Nearly every day,More than half the days,Nearly every day
Questionnaire/211,1ad2aaab-ce46-41c4-81d0-f1b9d415d4ca,,0eb40af8-ddd0-4d8e-85a5-d3b3bb1022e7,Not defined,92dd11a8-2635-476b-a8d0-573cf74d4487,0eb40af8-ddd0-4d8e-85a5-d3b3bb1022e7,e22f62dc-f531-418c-a13d-10385b0f0c4f,Not defined,49d157e5-67b4-48a8-979e-f5bf5dac1154,9,Mild depression,mild-depression,Somewhat difficult,0 - Not at all,1 - Several days,0 - Not at all,1 - Several days,1 - Several days,2 - More than half the days,3 - Nearly every day,0 - Not at all,1 - Several days
Questionnaire/211,77679304-1eda-4ad7-a218-2ef2aadcf83f,7e6f43e0-c57a-440e-9493-ce1301b18485,0eb40af8-ddd0-4d8e-85a5-d3b3bb1022e7,a28a1a10-d6ab-45f2-84f3-8ab4db7850b2,92dd11a8-2635-476b-a8d0-573cf74d4487,0eb40af8-ddd0-4d8e-85a5-d3b3bb1022e7,e22f62dc-f531-418c-a13d-10385b0f0c4f,2.1.2-engage,586df52e-b7ad-4bfb-948d-1930aad1c05f,1,None-minimal depression,none-minimal-depression,Not difficult at all,Not at all,Not at all,Not at all,Not at all,Not at all,Several days,Not at all,Not at all,Not at all
Questionnaire/211,f01aa0d5-7e65-4f61-a787-ab4dd2535fa6,,0eb40af8-ddd0-4d8e-85a5-d3b3bb1022e7,Not defined,92dd11a8-2635-476b-a8d0-573cf74d4487,0eb40af8-ddd0-4d8e-85a5-d3b3bb1022e7,e22f62dc-f531-418c-a13d-10385b0f0c4f,Not defined,5d98400c-aa29-472d-a319-f83f8f12b0a3,18,Moderately severe depression,moderately-severe-depression,Very difficult,0 - Not at all,3 - Nearly every day,2 - More than half the days,2 - More than half the days,3 - Nearly every day,2 - More than half the days,3 - Nearly every day,2 - More than half the days,1 - Several days
Questionnaire/211,024acb92-a14d-49d1-86a4-093715bf5793,9b5995bd-280f-41ae-87c3-5cb4e564f69d,0eb40af8-ddd0-4d8e-85a5-d3b3bb1022e7,a28a1a10-d6ab-45f2-84f3-8ab4db7850b2,92dd11a8-2635-476b-a8d0-573cf74d4487,0eb40af8-ddd0-4d8e-85a5-d3b3bb1022e7,e22f62dc-f531-418c-a13d-10385b0f0c4f,2.2.0-engage,5dece8ff-dfc9-43b5-a454-fbeb73e15f83,19,Moderately severe depression,moderately-severe-depression,Somewhat difficult,More than half the days,More than half the days,Nearly every day,More than half the days,More than half the days,More than half the days,More than half the days,More than half the days,More than half the days
Questionnaire/211,f177e016-e1a9-4b9b-a516-969c5b98301e,572b50ff-80a2-407a-9c5c-1f8b75c5c9e7,0eb40af8-ddd0-4d8e-85a5-d3b3bb1022e7,a28a1a10-d6ab-45f2-84f3-8ab4db7850b2,92dd11a8-2635-476b-a8d0-573cf74d4487,0eb40af8-ddd0-4d8e-85a5-d3b3bb1022e7,e22f62dc-f531-418c-a13d-10385b0f0c4f,2.0.0-engage,65dfac82-8aff-49b8-b9ef-a609ed77b99d,3,None-minimal depression,none-minimal-depression,Not difficult at all,0 - Not at all,0 - Not at all,2 - More than half the days,0 - Not at all,0 - Not at all,1 - Several days,0 - Not at all,0 - Not at all,0 - Not at all
Questionnaire/211,5ee2402d-024a-4cd3-9d2c-42124a638a7e,18986568-d068-4ac1-a712-c4262cad0cc7,0eb40af8-ddd0-4d8e-85a5-d3b3bb1022e7,a28a1a10-d6ab-45f2-84f3-8ab4db7850b2,92dd11a8-2635-476b-a8d0-573cf74d4487,0eb40af8-ddd0-4d8e-85a5-d3b3bb1022e7,e22f62dc-f531-418c-a13d-10385b0f0c4f,2.2.0-engage,67922f52-fcb2-4039-a063-84f7484fb92e,10,Moderate depression,moderate-depression,Somewhat difficult,Not at all,Several days,More than half the days,Several days,More than half the days,Several days,Several days,Several days,Several days
Questionnaire/211,ec421eed-1c76-49e7-9ce0-ed133e6f6379,b7119ddc-2529-4d4a-8b50-3b76790d2474,0eb40af8-ddd0-4d8e-85a5-d3b3bb1022e7,a28a1a10-d6ab-45f2-84f3-8ab4db7850b2,92dd11a8-2635-476b-a8d0-573cf74d4487,0eb40af8-ddd0-4d8e-85a5-d3b3bb1022e7,e22f62dc-f531-418c-a13d-10385b0f0c4f,2.0.0-engage,6c6948a0-6460-461b-aff9-a9d571620e00,26,Severe depression,severe-depression,Very difficult,3 - Nearly every day,3 - Nearly every day,2 - More than half the days,3 - Nearly every day,3 - Nearly every day,3 - Nearly every day,3 - Nearly every day,3 - Nearly every day,3 - Nearly every day
Questionnaire/211,2366eacb-4422-4cc7-931c-e05e6ea2d139,dc07bd54-f2ae-40a2-a5c5-740f9ed8e0cb,0eb40af8-ddd0-4d8e-85a5-d3b3bb1022e7,a28a1a10-d6ab-45f2-84f3-8ab4db7850b2,92dd11a8-2635-476b-a8d0-573cf74d4487,0eb40af8-ddd0-4d8e-85a5-d3b3bb1022e7,e22f62dc-f531-418c-a13d-10385b0f0c4f,2.1.2-engage,72893a20-a250-40be-ba7c-b9a6a622f5a8,4,None-minimal depression,none-minimal-depression,Not difficult at all,Not at all,Not at all,Several days,Several days,Several days,Several days,Not at all,Not at all,Not at all
Questionnaire/211,f05564a1-4de7-4680-a17d-5ba329329f6c,9fbdecf7-3163-4265-887b-6eacb61caab2,0eb40af8-ddd0-4d8e-85a5-d3b3bb1022e7,a28a1a10-d6ab-45f2-84f3-8ab4db7850b2,92dd11a8-2635-476b-a8d0-573cf74d4487,0eb40af8-ddd0-4d8e-85a5-d3b3bb1022e7,e22f62dc-f531-418c-a13d-10385b0f0c4f,2.2.0-engage,73f0f670-bef4-454b-8bcd-c04ce5f5343f,4,None-minimal depression,none-minimal-depression,Not difficult at all,Not at all,Not at all,Several days,Several days,Several days,Several days,Not at all,Not at all,Not at all
Questionnaire/211,781f4bfa-f728-40c4-8c8a-d035e8e7dbd4,ef73b7c2-1f2c-4a48-8bad-536b131a9995,0eb40af8-ddd0-4d8e-85a5-d3b3bb1022e7,a28a1a10-d6ab-45f2-84f3-8ab4db7850b2,92dd11a8-2635-476b-a8d0-573cf74d4487,0eb40af8-ddd0-4d8e-85a5-d3b3bb1022e7,e22f62dc-f531-418c-a13d-10385b0f0c4f,2.0.2-engage,7fd68e8b-fb9c-4e04-b283-94ed43218430,3,None-minimal depression,none-minimal-depression,Somewhat difficult,Not at all,Not at all,Several days,Several days,Several days,Not at all,Not at all,Not at all,Not at all
Questionnaire/211,8c460a02-5598-4503-9b13-fb4c53ae22c1,,0eb40af8-ddd0-4d8e-85a5-d3b3bb1022e7,Not defined,92dd11a8-2635-476b-a8d0-573cf74d4487,0eb40af8-ddd0-4d8e-85a5-d3b3bb1022e7,e22f62dc-f531-418c-a13d-10385b0f0c4f,Not defined,817f3b59-f3e5-43f0-ab2c-ac17343b6f25,0,None-minimal depression,,,,,,,,,,,
Questionnaire/211,490964c9-24d6-4c9d-acab-71b2e6d35fe6,fe493dad-6f79-4d74-8768-fb11cf5a3c35,0eb40af8-ddd0-4d8e-85a5-d3b3bb1022e7,a28a1a10-d6ab-45f2-84f3-8ab4db7850b2,ee1b8cf2-2f4a-447c-bbb5-d63c674aff01,0eb40af8-ddd0-4d8e-85a5-d3b3bb1022e7,e22f62dc-f531-418c-a13d-10385b0f0c4f,2.2.0-engage,8557fc11-ee87-442a-9a19-26d5804b8242,18,Moderately severe depression,moderately-severe-depression,,,,Nearly every day,Nearly every day,Nearly every day,Nearly every day,More than half the days,More than half the days,More than half the days
Questionnaire/211,04edab19-6899-4eb6-8486-34a8e0509963,2d0f5f6a-13ef-4d66-ab16-8d9ed5862987,0eb40af8-ddd0-4d8e-85a5-d3b3bb1022e7,a28a1a10-d6ab-45f2-84f3-8ab4db7850b2,92dd11a8-2635-476b-a8d0-573cf74d4487,0eb40af8-ddd0-4d8e-85a5-d3b3bb1022e7,e22f62dc-f531-418c-a13d-10385b0f0c4f,2.0.0-engage,a375365d-8fd7-4275-8b5f-51c56d4d7753,20,Severe depression,severe-depression,Extremely difficult,1 - Several days,2 - More than half the days,2 - More than half the days,2 - More than half the days,3 - Nearly every day,2 - More than half the days,3 - Nearly every day,2 - More than half the days,3 - Nearly every day
Questionnaire/211,a9aaadf4-b3ae-48f0-8ce1-513ffe2dea5f,8f0ff4e6-815a-487f-b2b3-05374518289d,5859d5f3-d37b-4a28-a68f-5ce1aaac611f,7a2bad81-130f-4785-8438-af7aac92fedf,602ec278-054a-473e-a553-957bd5ac8c6f,5859d5f3-d37b-4a28-a68f-5ce1aaac611f,83586171-9bac-426a-aae5-798bf548e15e,2.0.2-engage,a49efce2-47f0-46c2-9381-5118d69127ee,23,Severe depression,severe-depression,Very difficult,More than half the days,Nearly every day,Nearly every day,More than half the days,Nearly every day,More than half the days,Nearly every day,More than half the days,Nearly every day
Questionnaire/211,162f2b99-9110-45a1-bb7a-2cac76d288f4,ef050d52-e237-4da0-8b74-9812b538409f,0eb40af8-ddd0-4d8e-85a5-d3b3bb1022e7,a28a1a10-d6ab-45f2-84f3-8ab4db7850b2,92dd11a8-2635-476b-a8d0-573cf74d4487,0eb40af8-ddd0-4d8e-85a5-d3b3bb1022e7,e22f62dc-f531-418c-a13d-10385b0f0c4f,2.0.2-engage,a85d9a66-5a30-41d3-b439-d693a2e6be85,0,None-minimal depression,none-minimal-depression,,Not at all,Not at all,Not at all,Not at all,Not at all,Not at all,Not at all,Not at all,Not at all
Questionnaire/211,5f896878-1169-4ea7-b479-835b28679f17,2d4967a1-f3e3-4f74-a1c1-817ff0de0e65,0eb40af8-ddd0-4d8e-85a5-d3b3bb1022e7,a28a1a10-d6ab-45f2-84f3-8ab4db7850b2,92dd11a8-2635-476b-a8d0-573cf74d4487,0eb40af8-ddd0-4d8e-85a5-d3b3bb1022e7,e22f62dc-f531-418c-a13d-10385b0f0c4f,2.0.0-engage,b0871f13-b1c8-4ff4-9f94-b6080adcf1f3,16,Moderately severe depression,moderately-severe-depression,Somewhat difficult,3 - Nearly every day,2 - More than half the days,2 - More than half the days,1 - Several days,0 - Not at all,3 - Nearly every day,2 - More than half the days,1 - Several days,2 - More than half the days
Questionnaire/211,71a7b06d-86a6-4aa6-8bd1-52c8943583da,5e1db6c4-3800-4b60-b593-b986ab1a1b41,0eb40af8-ddd0-4d8e-85a5-d3b3bb1022e7,a28a1a10-d6ab-45f2-84f3-8ab4db7850b2,92dd11a8-2635-476b-a8d0-573cf74d4487,0eb40af8-ddd0-4d8e-85a5-d3b3bb1022e7,e22f62dc-f531-418c-a13d-10385b0f0c4f,2.1.2-engage,bd84b2fd-729e-4b05-85e1-2d1d312bd8e6,1,None-minimal depression,none-minimal-depression,Not difficult at all,Not at all,Not at all,Not at all,Several days,Not at all,Not at all,Not at all,Not at all,Not at all
Questionnaire/211,ea1c21de-c6e4-400e-a549-49aaddddf3fe,25de16a3-8811-402b-92db-bcab3112ca9d,0eb40af8-ddd0-4d8e-85a5-d3b3bb1022e7,a28a1a10-d6ab-45f2-84f3-8ab4db7850b2,92dd11a8-2635-476b-a8d0-573cf74d4487,0eb40af8-ddd0-4d8e-85a5-d3b3bb1022e7,e22f62dc-f531-418c-a13d-10385b0f0c4f,2.0.0-engage,c39ce3aa-a3d6-4c39-ab0e-44dcbe7fc76c,23,Severe depression,severe-depression,Very difficult,2 - More than half the days,1 - Several days,3 - Nearly every day,3 - Nearly every day,3 - Nearly every day,2 - More than half the days,3 - Nearly every day,3 - Nearly every day,3 - Nearly every day
Questionnaire/211,fffa753b-b871-430f-acdf-e16dd47ab2bb,9ad95cd3-6a3f-4770-ac4c-a739d865ae76,0eb40af8-ddd0-4d8e-85a5-d3b3bb1022e7,a28a1a10-d6ab-45f2-84f3-8ab4db7850b2,92dd11a8-2635-476b-a8d0-573cf74d4487,0eb40af8-ddd0-4d8e-85a5-d3b3bb1022e7,e22f62dc-f531-418c-a13d-10385b0f0c4f,2.1.2-engage,d9237bbf-50b2-4be9-94c5-9e937ac8b831,2,None-minimal depression,none-minimal-depression,Not difficult at all,Not at all,Not at all,Several days,Several days,Not at all,Not at all,Not at all,Not at all,Not at all
Questionnaire/211,9b4f31f2-b327-47c9-91c6-56082f924410,45e5123d-cf9d-4ef0-9eba-0a4d54f92337,0eb40af8-ddd0-4d8e-85a5-d3b3bb1022e7,a28a1a10-d6ab-45f2-84f3-8ab4db7850b2,92dd11a8-2635-476b-a8d0-573cf74d4487,0eb40af8-ddd0-4d8e-85a5-d3b3bb1022e7,e22f62dc-f531-418c-a13d-10385b0f0c4f,2.2.0-engage,e63a097f-e35f-42f5-8861-8291b7dd2b8f,8,Mild depression,mild-depression,Somewhat difficult,Several days,Not at all,Several days,Several days,Several days,Several days,Several days,Several days,Several days
Questionnaire/211,d9502b4c-258a-4538-8250-074c1ff03e25,,0eb40af8-ddd0-4d8e-85a5-d3b3bb1022e7,Not defined,92dd11a8-2635-476b-a8d0-573cf74d4487,0eb40af8-ddd0-4d8e-85a5-d3b3bb1022e7,e22f62dc-f531-418c-a13d-10385b0f0c4f,Not defined,f442e3b7-3a65-424d-ab43-773213f62d32,0,None-minimal depression,,,,,,,,,,,
Questionnaire/211,f327ae5b-4c8a-4fe8-93dc-a66d9f75348d,72664cff-9667-49dd-b7db-488d6698ca9e,0eb40af8-ddd0-4d8e-85a5-d3b3bb1022e7,a28a1a10-d6ab-45f2-84f3-8ab4db7850b2,92dd11a8-2635-476b-a8d0-573cf74d4487,0eb40af8-ddd0-4d8e-85a5-d3b3bb1022e7,e22f62dc-f531-418c-a13d-10385b0f0c4f,2.0.0-engage,f97ff483-b6ae-471f-9bd5-d38c907d483f,16,Moderately severe depression,moderately-severe-depression,Very difficult,2 - More than half the days,3 - Nearly every day,1 - Several days,2 - More than half the days,2 - More than half the days,2 - More than half the days,3 - Nearly every day,0 - Not at all,1 - Several days
