questionnaire_id,subject_patient_id,encounter_id,author_practitioner_id,practitioner_location_id,practitioner_organization_id,practitioner_id,practitioner_careteam_id,application_version,qr_id,you_not_born,please_specify,please_specify_3,you_born,zip_code_you,your_biological_sex,please_enter_number,like_know_you,demographic_question,please_enter_number_10,your_race_ethnicity,following_best_represents,client_first_learn,your_marital_status,term_best_expresses,highest_grade_level,please_specify_territory,patient_age,patient_biological_sex,patient_dob,patient_gender_identity,patient_how_you_think_of_yourself,patient_name,patient_pronouns,task_socio_pdf
Questionnaire/1613531,3e903ab9-1ace-4416-92a3-b4cd49e281ec,,0eb40af8-ddd0-4d8e-85a5-d3b3bb1022e7,a28a1a10-d6ab-45f2-84f3-8ab4db7850b2,ee1b8cf2-2f4a-447c-bbb5-d63c674aff01,0eb40af8-ddd0-4d8e-85a5-d3b3bb1022e7,e22f62dc-f531-418c-a13d-10385b0f0c4f,2.2.0-engage,0087bcc0-a2ad-4b76-bda1-18257d01a3e5,,,,In the United States (NOT Puerto Rico or other U.S. Territory/Commonwealth),,,,Self-employed,,,Black or African American,,,Widowed,,"Bachelor's degree (B.A., B.S., etc.)",,38,Female,1987-08-24,Woman,Straight,Newest Patient,She/her/hers,Task/96fd4988-641a-4524-b241-5b04097da5c1/_history/1
Questionnaire/1613531,64b3aa80-f0f8-4a68-b1da-dd266356e33a,,0eb40af8-ddd0-4d8e-85a5-d3b3bb1022e7,a28a1a10-d6ab-45f2-84f3-8ab4db7850b2,92dd11a8-2635-476b-a8d0-573cf74d4487,0eb40af8-ddd0-4d8e-85a5-d3b3bb1022e7,e22f62dc-f531-418c-a13d-10385b0f0c4f,2.1.2-engage,0187fcff-ab4c-4d59-ab4f-1c193c72363e,One year or more,,,Outside the United States (including Puerto Rico or other U.S. Territory/Commonwealth).,92827,,7,Working now,Often,,"Black or African American, For example, African American, Jamaican, Haitian, Nigerian, Ethiopian, Somali, etc.",,,Never married,,"Bachelor's degree (B.A., B.S., etc.)",Niger,39,Male,1986-07-14,Man,Straight,Bahati Kimani,He/him/his,Task/e5c9df18-a533-42f4-bbec-1c525b06fa35
Questionnaire/1613531,77679304-1eda-4ad7-a218-2ef2aadcf83f,,0eb40af8-ddd0-4d8e-85a5-d3b3bb1022e7,a28a1a10-d6ab-45f2-84f3-8ab4db7850b2,92dd11a8-2635-476b-a8d0-573cf74d4487,0eb40af8-ddd0-4d8e-85a5-d3b3bb1022e7,e22f62dc-f531-418c-a13d-10385b0f0c4f,2.1.2-engage,05834930-18dc-45d8-9ec0-14f6219314ec,Less than one year,,,Outside the United States (including Puerto Rico or other U.S. Territory/Commonwealth).,,,,Working now,Some of the time,11,Black or African American,,,Now married,,"Bachelor's degree (B.A., B.S., etc.)",Nigeria,39,Unkown,1986-08-04,Unknown,Unknown,Amber Rat,Unknown,Task/b54a958a-1988-4eea-8c08-6cc1749a7834
Questionnaire/1613531,af31d418-220c-4a88-8a80-8451c03d444b,,0eb40af8-ddd0-4d8e-85a5-d3b3bb1022e7,a28a1a10-d6ab-45f2-84f3-8ab4db7850b2,92dd11a8-2635-476b-a8d0-573cf74d4487,0eb40af8-ddd0-4d8e-85a5-d3b3bb1022e7,e22f62dc-f531-418c-a13d-10385b0f0c4f,2.1.2-engage,0842d97f-6ea6-4692-932d-c16dedf80baa,Less than one year,,,Outside the United States (including Puerto Rico or other U.S. Territory/Commonwealth).,91827,,,Working now,Some of the time,10,"Black or African American, For example, African American, Jamaican, Haitian, Nigerian, Ethiopian, Somali, etc.",,,Never married,,Some college or Associates degree,Nigeria,48,Male,1977-07-11,Transgender woman,Straight,Davido Singer,She/her/hers,Task/d64c5d7b-019e-4a83-8356-957b4f80e681
Questionnaire/1613531,e8bcf0bd-be23-4df6-90bb-9de975f4de54,,0eb40af8-ddd0-4d8e-85a5-d3b3bb1022e7,a28a1a10-d6ab-45f2-84f3-8ab4db7850b2,92dd11a8-2635-476b-a8d0-573cf74d4487,0eb40af8-ddd0-4d8e-85a5-d3b3bb1022e7,e22f62dc-f531-418c-a13d-10385b0f0c4f,2.1.2-engage,0b0c3da7-a0ee-4597-9049-ddc3e425b8d2,Less than one year,,,Outside the United States (including Puerto Rico or other U.S. Territory/Commonwealth).,01029381,,,Working now,Some of the Time,10,"Black or African American, For example, African American, Jamaican, Haitian, Nigerian, Ethiopian, Somali, etc.",,,Never married,,"Bachelor's degree (B.A., B.S., etc.)",Kenya,37,Intersex,1987-12-10,Non-binary,Gay,Fredrick Onyango,He/him/his,Task/2f6aca74-7af7-4888-9c8c-8964152f176a
Questionnaire/1613531,a8980e6a-842f-44ad-8c31-a856ee320110,,0eb40af8-ddd0-4d8e-85a5-d3b3bb1022e7,a28a1a10-d6ab-45f2-84f3-8ab4db7850b2,92dd11a8-2635-476b-a8d0-573cf74d4487,0eb40af8-ddd0-4d8e-85a5-d3b3bb1022e7,e22f62dc-f531-418c-a13d-10385b0f0c4f,2.0.2-engage,0e7f1d8c-4902-4673-bcd1-b1acb3acce27,,,,In the United States (NOT Puerto Rico or other U.S. Territory/Commonwealth),,Male,,A student,Some of the Time,,"Middle Eastern or North African, For example, Lebanese, Iranian, Egyptian, Syrian, Iraqi, Israeli, etc.","Straight: that is, not gay or lesbian, etc. ",Mental health clinic,Never married,Man,High school graduate or GED,,,,,,,,,
Questionnaire/1613531,1c3814be-7d71-4a07-ac4e-1b01b74be159,,0eb40af8-ddd0-4d8e-85a5-d3b3bb1022e7,a28a1a10-d6ab-45f2-84f3-8ab4db7850b2,ee1b8cf2-2f4a-447c-bbb5-d63c674aff01,0eb40af8-ddd0-4d8e-85a5-d3b3bb1022e7,e22f62dc-f531-418c-a13d-10385b0f0c4f,2.2.0-engage,16960d47-a99d-43cf-9075-28e7fd964e82,One year or more,,,Outside the United States (including Puerto Rico or other U.S. Territory/Commonwealth).,,,5,Working but looking for work,,,Black or African American,,,Now married,,Some college or Associates degree,Ghana,30,Prefer not to answer,1995-05-05,Prefer not to answer,Prefer not to answer,Testing PNS,Prefer not to answer,Task/d0e8e7a7-3aaf-4479-abde-fe8630bf2ad4
Questionnaire/1613531,6d9ebad3-a690-4dd1-a97a-4543be19f0a2,,0eb40af8-ddd0-4d8e-85a5-d3b3bb1022e7,a28a1a10-d6ab-45f2-84f3-8ab4db7850b2,92dd11a8-2635-476b-a8d0-573cf74d4487,0eb40af8-ddd0-4d8e-85a5-d3b3bb1022e7,e22f62dc-f531-418c-a13d-10385b0f0c4f,2.2.0-engage,18291ad2-d277-4b0a-ba99-31d3919fd1a4,,,,In the United States (NOT Puerto Rico or other U.S. Territory/Commonwealth),,,,Self-employed,Some of the time,,American Indian or Alaska Native | White,,,Never married,,"Bachelor's degree (B.A., B.S., etc.)",,39,Male,1986-08-13,Man,Straight,Wesley Chamgei,He/him/his,Task/1e5decbd-f01e-4575-8b83-35831fd1a82b/_history/1
Questionnaire/1613531,9b4f31f2-b327-47c9-91c6-56082f924410,,0eb40af8-ddd0-4d8e-85a5-d3b3bb1022e7,a28a1a10-d6ab-45f2-84f3-8ab4db7850b2,92dd11a8-2635-476b-a8d0-573cf74d4487,0eb40af8-ddd0-4d8e-85a5-d3b3bb1022e7,e22f62dc-f531-418c-a13d-10385b0f0c4f,2.2.0-engage,1a78dc22-7d64-4b08-a96f-2fa1be7801fe,Less than one year,,,Outside the United States (including Puerto Rico or other U.S. Territory/Commonwealth).,,,,"Looking for work, unemployed",,11,Black or African American,,,Separated,,"Bachelor's degree (B.A., B.S., etc.)",Nigeria,38,Intersex,1987-08-24,Non-binary,Bisexual,New Apk,They/them/theirs,Task/0ba9ae8d-199d-4cbf-91d7-9661da5d359a
Questionnaire/1613531,17e5169b-4ef1-4f24-8bb4-a6b39f5094f2,,0eb40af8-ddd0-4d8e-85a5-d3b3bb1022e7,a28a1a10-d6ab-45f2-84f3-8ab4db7850b2,92dd11a8-2635-476b-a8d0-573cf74d4487,0eb40af8-ddd0-4d8e-85a5-d3b3bb1022e7,e22f62dc-f531-418c-a13d-10385b0f0c4f,2.1.2-engage,20b5aa13-fe58-44c6-882c-2fd4d52ecad0,One year or more,,,Outside the United States (including Puerto Rico or other U.S. Territory/Commonwealth).,01827,,5,Working now,Some of the time,,"Asian, For example, Chinese, Asian Indian, Filipino, Vietnamese, Korean, Japanese, etc.",,,Never married,,High school graduate or GED,Malaysia ,45,Male,1980-07-25,Man,Straight,Marley Bob,He/him/his,Task/9a35ef0a-834d-421e-ac1b-a1b5c463d00e
Questionnaire/1613531,8eff0723-8a4c-4dcc-831d-a4f0779653d8,,da546c38-dc3e-4841-b4db-c0899c3f1389,27e21b5d-c528-40d2-a44a-bc9e4fdbb703,60a2706c-ff10-4966-8fc0-54b217490646,da546c38-dc3e-4841-b4db-c0899c3f1389,2acfebb8-cb90-45bb-965e-1897c2274d1f,2.2.0-engage,23cb926d-afae-4a3d-9528-fe75b2c1e0c9,,,,,,,,,,,,,,,,,,47,Female,1978-08-10,Woman,Straight,Lerato Mahlangu,He/him/his,Task/38b7367f-daa5-42ef-bbc7-e51297d9f064
Questionnaire/1613531,f05564a1-4de7-4680-a17d-5ba329329f6c,,0eb40af8-ddd0-4d8e-85a5-d3b3bb1022e7,a28a1a10-d6ab-45f2-84f3-8ab4db7850b2,92dd11a8-2635-476b-a8d0-573cf74d4487,0eb40af8-ddd0-4d8e-85a5-d3b3bb1022e7,e22f62dc-f531-418c-a13d-10385b0f0c4f,2.2.0-engage,2bfbcb3d-5583-42b0-ac43-f057cc5801c4,One year or more,,,Outside the United States (including Puerto Rico or other U.S. Territory/Commonwealth).,,,2,A student,,,Hispanic or Latino,,,Now married,,8th grade or less,hawaii,55,Female,1970-08-18,Woman,Straight,Apk5 test Test,She/her/hers,Task/38c5c8ec-2ee7-4064-8e3a-5e6893972a79
Questionnaire/1613531,b438191a-be6d-4781-9f59-f5488023aa6a,,0eb40af8-ddd0-4d8e-85a5-d3b3bb1022e7,a28a1a10-d6ab-45f2-84f3-8ab4db7850b2,92dd11a8-2635-476b-a8d0-573cf74d4487,0eb40af8-ddd0-4d8e-85a5-d3b3bb1022e7,e22f62dc-f531-418c-a13d-10385b0f0c4f,2.0.2-engage,34d991a5-fbe6-4ae9-9017-e70ff8777641,,,,In the United States (NOT Puerto Rico or other U.S. Territory/Commonwealth),11000,Male,,A student,Some of the Time,,"Black or African American, For example, African American, Jamaican, Haitian, Nigerian, Ethiopian, Somali, etc.","Straight: that is, not gay or lesbian, etc. ",Shelter,Never married,Man,"Bachelor's degree (B.A., B.S., etc.)",,,,,,,,,
Questionnaire/1613531,b39f3cc6-5569-484c-96fe-913616d2cbd2,,0eb40af8-ddd0-4d8e-85a5-d3b3bb1022e7,a28a1a10-d6ab-45f2-84f3-8ab4db7850b2,92dd11a8-2635-476b-a8d0-573cf74d4487,0eb40af8-ddd0-4d8e-85a5-d3b3bb1022e7,e22f62dc-f531-418c-a13d-10385b0f0c4f,2.1.2-engage,35bb24b9-52a8-49d8-9569-fa7495c3468c,,,,In the United States (NOT Puerto Rico or other U.S. Territory/Commonwealth),87754,,,"Only temporarily laid off, in sick leave, or maternity leave",Hardly Ever,,"Hispanic or Latino, For example, Mexican, Puerto Rican, Salvadoran, Cuban, Dominican, Guatemalan, etc.",,,Now married,,"Some high school, but did not graduate",,36,Female,1989-04-08,Woman,Straight,,She/her/hers,
Questionnaire/1613531,2366eacb-4422-4cc7-931c-e05e6ea2d139,,0eb40af8-ddd0-4d8e-85a5-d3b3bb1022e7,a28a1a10-d6ab-45f2-84f3-8ab4db7850b2,92dd11a8-2635-476b-a8d0-573cf74d4487,0eb40af8-ddd0-4d8e-85a5-d3b3bb1022e7,e22f62dc-f531-418c-a13d-10385b0f0c4f,2.1.2-engage,378556ae-6a26-4cc1-a33d-69448b523968,Less than one year,Self employed,,Outside the United States (including Puerto Rico or other U.S. Territory/Commonwealth).,64478,,,Other,Some of the Time,10,"Black or African American, For example, African American, Jamaican, Haitian, Nigerian, Ethiopian, Somali, etc.",,,Divorced,,"Bachelor's degree (B.A., B.S., etc.)",Puerto Rico,37,Male,1988-04-08,Non-binary,Gay,,They/them/theirs,
Questionnaire/1613531,7ccbfbcc-3b7d-4aea-9b15-045bebd17684,,8ecda3b5-f741-4752-ba5e-0f93006aa100,1a244e58-4583-41ff-9f9c-acb14d5ee9ec,d49549fa-5068-4a6e-81fc-eb6c315d2d53,8ecda3b5-f741-4752-ba5e-0f93006aa100,02564c94-d5c0-4356-b697-ebc48a3e0412,2.2.0-engage,3b9b5d4b-e784-486e-91f3-d8796fbfd77b,One year or more,,,Outside the United States (including Puerto Rico or other U.S. Territory/Commonwealth).,6320,,,Working now,Some of the time,,"Black or African American, For example, African American, Jamaican, Haitian, Nigerian, Ethiopian, Somali, etc.",,,Now married,,8th grade or less,,30,Female,1995-05-05,Woman,Prefer not to answer,Testing IPC,Prefer not to answer,Task/6441ddc5-ff06-432e-a927-b6adf613388a/_history/1
Questionnaire/1613531,9e2b4a3b-701e-49b2-8257-904a6db0ae6d,,0eb40af8-ddd0-4d8e-85a5-d3b3bb1022e7,a28a1a10-d6ab-45f2-84f3-8ab4db7850b2,92dd11a8-2635-476b-a8d0-573cf74d4487,0eb40af8-ddd0-4d8e-85a5-d3b3bb1022e7,e22f62dc-f531-418c-a13d-10385b0f0c4f,2.2.0-engage,49b46f29-5865-4455-bd65-51db2099041e,,,,In the United States (NOT Puerto Rico or other U.S. Territory/Commonwealth),,,,Self-employed,,,American Indian or Alaska Native | Asian,,,Never married,,"Bachelor's degree (B.A., B.S., etc.)",,40,Female,1985-08-08,Woman,Straight,Niah Sifa,She/her/hers,Task/87748cf5-c75b-4455-be60-6872245f53d7
Questionnaire/1613531,813f664b-0407-4862-8bc2-f3fee5a37fcd,,0eb40af8-ddd0-4d8e-85a5-d3b3bb1022e7,a28a1a10-d6ab-45f2-84f3-8ab4db7850b2,92dd11a8-2635-476b-a8d0-573cf74d4487,0eb40af8-ddd0-4d8e-85a5-d3b3bb1022e7,e22f62dc-f531-418c-a13d-10385b0f0c4f,2.1.2-engage,4d1f98dc-9b7f-4352-a7a4-9a4b9ac9f4ad,Less than one year,,,Outside the United States (including Puerto Rico or other U.S. Territory/Commonwealth).,091657,,,Self-employed,Hardly ever,11,"Asian, For example, Chinese, Asian Indian, Filipino, Vietnamese, Korean, Japanese, etc.",,,Now married,,"Bachelor's degree (B.A., B.S., etc.)",India,40,Female,1985-07-29,Woman,Straight,Diana Diamond,She/her/hers,Task/561ca5b9-3975-4c48-b3ff-ff9d84d81ea9
Questionnaire/1613531,2807ccfe-40ee-4b3a-8e2e-641085e604de,,0eb40af8-ddd0-4d8e-85a5-d3b3bb1022e7,a28a1a10-d6ab-45f2-84f3-8ab4db7850b2,92dd11a8-2635-476b-a8d0-573cf74d4487,0eb40af8-ddd0-4d8e-85a5-d3b3bb1022e7,e22f62dc-f531-418c-a13d-10385b0f0c4f,2.1.2-engage,52fc3d4f-8fce-4a7e-a639-fe26bcd496a2,,,,In the United States (NOT Puerto Rico or other U.S. Territory/Commonwealth),091827,,,Self-employed,Some of the time,,"Asian, For example, Chinese, Asian Indian, Filipino, Vietnamese, Korean, Japanese, etc. | Black or African American, For example, African American, Jamaican, Haitian, Nigerian, Ethiopian, Somali, etc.",,,Never married,,"Bachelor's degree (B.A., B.S., etc.)",,33,Female,1992-07-31,Woman,Straight,Mona Lisa,She/her/hers,Task/6546307a-876a-44a8-9e56-ff5f2d34919e
Questionnaire/1613531,fffa753b-b871-430f-acdf-e16dd47ab2bb,,0eb40af8-ddd0-4d8e-85a5-d3b3bb1022e7,a28a1a10-d6ab-45f2-84f3-8ab4db7850b2,92dd11a8-2635-476b-a8d0-573cf74d4487,0eb40af8-ddd0-4d8e-85a5-d3b3bb1022e7,e22f62dc-f531-418c-a13d-10385b0f0c4f,2.1.2-engage,5811e8ef-9d77-4eb3-b7d0-99188e0a37da,One year or more,Home cleaner,,Outside the United States (including Puerto Rico or other U.S. Territory/Commonwealth).,1029382,,3,Other,Some of the Time,,"Asian, For example, Chinese, Asian Indian, Filipino, Vietnamese, Korean, Japanese, etc. | Black or African American, For example, African American, Jamaican, Haitian, Nigerian, Ethiopian, Somali, etc. | Middle Eastern or North African, For example, Lebanese, Iranian, Egyptian, Syrian, Iraqi, Israeli, etc.",,,Divorced,,"Some high school, but did not graduate",,38,Intersex,1987-04-13,Transgender man,new identity,Jackson Mwamba,not sure,Task/7a3e7d6f-ae9f-4260-b17c-26711e9f2fc3
Questionnaire/1613531,673e3adb-ad32-4c31-8236-ecf9ab118497,,0eb40af8-ddd0-4d8e-85a5-d3b3bb1022e7,a28a1a10-d6ab-45f2-84f3-8ab4db7850b2,92dd11a8-2635-476b-a8d0-573cf74d4487,0eb40af8-ddd0-4d8e-85a5-d3b3bb1022e7,e22f62dc-f531-418c-a13d-10385b0f0c4f,2.1.2-engage,58826bed-0e43-49ff-aa89-4dde9149f8df,One year or more,,,Outside the United States (including Puerto Rico or other U.S. Territory/Commonwealth).,8272762,,5,Working but looking for work,Hardly ever,,"American Indian or Alaska Native, For example, Navajo Nation, Blackfeet Tribe of the Blackfeet Indian Reservation of Montana, Native Village of Barrow Inupiat Traditional Government, Nome Eskimo Community, Aztec, Maya, etc. | Middle Eastern or North African, For example, Lebanese, Iranian, Egyptian, Syrian, Iraqi, Israeli, etc.",,,Never married,,"Some high school, but did not graduate",Iran,48,Intersex,1977-06-29,Transgender man,Bisexual,Test Zero,They/them/theirs,Task/76747f37-ad4b-4323-9d93-26409e8e0de5
Questionnaire/1613531,af047a8f-1db2-4b9f-9cf0-2f716e519352,,0eb40af8-ddd0-4d8e-85a5-d3b3bb1022e7,a28a1a10-d6ab-45f2-84f3-8ab4db7850b2,92dd11a8-2635-476b-a8d0-573cf74d4487,0eb40af8-ddd0-4d8e-85a5-d3b3bb1022e7,e22f62dc-f531-418c-a13d-10385b0f0c4f,2.1.2-engage,5b938674-ab3b-49e4-860c-eb488fc2d46b,,,,In the United States (NOT Puerto Rico or other U.S. Territory/Commonwealth),0191881,,,Working now,Some of the time,,"American Indian or Alaska Native, For example, Navajo Nation, Blackfeet Tribe of the Blackfeet Indian Reservation of Montana, Native Village of Barrow Inupiat Traditional Government, Nome Eskimo Community, Aztec, Maya, etc.",,,Separated,,"Bachelor's degree (B.A., B.S., etc.)",,38,Female,1987-07-30,Woman,Straight,Zuri Kimani,She/her/hers,Task/50685a44-2521-4a80-ad21-b04448508007
Questionnaire/1613531,d1d003b5-48e5-4447-a35e-f19f209b2fcd,,0eb40af8-ddd0-4d8e-85a5-d3b3bb1022e7,a28a1a10-d6ab-45f2-84f3-8ab4db7850b2,ee1b8cf2-2f4a-447c-bbb5-d63c674aff01,0eb40af8-ddd0-4d8e-85a5-d3b3bb1022e7,e22f62dc-f531-418c-a13d-10385b0f0c4f,2.2.0-engage,65695531-5ed4-44fc-a9b7-f8ebcdeedd06,,,,In the United States (NOT Puerto Rico or other U.S. Territory/Commonwealth),,,,"Looking for work, unemployed",,,American Indian or Alaska Native | Asian,,,Never married,,"Bachelor's degree (B.A., B.S., etc.)",,38,Female,1987-08-25,Woman,Straight,Second Patient,She/her/hers,Task/f6f3eab9-3e5b-4d68-8bdd-1eecc4e8a23c/_history/1
Questionnaire/1613531,bda7766b-ccb0-4dcf-a24d-e298f084826f,,0eb40af8-ddd0-4d8e-85a5-d3b3bb1022e7,a28a1a10-d6ab-45f2-84f3-8ab4db7850b2,92dd11a8-2635-476b-a8d0-573cf74d4487,0eb40af8-ddd0-4d8e-85a5-d3b3bb1022e7,e22f62dc-f531-418c-a13d-10385b0f0c4f,2.1.2-engage,6bcd3f35-a32d-4212-8606-3c5ca6971581,One year or more,,Indian,Outside the United States (including Puerto Rico or other U.S. Territory/Commonwealth).,111212,,5,Working now,Some of the time,,Some other race and/or ethnicity?,,,Now married,,8th grade or less,,55,Female,1970-04-30,Woman,Straight,Assessments test Test,She/her/hers,Task/c82fab06-0b2a-4339-8349-c754b9cfb994
Questionnaire/1613531,32c2b2f9-ab28-47be-a7ff-83ea01a404fb,,0eb40af8-ddd0-4d8e-85a5-d3b3bb1022e7,a28a1a10-d6ab-45f2-84f3-8ab4db7850b2,92dd11a8-2635-476b-a8d0-573cf74d4487,0eb40af8-ddd0-4d8e-85a5-d3b3bb1022e7,e22f62dc-f531-418c-a13d-10385b0f0c4f,2.1.2-engage,74039707-55d0-4172-8f56-494e88b7508d,,,,In the United States (NOT Puerto Rico or other U.S. Territory/Commonwealth),345,,,Working now,Hardly ever,,"Native Hawaiian or Pacific Islander, For example, Native Hawaiian, Samoan, Chamorro, Tongan, Fijian, Marshallese, etc.",,,Widowed,,High school graduate or GED,,62,Male,1962-12-12,Man,Prefer not to answer,Testing CMHSS,He/him/his,Task/fd85ed97-2010-4fd7-aff8-d9e823bb63a9
Questionnaire/1613531,41f6f2ff-bce4-44f6-8e46-bbcee3b0335e,,0eb40af8-ddd0-4d8e-85a5-d3b3bb1022e7,a28a1a10-d6ab-45f2-84f3-8ab4db7850b2,92dd11a8-2635-476b-a8d0-573cf74d4487,0eb40af8-ddd0-4d8e-85a5-d3b3bb1022e7,e22f62dc-f531-418c-a13d-10385b0f0c4f,2.1.2-engage,8611cc4d-2a43-4739-aaf0-bb054a96b38c,,,,In the United States (NOT Puerto Rico or other U.S. Territory/Commonwealth),9191827,,,Working but looking for work,Some of the time,,"Black or African American, For example, African American, Jamaican, Haitian, Nigerian, Ethiopian, Somali, etc.",,,Never married,,Some college or Associates degree,,30,Male,1995-08-01,Man,Straight,Nick Muli,He/him/his,Task/61e6cfda-167c-47a2-978e-3120ebe89419
Questionnaire/1613531,e738bc39-88ea-4bf7-aaa6-677fc7bb263b,,5859d5f3-d37b-4a28-a68f-5ce1aaac611f,7a2bad81-130f-4785-8438-af7aac92fedf,602ec278-054a-473e-a553-957bd5ac8c6f,5859d5f3-d37b-4a28-a68f-5ce1aaac611f,83586171-9bac-426a-aae5-798bf548e15e,2.0.2-engage,88e1591a-bf11-4d01-99c3-f6a03dc21d45,One year or more,,,Outside the United States (including Puerto Rico or other U.S. Territory/Commonwealth).,,Other,,Other,Some of the Time,,Some other race and/or ethnicity?,None of these describe me,Other,Never married,None of these describe me,"Graduate/professional degree (MA, PhD, MD, etc.)",,,,,,,,,
Questionnaire/1613531,77e3c494-efb4-468e-a938-860f40127d84,,0eb40af8-ddd0-4d8e-85a5-d3b3bb1022e7,a28a1a10-d6ab-45f2-84f3-8ab4db7850b2,92dd11a8-2635-476b-a8d0-573cf74d4487,0eb40af8-ddd0-4d8e-85a5-d3b3bb1022e7,e22f62dc-f531-418c-a13d-10385b0f0c4f,2.1.3-engage,8ac1f1f7-2444-465c-ae1c-43228c8ebd7f,,,,In the United States (NOT Puerto Rico or other U.S. Territory/Commonwealth),344244,,,"Looking for work, unemployed",Some of the Time,,"American Indian or Alaska Native, For example, Navajo Nation, Blackfeet Tribe of the Blackfeet Indian Reservation of Montana, Native Village of Barrow Inupiat Traditional Government, Nome Eskimo Community, Aztec, Maya, etc. | Black or African American, For example, African American, Jamaican, Haitian, Nigerian, Ethiopian, Somali, etc.",,,Widowed,,"Some high school, but did not graduate",,32,Female,1993-04-09,Non-binary,Straight,,They/them/theirs,
Questionnaire/1613531,a3ea34d3-2c4e-4f2d-b9c3-5d0fe728bb02,,0eb40af8-ddd0-4d8e-85a5-d3b3bb1022e7,a28a1a10-d6ab-45f2-84f3-8ab4db7850b2,92dd11a8-2635-476b-a8d0-573cf74d4487,0eb40af8-ddd0-4d8e-85a5-d3b3bb1022e7,e22f62dc-f531-418c-a13d-10385b0f0c4f,2.1.2-engage,97fea346-feec-4b13-a641-470827aeed26,One year or more,,,Outside the United States (including Puerto Rico or other U.S. Territory/Commonwealth).,616267161,,5,Working now,Some of the time,,"Black or African American, For example, African American, Jamaican, Haitian, Nigerian, Ethiopian, Somali, etc.",,,Widowed,,"Bachelor's degree (B.A., B.S., etc.)",Africa Kenya,35,Male,1990-06-11,Man,Straight,Barry Maole,He/him/his,Task/4a180f55-8221-416c-ad9c-c8873bb9e719
Questionnaire/1613531,301e8fbc-05d0-4575-96db-97bd2e0e2847,,0eb40af8-ddd0-4d8e-85a5-d3b3bb1022e7,a28a1a10-d6ab-45f2-84f3-8ab4db7850b2,92dd11a8-2635-476b-a8d0-573cf74d4487,0eb40af8-ddd0-4d8e-85a5-d3b3bb1022e7,e22f62dc-f531-418c-a13d-10385b0f0c4f,2.1.2-engage,9c638c18-40e2-4d2d-8cf8-fd8b1724cfb0,Less than one year,Squatter,Greek,Outside the United States (including Puerto Rico or other U.S. Territory/Commonwealth).,102938,,,Other,Often,10,Some other race and/or ethnicity?,,,Never married,,"Bachelor's degree (B.A., B.S., etc.)",Greece,36,Male,1989-04-13,Man,Straight,Martin Mugure,He/him/his,Task/cd89b0ff-1def-4fa0-8e38-3fc9d7e1204f
Questionnaire/1613531,b6688138-c70d-4fc6-a821-64b96e63e6f5,,0eb40af8-ddd0-4d8e-85a5-d3b3bb1022e7,a28a1a10-d6ab-45f2-84f3-8ab4db7850b2,ee1b8cf2-2f4a-447c-bbb5-d63c674aff01,0eb40af8-ddd0-4d8e-85a5-d3b3bb1022e7,e22f62dc-f531-418c-a13d-10385b0f0c4f,2.2.0-engage,a74b7b20-ed36-4181-ab13-2c982e6ea18c,,,,In the United States (NOT Puerto Rico or other U.S. Territory/Commonwealth),,,,Self-employed,,,Hispanic or Latino,,,Widowed,,High school graduate or GED,,39,Male,1986-08-26,Man,Straight,Brian Test,He/him/his,Task/01f1a620-9afc-450e-bdf3-ca2d38bd0ab9/_history/1
Questionnaire/1613531,781f4bfa-f728-40c4-8c8a-d035e8e7dbd4,,0eb40af8-ddd0-4d8e-85a5-d3b3bb1022e7,a28a1a10-d6ab-45f2-84f3-8ab4db7850b2,92dd11a8-2635-476b-a8d0-573cf74d4487,0eb40af8-ddd0-4d8e-85a5-d3b3bb1022e7,e22f62dc-f531-418c-a13d-10385b0f0c4f,2.1.3-engage,ad1a6267-6849-40cf-a77e-ad6244ed4baf,,,,In the United States (NOT Puerto Rico or other U.S. Territory/Commonwealth),42442,,,Working now,Hardly Ever,,"Asian, For example, Chinese, Asian Indian, Filipino, Vietnamese, Korean, Japanese, etc.",,,Widowed,,"Bachelor's degree (B.A., B.S., etc.)",,48,,1976-11-08,,,,,
Questionnaire/1613531,bbf2fc1b-316d-4508-aafa-ce68bffb5683,,0eb40af8-ddd0-4d8e-85a5-d3b3bb1022e7,a28a1a10-d6ab-45f2-84f3-8ab4db7850b2,92dd11a8-2635-476b-a8d0-573cf74d4487,0eb40af8-ddd0-4d8e-85a5-d3b3bb1022e7,e22f62dc-f531-418c-a13d-10385b0f0c4f,2.1.2-engage,aea81444-ada9-4b29-8683-44784d686a04,,,,In the United States (NOT Puerto Rico or other U.S. Territory/Commonwealth),0975,,,Working but looking for work,Some of the time,,"Hispanic or Latino, For example, Mexican, Puerto Rican, Salvadoran, Cuban, Dominican, Guatemalan, etc.",,,Separated,,"Bachelor's degree (B.A., B.S., etc.)",,39,Male,1986-07-28,Non-binary,Gay,Gerald Mutiso,They/them/theirs,Task/44de009e-aed9-4b7e-b6b4-ef5141fc0b5e
Questionnaire/1613531,40c53fb6-6301-4da8-888f-0242ddd567d6,,0eb40af8-ddd0-4d8e-85a5-d3b3bb1022e7,a28a1a10-d6ab-45f2-84f3-8ab4db7850b2,92dd11a8-2635-476b-a8d0-573cf74d4487,0eb40af8-ddd0-4d8e-85a5-d3b3bb1022e7,e22f62dc-f531-418c-a13d-10385b0f0c4f,2.1.2-engage,b43ebf46-e318-475b-9a93-55dad98251ad,Less than one year,,,Outside the United States (including Puerto Rico or other U.S. Territory/Commonwealth).,919817,,,Self-employed,Some of the time,11,"Middle Eastern or North African, For example, Lebanese, Iranian, Egyptian, Syrian, Iraqi, Israeli, etc.",,,Now married,,"Bachelor's degree (B.A., B.S., etc.)",Egypt,45,Male,1980-07-27,Non-binary,Bisexual,Carl Jung,He/him/his,Task/fdf9cb1a-a594-414f-ae5b-2b55d0fe49e2
Questionnaire/1613531,5bbfd4fa-67a4-42a8-b811-24e71d3958b0,,0eb40af8-ddd0-4d8e-85a5-d3b3bb1022e7,a28a1a10-d6ab-45f2-84f3-8ab4db7850b2,92dd11a8-2635-476b-a8d0-573cf74d4487,0eb40af8-ddd0-4d8e-85a5-d3b3bb1022e7,e22f62dc-f531-418c-a13d-10385b0f0c4f,2.0.2-engage,b7c4fa50-7e43-45fa-9b88-e3218eaa9d7d,,,,In the United States (NOT Puerto Rico or other U.S. Territory/Commonwealth),Ffffgg,Prefer not to answer,,Retired,Hardly Ever,,"Asian, For example, Chinese, Asian Indian, Filipino, Vietnamese, Korean, Japanese, etc.",None of these describe me,Mental health clinic,Widowed,None of these describe me,High school graduate or GED,,,,,,,,,
Questionnaire/1613531,c75a1bc5-5b75-48c9-892f-118d2cbce0b7,,0eb40af8-ddd0-4d8e-85a5-d3b3bb1022e7,a28a1a10-d6ab-45f2-84f3-8ab4db7850b2,92dd11a8-2635-476b-a8d0-573cf74d4487,0eb40af8-ddd0-4d8e-85a5-d3b3bb1022e7,e22f62dc-f531-418c-a13d-10385b0f0c4f,2.1.3-engage,b8b88dd3-d603-4165-bafb-d71e7c5bb8a0,,,,In the United States (NOT Puerto Rico or other U.S. Territory/Commonwealth),3244,,,Working now,Hardly Ever,,"American Indian or Alaska Native, For example, Navajo Nation, Blackfeet Tribe of the Blackfeet Indian Reservation of Montana, Native Village of Barrow Inupiat Traditional Government, Nome Eskimo Community, Aztec, Maya, etc.",,,Widowed,,High school graduate or GED,,32,Intersex,1993-04-11,Non-binary,Straight,,He/him/his,
Questionnaire/1613531,2442b842-e921-4967-811d-d59edebd34dc,,0eb40af8-ddd0-4d8e-85a5-d3b3bb1022e7,a28a1a10-d6ab-45f2-84f3-8ab4db7850b2,92dd11a8-2635-476b-a8d0-573cf74d4487,0eb40af8-ddd0-4d8e-85a5-d3b3bb1022e7,e22f62dc-f531-418c-a13d-10385b0f0c4f,2.1.3-engage,ba655f19-bd39-4118-a606-2ee3e04bbc11,,,,In the United States (NOT Puerto Rico or other U.S. Territory/Commonwealth),346436,,,"Only temporarily laid off, in sick leave, or maternity leave",Some of the Time,,"American Indian or Alaska Native, For example, Navajo Nation, Blackfeet Tribe of the Blackfeet Indian Reservation of Montana, Native Village of Barrow Inupiat Traditional Government, Nome Eskimo Community, Aztec, Maya, etc.",,,Widowed,,"Some high school, but did not graduate",,28,Female,1997-04-13,Man,Straight,James 28,She/her/hers,Task/b44859db-462e-4186-82e0-fef446f41677
Questionnaire/1613531,bfe96291-14fb-40f6-bfc1-ddef3695ad5b,,0eb40af8-ddd0-4d8e-85a5-d3b3bb1022e7,a28a1a10-d6ab-45f2-84f3-8ab4db7850b2,92dd11a8-2635-476b-a8d0-573cf74d4487,0eb40af8-ddd0-4d8e-85a5-d3b3bb1022e7,e22f62dc-f531-418c-a13d-10385b0f0c4f,2.1.2-engage,bb5a894b-2c88-4c5a-99cb-0aa3256b35fe,,,,In the United States (NOT Puerto Rico or other U.S. Territory/Commonwealth),,,,Working now,Hardly ever,,American Indian or Alaska Native,,,Now married,,,,55,Female,1970-07-31,Woman,Prefer not to answer,Test 2  Test,Prefer not to answer,Task/0caf991d-c053-40dd-9a38-6435aa7b1af0/_history/1
Questionnaire/1613531,eb5aad09-44be-4c94-bb2a-92db8ddc33c4,,0eb40af8-ddd0-4d8e-85a5-d3b3bb1022e7,a28a1a10-d6ab-45f2-84f3-8ab4db7850b2,92dd11a8-2635-476b-a8d0-573cf74d4487,0eb40af8-ddd0-4d8e-85a5-d3b3bb1022e7,e22f62dc-f531-418c-a13d-10385b0f0c4f,2.1.3-engage,bcdc691f-5fc8-4b09-bb0b-cc834ce6a55c,,,,In the United States (NOT Puerto Rico or other U.S. Territory/Commonwealth),325553,,,Working now,Some of the Time,,"American Indian or Alaska Native, For example, Navajo Nation, Blackfeet Tribe of the Blackfeet Indian Reservation of Montana, Native Village of Barrow Inupiat Traditional Government, Nome Eskimo Community, Aztec, Maya, etc.",,,Widowed,,"Bachelor's degree (B.A., B.S., etc.)",,32,Female,1993-04-12,Man,Straight,James 26,He/him/his,
Questionnaire/1613531,e6dbbfcb-3ad8-47dd-b0a2-a45fcf06ef82,,0eb40af8-ddd0-4d8e-85a5-d3b3bb1022e7,a28a1a10-d6ab-45f2-84f3-8ab4db7850b2,92dd11a8-2635-476b-a8d0-573cf74d4487,0eb40af8-ddd0-4d8e-85a5-d3b3bb1022e7,e22f62dc-f531-418c-a13d-10385b0f0c4f,2.1.2-engage,befc1ae2-6a8a-4ec5-ac73-0349e23ac9bd,Less than one year,,,Outside the United States (including Puerto Rico or other U.S. Territory/Commonwealth).,00200,,,Self-employed,Some of the time,35,"Asian, For example, Chinese, Asian Indian, Filipino, Vietnamese, Korean, Japanese, etc.",,,Never married,,"Bachelor's degree (B.A., B.S., etc.)",Malaysia ,35,Male,1990-08-03,Man,Straight,New Patient2,He/him/his,Task/a35b62c8-0a11-4620-b4fa-caf328a9e92b
Questionnaire/1613531,a9408861-c347-49fe-bc27-481322f4e1d7,,13665957-56c9-4948-be77-9abf3c0d9647,27e21b5d-c528-40d2-a44a-bc9e4fdbb703,60a2706c-ff10-4966-8fc0-54b217490646,13665957-56c9-4948-be77-9abf3c0d9647,2acfebb8-cb90-45bb-965e-1897c2274d1f,2.2.0-engage,ca5405e2-f34d-4c6e-bfbb-cd20868367ed,,,,,,,,Working now,Some of the time,,Black or African American,,,Now married,,,,37,Female,1988-01-14,Woman,Straight,Kefilwe Morema,She/her/hers,Task/158b27c1-bb65-4be5-ba99-60d1da5b4d6b
Questionnaire/1613531,3dafa36b-430f-4040-b988-be11d85f9042,,0eb40af8-ddd0-4d8e-85a5-d3b3bb1022e7,a28a1a10-d6ab-45f2-84f3-8ab4db7850b2,92dd11a8-2635-476b-a8d0-573cf74d4487,0eb40af8-ddd0-4d8e-85a5-d3b3bb1022e7,e22f62dc-f531-418c-a13d-10385b0f0c4f,2.0.2-engage,cd910821-062d-4b89-9704-e0b78a19bfdf,One year or more,Xxxxx,,Outside the United States (including Puerto Rico or other U.S. Territory/Commonwealth).,00000,Other,2,Other,Some of the Time,,"Hispanic or Latino, For example, Mexican, Puerto Rican, Salvadoran, Cuban, Dominican, Guatemalan, etc.",None of these describe me,Mental health clinic,Now married,None of these describe me,"Bachelor's degree (B.A., B.S., etc.)",Guatemala,,,,,,,,
Questionnaire/1613531,658bf01b-d18f-4ac1-8da5-4740a1c4bc6d,,0eb40af8-ddd0-4d8e-85a5-d3b3bb1022e7,a28a1a10-d6ab-45f2-84f3-8ab4db7850b2,92dd11a8-2635-476b-a8d0-573cf74d4487,0eb40af8-ddd0-4d8e-85a5-d3b3bb1022e7,e22f62dc-f531-418c-a13d-10385b0f0c4f,2.2.0-engage,cf547da2-6d22-4758-b32a-726d77dac382,,,,In the United States (NOT Puerto Rico or other U.S. Territory/Commonwealth),,,,"Only temporarily laid off, in sick leave, or maternity leave",,,Native Hawaiian or Pacific Islander,,,Separated,,Some college or Associates degree,,19,Female,2006-08-28,Woman,Prefer not to answer,Rrr Yyy,Prefer not to answer,Task/e530e88b-e6ff-4907-803e-551ae0de3aeb/_history/1
Questionnaire/1613531,c65dcb5e-cc18-4731-ab0d-4d9ad52c516f,,0eb40af8-ddd0-4d8e-85a5-d3b3bb1022e7,a28a1a10-d6ab-45f2-84f3-8ab4db7850b2,92dd11a8-2635-476b-a8d0-573cf74d4487,0eb40af8-ddd0-4d8e-85a5-d3b3bb1022e7,e22f62dc-f531-418c-a13d-10385b0f0c4f,2.1.2-engage,cf655315-ac2b-498b-8631-98e8e0c4f794,Less than one year,,,Outside the United States (including Puerto Rico or other U.S. Territory/Commonwealth).,,,,Working now,,2,American Indian or Alaska Native | Black or African American,,,Never married,,High school graduate or GED,,55,Prefer not to answer,1970-01-01,Prefer not to answer,,Test 1 Test,Prefer not to answer,Task/2b56bb15-ca7c-46c6-b902-f157817b1402
Questionnaire/1613531,e883c55e-bb50-4f0c-9e11-8bd5138160f8,,7146b21a-154f-4107-baf4-eb997ae71409,27e21b5d-c528-40d2-a44a-bc9e4fdbb703,60a2706c-ff10-4966-8fc0-54b217490646,7146b21a-154f-4107-baf4-eb997ae71409,2acfebb8-cb90-45bb-965e-1897c2274d1f,2.2.0-engage,cf74e280-3c38-463d-be50-7164fb8b831d,,,,In the United States (NOT Puerto Rico or other U.S. Territory/Commonwealth),,,,Self-employed,Hardly ever,,Black or African American,,,Never married,,"Bachelor's degree (B.A., B.S., etc.)",,25,Female,2000-04-14,Man,Straight,Zinathi Dingo,She/her/hers,Task/ef4a6316-d69f-4ee1-b1ac-642daca331d2
Questionnaire/1613531,134190ab-15dd-4ff6-b084-0fa1b5ca7d56,,0eb40af8-ddd0-4d8e-85a5-d3b3bb1022e7,a28a1a10-d6ab-45f2-84f3-8ab4db7850b2,92dd11a8-2635-476b-a8d0-573cf74d4487,0eb40af8-ddd0-4d8e-85a5-d3b3bb1022e7,e22f62dc-f531-418c-a13d-10385b0f0c4f,2.1.2-engage,d14ea384-b217-440c-9398-2b24c9932c52,Less than one year,,,Outside the United States (including Puerto Rico or other U.S. Territory/Commonwealth).,192727,,,Self-employed,Hardly ever,10,"Middle Eastern or North African, For example, Lebanese, Iranian, Egyptian, Syrian, Iraqi, Israeli, etc. | Native Hawaiian or Pacific Islander, For example, Native Hawaiian, Samoan, Chamorro, Tongan, Fijian, Marshallese, etc.",,,Never married,,"Bachelor's degree (B.A., B.S., etc.)",Puerto Rico,37,Female,1988-04-14,Woman,Straight,Margaret Muli,She/her/hers,Task/fdf30483-17c2-45ae-b5ae-4c3f3efa2e87
Questionnaire/1613531,dcaee885-b10f-426b-ab6e-9d601364f4a1,,0eb40af8-ddd0-4d8e-85a5-d3b3bb1022e7,a28a1a10-d6ab-45f2-84f3-8ab4db7850b2,92dd11a8-2635-476b-a8d0-573cf74d4487,0eb40af8-ddd0-4d8e-85a5-d3b3bb1022e7,e22f62dc-f531-418c-a13d-10385b0f0c4f,2.1.2-engage,d2d19fd0-4615-49e4-8837-d032d5cff391,,,,In the United States (NOT Puerto Rico or other U.S. Territory/Commonwealth),0870,,,Working but looking for work,Some of the time,,"Hispanic or Latino, For example, Mexican, Puerto Rican, Salvadoran, Cuban, Dominican, Guatemalan, etc. | Middle Eastern or North African, For example, Lebanese, Iranian, Egyptian, Syrian, Iraqi, Israeli, etc.",,,Never married,,"Bachelor's degree (B.A., B.S., etc.)",,33,Female,1992-07-31,Non-binary,Bisexual,Harriet Neema,They/them/theirs,Task/756ee7bb-9114-4de2-ab8c-6ca601a46748
Questionnaire/1613531,0dff4ea0-9a21-4a3e-8121-0ecae491e612,,0eb40af8-ddd0-4d8e-85a5-d3b3bb1022e7,a28a1a10-d6ab-45f2-84f3-8ab4db7850b2,92dd11a8-2635-476b-a8d0-573cf74d4487,0eb40af8-ddd0-4d8e-85a5-d3b3bb1022e7,e22f62dc-f531-418c-a13d-10385b0f0c4f,2.1.2-engage,d812ca4e-440a-4c63-b568-930aefa27e51,One year or more,,,Outside the United States (including Puerto Rico or other U.S. Territory/Commonwealth).,,,8,Working now,Often,,Hispanic or Latino,,,Now married,,"Graduate/professional degree (MA, PhD, MD, etc.)",Colombia,32,Prefer not to answer,1993-01-27,Prefer not to answer,Prefer not to answer,Camila Restrepo,Prefer not to answer,Task/47816099-01ed-426f-9837-3f3aad0abcfe
Questionnaire/1613531,50964f10-27ac-4c89-8543-5d400105a43d,,0eb40af8-ddd0-4d8e-85a5-d3b3bb1022e7,a28a1a10-d6ab-45f2-84f3-8ab4db7850b2,92dd11a8-2635-476b-a8d0-573cf74d4487,0eb40af8-ddd0-4d8e-85a5-d3b3bb1022e7,e22f62dc-f531-418c-a13d-10385b0f0c4f,2.1.3-engage,d915a565-6a40-4c16-b125-d420101e2ae7,,,,In the United States (NOT Puerto Rico or other U.S. Territory/Commonwealth),877,,,Working now,Some of the Time,,"Hispanic or Latino, For example, Mexican, Puerto Rican, Salvadoran, Cuban, Dominican, Guatemalan, etc. | Middle Eastern or North African, For example, Lebanese, Iranian, Egyptian, Syrian, Iraqi, Israeli, etc. | Native Hawaiian or Pacific Islander, For example, Native Hawaiian, Samoan, Chamorro, Tongan, Fijian, Marshallese, etc.",,,Now married,,"Some high school, but did not graduate",,32,,1993-04-05,,Straight,,They/them/theirs,
Questionnaire/1613531,ba9050a0-d153-43fd-9956-87ecfb42ec6f,,0eb40af8-ddd0-4d8e-85a5-d3b3bb1022e7,a28a1a10-d6ab-45f2-84f3-8ab4db7850b2,92dd11a8-2635-476b-a8d0-573cf74d4487,0eb40af8-ddd0-4d8e-85a5-d3b3bb1022e7,e22f62dc-f531-418c-a13d-10385b0f0c4f,2.1.2-engage,e047bb02-38cc-42ad-b4b4-eca98c20bf90,,,,In the United States (NOT Puerto Rico or other U.S. Territory/Commonwealth),617266,,,Working now,Hardly ever,,"Black or African American, For example, African American, Jamaican, Haitian, Nigerian, Ethiopian, Somali, etc.",,,Never married,,"Some high school, but did not graduate",,35,Intersex,1990-05-05,Non-binary,Bisexual,New  Patient,They/them/theirs,Task/4468f70f-f1c7-42d0-808f-76a544150fca/_history/1
Questionnaire/1613531,92ad1563-713e-4e9c-85ea-ef90ae432885,,0eb40af8-ddd0-4d8e-85a5-d3b3bb1022e7,a28a1a10-d6ab-45f2-84f3-8ab4db7850b2,92dd11a8-2635-476b-a8d0-573cf74d4487,0eb40af8-ddd0-4d8e-85a5-d3b3bb1022e7,e22f62dc-f531-418c-a13d-10385b0f0c4f,2.1.2-engage,e0a43d41-3b41-4ee8-ab98-d04935202e4b,One year or more,,,Outside the United States (including Puerto Rico or other U.S. Territory/Commonwealth).,,,5,Working but looking for work,Some of the time,,"American Indian or Alaska Native, For example, Navajo Nation, Blackfeet Tribe of the Blackfeet Indian Reservation of Montana, Native Village of Barrow Inupiat Traditional Government, Nome Eskimo Community, Aztec, Maya, etc. | Asian, For example, Chinese, Asian Indian, Filipino, Vietnamese, Korean, Japanese, etc.",,,Now married,,High school graduate or GED,China,48,Male,1977-07-11,Man,Straight,Mansa Mengiste,He/him/his,Task/fb07a2c4-6615-476e-9b26-6ff7a76dabdd/_history/1
Questionnaire/1613531,b06149c1-dc51-48f7-a744-caf7c1523c8b,,0eb40af8-ddd0-4d8e-85a5-d3b3bb1022e7,a28a1a10-d6ab-45f2-84f3-8ab4db7850b2,92dd11a8-2635-476b-a8d0-573cf74d4487,0eb40af8-ddd0-4d8e-85a5-d3b3bb1022e7,e22f62dc-f531-418c-a13d-10385b0f0c4f,2.1.3-engage,e2ae22d6-275d-4968-ac2c-ec8e6f1583af,,,,In the United States (NOT Puerto Rico or other U.S. Territory/Commonwealth),988334,,,Working now,Hardly Ever,,"American Indian or Alaska Native, For example, Navajo Nation, Blackfeet Tribe of the Blackfeet Indian Reservation of Montana, Native Village of Barrow Inupiat Traditional Government, Nome Eskimo Community, Aztec, Maya, etc.",,,Widowed,,Some college or Associates degree,,32,Female,1993-04-11,Man,Bisexual,,She/her/hers,Task/9c8608e9-cd93-4ef5-9f85-b0f787adc0e0
Questionnaire/1613531,d3965e90-f96f-4a34-a85a-858ed53a5510,,0eb40af8-ddd0-4d8e-85a5-d3b3bb1022e7,a28a1a10-d6ab-45f2-84f3-8ab4db7850b2,92dd11a8-2635-476b-a8d0-573cf74d4487,0eb40af8-ddd0-4d8e-85a5-d3b3bb1022e7,e22f62dc-f531-418c-a13d-10385b0f0c4f,2.1.2-engage,e2c39502-8534-4ab8-a55f-66972170cb3e,,,,In the United States (NOT Puerto Rico or other U.S. Territory/Commonwealth),,,,Working now,Some of the time,,American Indian or Alaska Native,,,Divorced,,"Some high school, but did not graduate",,34,Male,1991-07-30,Man,Prefer not to answer,Test Latte 2,Prefer not to answer,Task/b2814246-7d0e-496e-a39e-7258cb406ba8/_history/1
Questionnaire/1613531,1bf0eb10-61e0-44ca-b65e-452c34b0ae39,,0eb40af8-ddd0-4d8e-85a5-d3b3bb1022e7,a28a1a10-d6ab-45f2-84f3-8ab4db7850b2,92dd11a8-2635-476b-a8d0-573cf74d4487,0eb40af8-ddd0-4d8e-85a5-d3b3bb1022e7,e22f62dc-f531-418c-a13d-10385b0f0c4f,2.2.0-engage,e5266e2c-f676-47b3-b8eb-9f82470f7c19,,,,In the United States (NOT Puerto Rico or other U.S. Territory/Commonwealth),,,,Self-employed,,,American Indian or Alaska Native,,,Now married,,High school graduate or GED,,45,Male,1980-08-22,Man,Straight,Patient Test,He/him/his,Task/7bf55af4-194d-49c0-92a4-3a69eff2c220
Questionnaire/1613531,a8980e6a-842f-44ad-8c31-a856ee320110,,0eb40af8-ddd0-4d8e-85a5-d3b3bb1022e7,a28a1a10-d6ab-45f2-84f3-8ab4db7850b2,92dd11a8-2635-476b-a8d0-573cf74d4487,0eb40af8-ddd0-4d8e-85a5-d3b3bb1022e7,e22f62dc-f531-418c-a13d-10385b0f0c4f,2.0.2-engage,e8fe45d4-ffee-4771-9865-dbc84db0b497,,,,In the United States (NOT Puerto Rico or other U.S. Territory/Commonwealth),10467,Male,,A student,Some of the Time,,"Black or African American, For example, African American, Jamaican, Haitian, Nigerian, Ethiopian, Somali, etc.","Straight: that is, not gay or lesbian, etc. ",Mental health clinic,Never married,Man,Some college or Associates degree,,,,,,,,,
Questionnaire/1613531,d39b06db-610c-4065-8f8c-af80eeb64207,,0eb40af8-ddd0-4d8e-85a5-d3b3bb1022e7,a28a1a10-d6ab-45f2-84f3-8ab4db7850b2,92dd11a8-2635-476b-a8d0-573cf74d4487,0eb40af8-ddd0-4d8e-85a5-d3b3bb1022e7,e22f62dc-f531-418c-a13d-10385b0f0c4f,2.0.2-engage,ecba2888-6d9e-4d72-99cb-d11f6f5357d5,,,,,,Other,,,,,,None of these describe me,,,None of these describe me,,,,,,,,,,
Questionnaire/1613531,12c97a8e-dd93-40ef-b674-09b0e8fff621,,0eb40af8-ddd0-4d8e-85a5-d3b3bb1022e7,a28a1a10-d6ab-45f2-84f3-8ab4db7850b2,92dd11a8-2635-476b-a8d0-573cf74d4487,0eb40af8-ddd0-4d8e-85a5-d3b3bb1022e7,e22f62dc-f531-418c-a13d-10385b0f0c4f,2.1.2-engage,f33e0255-4272-4c45-8483-9e4db59e098d,One year or more,,,Outside the United States (including Puerto Rico or other U.S. Territory/Commonwealth).,01928,,7,Self-employed,Some of the time,,"Asian, For example, Chinese, Asian Indian, Filipino, Vietnamese, Korean, Japanese, etc. | Black or African American, For example, African American, Jamaican, Haitian, Nigerian, Ethiopian, Somali, etc.",,,Never married,,High school graduate or GED,Nigeria,38,Male,1987-07-28,Man,Straight,Bryson Junior,He/him/his,Task/b5e2d494-521f-4809-8197-5b0a1d50af4c
