questionnaire_id,subject_patient_id,encounter_id,author_practitioner_id,practitioner_location_id,practitioner_organization_id,practitioner_id,practitioner_careteam_id,application_version,qr_id,phq_place_declare_values,phq_place_declare_values_2,phq_place_declare_values_3,psychomotor,suicidal_thoughts,little_interest,feeling_down,sleep_trouble,low_energy,appetite_problems,feeling_bad_self,concentration_trouble,anonymized_at
Questionnaire/61,f79a9c7e-77f0-4af1-8319-67890aea6f91,b73e7f46-c661-406f-be0b-66f115aa1b0f,5859d5f3-d37b-4a28-a68f-5ce1aaac611f,7a2bad81-130f-4785-8438-af7aac92fedf,602ec278-054a-473e-a553-957bd5ac8c6f,5859d5f3-d37b-4a28-a68f-5ce1aaac611f,83586171-9bac-426a-aae5-798bf548e15e,2.0.2-engage,015e4e77-f7e5-453f-a0d3-030413f1b227,22,severe-depression,Severe depression,More than half the days,Nearly every day,More than half the days,Nearly every day,Nearly every day,More than half the days,More than half the days,More than half the days,Nearly every day,2025-09-11 15:17:50.46976+00
Questionnaire/61,c7cbedbb-a574-42f9-a9ed-4a61cb606d0b,9c47d093-21e1-47c7-b56a-8b28c0d96254,0eb40af8-ddd0-4d8e-85a5-d3b3bb1022e7,a28a1a10-d6ab-45f2-84f3-8ab4db7850b2,92dd11a8-2635-476b-a8d0-573cf74d4487,0eb40af8-ddd0-4d8e-85a5-d3b3bb1022e7,e22f62dc-f531-418c-a13d-10385b0f0c4f,2.0.1-engage,1503b8bf-d5a9-461c-a7f3-5e3056702050,19,moderately-severe-depression,Moderately severe depression,2 - More than half the days,1 - Several days,1 - Several days,2 - More than half the days,2 - More than half the days,3 - Nearly every day,3 - Nearly every day,2 - More than half the days,3 - Nearly every day,2025-09-11 15:17:50.46976+00
Questionnaire/61,5f896878-1169-4ea7-b479-835b28679f17,80f8cdba-a657-40fa-9e31-97671452c1d4,0eb40af8-ddd0-4d8e-85a5-d3b3bb1022e7,a28a1a10-d6ab-45f2-84f3-8ab4db7850b2,92dd11a8-2635-476b-a8d0-573cf74d4487,0eb40af8-ddd0-4d8e-85a5-d3b3bb1022e7,e22f62dc-f531-418c-a13d-10385b0f0c4f,2.0.0-engage,1eb2470b-94e1-4ebf-851d-d52f89f77ac4,17,moderately-severe-depression,Moderately severe depression,2 - More than half the days,1 - Several days,3 - Nearly every day,2 - More than half the days,3 - Nearly every day,2 - More than half the days,1 - Several days,0 - Not at all,3 - Nearly every day,2025-09-11 15:17:50.46976+00
Questionnaire/61,c9adb1a9-83aa-454e-a005-b436b6d6ff58,,0eb40af8-ddd0-4d8e-85a5-d3b3bb1022e7,Not defined,92dd11a8-2635-476b-a8d0-573cf74d4487,0eb40af8-ddd0-4d8e-85a5-d3b3bb1022e7,e22f62dc-f531-418c-a13d-10385b0f0c4f,Not defined,1f54fb17-8366-4f19-9482-3a975798cb35,18,moderately-severe-depression,Moderately severe depression,2 - More than half the days,2 - More than half the days,2 - More than half the days,2 - More than half the days,2 - More than half the days,2 - More than half the days,2 - More than half the days,2 - More than half the days,2 - More than half the days,2025-09-11 15:17:50.46976+00
Questionnaire/61,f05564a1-4de7-4680-a17d-5ba329329f6c,436d1a46-d9a5-4373-a442-deac18d13034,0eb40af8-ddd0-4d8e-85a5-d3b3bb1022e7,a28a1a10-d6ab-45f2-84f3-8ab4db7850b2,92dd11a8-2635-476b-a8d0-573cf74d4487,0eb40af8-ddd0-4d8e-85a5-d3b3bb1022e7,e22f62dc-f531-418c-a13d-10385b0f0c4f,2.2.0-engage,305d38c8-e670-44f2-85bf-8d724e061a8d,8,mild-depression,Mild depression,Not at all,Not at all,Several days,More than half the days,Several days,Several days,Several days,Several days,Several days,2025-09-11 15:17:50.46976+00
Questionnaire/61,1ad2aaab-ce46-41c4-81d0-f1b9d415d4ca,,0eb40af8-ddd0-4d8e-85a5-d3b3bb1022e7,Not defined,92dd11a8-2635-476b-a8d0-573cf74d4487,0eb40af8-ddd0-4d8e-85a5-d3b3bb1022e7,e22f62dc-f531-418c-a13d-10385b0f0c4f,Not defined,34912c42-1280-4d98-ad5e-795075941be1,7,mild-depression,Mild depression,0 - Not at all,1 - Several days,1 - Several days,0 - Not at all,1 - Several days,2 - More than half the days,1 - Several days,1 - Several days,0 - Not at all,2025-09-11 15:17:50.46976+00
Questionnaire/61,f177e016-e1a9-4b9b-a516-969c5b98301e,d47794b3-0085-4999-b1f9-5c1aed0e75b9,0eb40af8-ddd0-4d8e-85a5-d3b3bb1022e7,a28a1a10-d6ab-45f2-84f3-8ab4db7850b2,92dd11a8-2635-476b-a8d0-573cf74d4487,0eb40af8-ddd0-4d8e-85a5-d3b3bb1022e7,e22f62dc-f531-418c-a13d-10385b0f0c4f,2.0.0-engage,3ee91a84-1ad5-4f27-b578-1e84d4c2df3a,6,mild-depression,Mild depression,0 - Not at all,1 - Several days,1 - Several days,1 - Several days,0 - Not at all,1 - Several days,2 - More than half the days,0 - Not at all,0 - Not at all,2025-09-11 15:17:50.46976+00
Questionnaire/61,fffa753b-b871-430f-acdf-e16dd47ab2bb,4129243b-568e-4042-97d3-039c2b28b9dc,0eb40af8-ddd0-4d8e-85a5-d3b3bb1022e7,a28a1a10-d6ab-45f2-84f3-8ab4db7850b2,92dd11a8-2635-476b-a8d0-573cf74d4487,0eb40af8-ddd0-4d8e-85a5-d3b3bb1022e7,e22f62dc-f531-418c-a13d-10385b0f0c4f,2.1.2-engage,452a0734-b573-406d-aacb-999fa16fe1e1,8,mild-depression,Mild depression,Several days,Not at all,Several days,Several days,Several days,Several days,Several days,Several days,Several days,2025-09-11 15:17:50.46976+00
Questionnaire/61,bd41c189-6b9e-4544-bb9d-e8cfe0a2d76b,5075faf7-db6d-49d8-8cbf-5028dd2fb50c,0eb40af8-ddd0-4d8e-85a5-d3b3bb1022e7,a28a1a10-d6ab-45f2-84f3-8ab4db7850b2,92dd11a8-2635-476b-a8d0-573cf74d4487,0eb40af8-ddd0-4d8e-85a5-d3b3bb1022e7,e22f62dc-f531-418c-a13d-10385b0f0c4f,2.2.0-engage,4b403f05-b7ed-47b4-9bae-486e692c0ab4,12,moderate-depression,Moderate depression,More than half the days,Not at all,More than half the days,Several days,More than half the days,Several days,More than half the days,Several days,Several days,2025-09-11 15:17:50.46976+00
Questionnaire/61,87f0f749-f6b9-4225-8548-fe05417e8847,63ab2abe-ac98-4b57-81ec-bde4f4ffae09,5859d5f3-d37b-4a28-a68f-5ce1aaac611f,7a2bad81-130f-4785-8438-af7aac92fedf,602ec278-054a-473e-a553-957bd5ac8c6f,5859d5f3-d37b-4a28-a68f-5ce1aaac611f,83586171-9bac-426a-aae5-798bf548e15e,2.0.2-engage,4b9e06f9-2948-4f8a-aa2d-61a317ddf216,21,severe-depression,Severe depression,More than half the days,Nearly every day,Several days,Nearly every day,Nearly every day,Nearly every day,More than half the days,Several days,Nearly every day,2025-09-11 15:17:50.46976+00
Questionnaire/61,658bf01b-d18f-4ac1-8da5-4740a1c4bc6d,01f94246-bcab-4453-b05d-7fff79c5f7d0,0eb40af8-ddd0-4d8e-85a5-d3b3bb1022e7,a28a1a10-d6ab-45f2-84f3-8ab4db7850b2,92dd11a8-2635-476b-a8d0-573cf74d4487,0eb40af8-ddd0-4d8e-85a5-d3b3bb1022e7,e22f62dc-f531-418c-a13d-10385b0f0c4f,2.2.0-engage,534faaec-e94b-461d-bce8-05178fed7f46,6,mild-depression,Mild depression,Several days,Not at all,Several days,Not at all,Several days,Several days,Several days,Not at all,Several days,2025-09-11 15:17:50.46976+00
Questionnaire/61,781f4bfa-f728-40c4-8c8a-d035e8e7dbd4,21c29842-1095-4f70-8c12-9ed5749dea7e,0eb40af8-ddd0-4d8e-85a5-d3b3bb1022e7,a28a1a10-d6ab-45f2-84f3-8ab4db7850b2,92dd11a8-2635-476b-a8d0-573cf74d4487,0eb40af8-ddd0-4d8e-85a5-d3b3bb1022e7,e22f62dc-f531-418c-a13d-10385b0f0c4f,2.0.2-engage,5710a8b2-fc6f-4e36-820f-0c7e3fdb9f43,9,mild-depression,Mild depression,Several days,Several days,Several days,Several days,Several days,Several days,Several days,Several days,Several days,2025-09-11 15:17:50.46976+00
Questionnaire/61,a9aaadf4-b3ae-48f0-8ce1-513ffe2dea5f,675e0f98-3ad9-4a60-b6e2-04f3c261115e,5859d5f3-d37b-4a28-a68f-5ce1aaac611f,7a2bad81-130f-4785-8438-af7aac92fedf,602ec278-054a-473e-a553-957bd5ac8c6f,5859d5f3-d37b-4a28-a68f-5ce1aaac611f,83586171-9bac-426a-aae5-798bf548e15e,2.0.2-engage,5801f7de-67c3-4ec0-8d58-a6d8d1bf95c4,27,severe-depression,Severe depression,Nearly every day,Nearly every day,Nearly every day,Nearly every day,Nearly every day,Nearly every day,Nearly every day,Nearly every day,Nearly every day,2025-09-11 15:17:50.46976+00
Questionnaire/61,71a7b06d-86a6-4aa6-8bd1-52c8943583da,aa25d224-643d-46d2-9b20-fe63bb9783e7,0eb40af8-ddd0-4d8e-85a5-d3b3bb1022e7,a28a1a10-d6ab-45f2-84f3-8ab4db7850b2,92dd11a8-2635-476b-a8d0-573cf74d4487,0eb40af8-ddd0-4d8e-85a5-d3b3bb1022e7,e22f62dc-f531-418c-a13d-10385b0f0c4f,2.1.2-engage,5ebc5f60-a6c2-40e3-ae1a-824dc8509971,9,mild-depression,Mild depression,Several days,Several days,Several days,Several days,Several days,Several days,Several days,Several days,Several days,2025-09-11 15:17:50.46976+00
Questionnaire/61,f327ae5b-4c8a-4fe8-93dc-a66d9f75348d,c4f189ac-ccfa-4374-a430-674e6e6a0d2d,0eb40af8-ddd0-4d8e-85a5-d3b3bb1022e7,a28a1a10-d6ab-45f2-84f3-8ab4db7850b2,92dd11a8-2635-476b-a8d0-573cf74d4487,0eb40af8-ddd0-4d8e-85a5-d3b3bb1022e7,e22f62dc-f531-418c-a13d-10385b0f0c4f,2.0.0-engage,679f6c71-f899-4811-9c14-09d887852503,20,severe-depression,Severe depression,2 - More than half the days,3 - Nearly every day,1 - Several days,2 - More than half the days,3 - Nearly every day,3 - Nearly every day,2 - More than half the days,1 - Several days,3 - Nearly every day,2025-09-11 15:17:50.46976+00
Questionnaire/61,024acb92-a14d-49d1-86a4-093715bf5793,f7be9f7d-4331-4380-af01-7800fdbd05e1,0eb40af8-ddd0-4d8e-85a5-d3b3bb1022e7,a28a1a10-d6ab-45f2-84f3-8ab4db7850b2,92dd11a8-2635-476b-a8d0-573cf74d4487,0eb40af8-ddd0-4d8e-85a5-d3b3bb1022e7,e22f62dc-f531-418c-a13d-10385b0f0c4f,2.2.0-engage,6c9bae0b-8a3b-400a-99bd-46bbd836276e,21,severe-depression,Severe depression,More than half the days,More than half the days,More than half the days,More than half the days,Nearly every day,Nearly every day,More than half the days,Nearly every day,More than half the days,2025-09-11 15:17:50.46976+00
Questionnaire/61,ec421eed-1c76-49e7-9ce0-ed133e6f6379,537fea4b-6de7-4c83-97c7-69678461d217,0eb40af8-ddd0-4d8e-85a5-d3b3bb1022e7,a28a1a10-d6ab-45f2-84f3-8ab4db7850b2,92dd11a8-2635-476b-a8d0-573cf74d4487,0eb40af8-ddd0-4d8e-85a5-d3b3bb1022e7,e22f62dc-f531-418c-a13d-10385b0f0c4f,2.0.0-engage,73b5ee37-03cf-4a51-aeb9-69323086eeba,14,moderate-depression,Moderate depression,2 - More than half the days,2 - More than half the days,0 - Not at all,1 - Several days,1 - Several days,2 - More than half the days,2 - More than half the days,2 - More than half the days,2 - More than half the days,2025-09-11 15:17:50.46976+00
Questionnaire/61,162f2b99-9110-45a1-bb7a-2cac76d288f4,db0d8398-c1e4-4d92-8b2c-4c3220f19e00,0eb40af8-ddd0-4d8e-85a5-d3b3bb1022e7,a28a1a10-d6ab-45f2-84f3-8ab4db7850b2,92dd11a8-2635-476b-a8d0-573cf74d4487,0eb40af8-ddd0-4d8e-85a5-d3b3bb1022e7,e22f62dc-f531-418c-a13d-10385b0f0c4f,2.0.2-engage,7a42ec69-a818-492a-94b9-0b0a0930292d,9,mild-depression,Mild depression,Several days,Several days,Several days,Several days,Several days,Several days,Several days,Several days,Several days,2025-09-11 15:17:50.46976+00
Questionnaire/61,40c53fb6-6301-4da8-888f-0242ddd567d6,b98e0fa2-ff64-445f-b350-1c9ec4bc1f6d,0eb40af8-ddd0-4d8e-85a5-d3b3bb1022e7,a28a1a10-d6ab-45f2-84f3-8ab4db7850b2,92dd11a8-2635-476b-a8d0-573cf74d4487,0eb40af8-ddd0-4d8e-85a5-d3b3bb1022e7,e22f62dc-f531-418c-a13d-10385b0f0c4f,2.1.2-engage,7cba344a-5ddd-4ff9-ad61-4c942c73ff3d,7,mild-depression,Mild depression,Not at all,Not at all,Several days,Several days,Several days,Several days,Several days,Several days,Several days,2025-09-11 15:17:50.46976+00
Questionnaire/61,d9502b4c-258a-4538-8250-074c1ff03e25,,0eb40af8-ddd0-4d8e-85a5-d3b3bb1022e7,Not defined,92dd11a8-2635-476b-a8d0-573cf74d4487,0eb40af8-ddd0-4d8e-85a5-d3b3bb1022e7,e22f62dc-f531-418c-a13d-10385b0f0c4f,Not defined,81cef88a-742c-4070-b804-aae909896860,0,,None-minimal depression,,,,,,,,,,2025-09-11 15:17:50.46976+00
Questionnaire/61,5ee2402d-024a-4cd3-9d2c-42124a638a7e,3930d825-bb26-4757-8404-126bee415be8,0eb40af8-ddd0-4d8e-85a5-d3b3bb1022e7,a28a1a10-d6ab-45f2-84f3-8ab4db7850b2,92dd11a8-2635-476b-a8d0-573cf74d4487,0eb40af8-ddd0-4d8e-85a5-d3b3bb1022e7,e22f62dc-f531-418c-a13d-10385b0f0c4f,2.2.0-engage,828dd253-8977-4ca8-a34d-128100031e31,13,moderate-depression,Moderate depression,Several days,Several days,More than half the days,Nearly every day,Several days,More than half the days,Several days,Several days,Several days,2025-09-11 15:17:50.46976+00
Questionnaire/61,42c3163d-d1bb-46df-9894-2db06c8ef8a3,,0eb40af8-ddd0-4d8e-85a5-d3b3bb1022e7,Not defined,92dd11a8-2635-476b-a8d0-573cf74d4487,0eb40af8-ddd0-4d8e-85a5-d3b3bb1022e7,e22f62dc-f531-418c-a13d-10385b0f0c4f,Not defined,8b39daa4-8fdf-4f10-b38d-adaab9c5c38d,23,severe-depression,Severe depression,2 - More than half the days,3 - Nearly every day,2 - More than half the days,3 - Nearly every day,2 - More than half the days,3 - Nearly every day,3 - Nearly every day,2 - More than half the days,3 - Nearly every day,2025-09-11 15:17:50.46976+00
Questionnaire/61,c220a224-11b2-4a42-a02f-007eecb3b4f0,3c9af732-4858-4317-887f-5a2fa92a00cc,0eb40af8-ddd0-4d8e-85a5-d3b3bb1022e7,a28a1a10-d6ab-45f2-84f3-8ab4db7850b2,92dd11a8-2635-476b-a8d0-573cf74d4487,0eb40af8-ddd0-4d8e-85a5-d3b3bb1022e7,e22f62dc-f531-418c-a13d-10385b0f0c4f,2.2.0-engage,907deda3-1d77-48ae-b01d-d3ff14acc480,13,moderate-depression,Moderate depression,Several days,More than half the days,Several days,More than half the days,Several days,Several days,More than half the days,Several days,More than half the days,2025-09-11 15:17:50.46976+00
Questionnaire/61,76769aa3-fc46-45e2-bc1d-72df0cb35625,,0eb40af8-ddd0-4d8e-85a5-d3b3bb1022e7,Not defined,92dd11a8-2635-476b-a8d0-573cf74d4487,0eb40af8-ddd0-4d8e-85a5-d3b3bb1022e7,d66f38ae-e5e7-4456-ae85-331284676dc6,Not defined,9ace8fbc-903b-474c-bfee-acf2d22f79fc,13,,Moderate depression,1 - Several days,3 - Nearly every day,2 - More than half the days,3 - Nearly every day,3 - Nearly every day,0 - Not at all,1 - Several days,1 - Several days,2 - More than half the days,2025-09-11 15:17:50.46976+00
Questionnaire/61,b4d46598-51d8-4d2d-9c34-e3ef9aa44632,f9b4cd58-c2f7-40c5-98ed-9493031d7adf,0eb40af8-ddd0-4d8e-85a5-d3b3bb1022e7,a28a1a10-d6ab-45f2-84f3-8ab4db7850b2,92dd11a8-2635-476b-a8d0-573cf74d4487,0eb40af8-ddd0-4d8e-85a5-d3b3bb1022e7,e22f62dc-f531-418c-a13d-10385b0f0c4f,2.0.1-engage,9d4594ff-b610-4ffa-af36-bd367e9fa6be,6,mild-depression,Mild depression,3 - Nearly every day,3 - Nearly every day,,,,,,,,2025-09-11 15:17:50.46976+00
Questionnaire/61,d9502b4c-258a-4538-8250-074c1ff03e25,,0eb40af8-ddd0-4d8e-85a5-d3b3bb1022e7,Not defined,92dd11a8-2635-476b-a8d0-573cf74d4487,0eb40af8-ddd0-4d8e-85a5-d3b3bb1022e7,e22f62dc-f531-418c-a13d-10385b0f0c4f,Not defined,a47fab03-9106-4d48-9897-34b95fab59b0,0,,None-minimal depression,,,,,,,,,,2025-09-11 15:17:50.46976+00
Questionnaire/61,77679304-1eda-4ad7-a218-2ef2aadcf83f,888fc83a-f7be-45a8-85d0-4741aa04ea57,0eb40af8-ddd0-4d8e-85a5-d3b3bb1022e7,a28a1a10-d6ab-45f2-84f3-8ab4db7850b2,92dd11a8-2635-476b-a8d0-573cf74d4487,0eb40af8-ddd0-4d8e-85a5-d3b3bb1022e7,e22f62dc-f531-418c-a13d-10385b0f0c4f,2.1.2-engage,a6d1bf99-1ca1-4a86-858c-dbb79eb20ed8,12,moderate-depression,Moderate depression,Not at all,Several days,More than half the days,More than half the days,More than half the days,More than half the days,More than half the days,Several days,Not at all,2025-09-11 15:17:50.46976+00
Questionnaire/61,5b70d0ce-bc89-4ccc-9449-8692c3b38928,489c9ee9-fade-408a-8867-268396890277,5859d5f3-d37b-4a28-a68f-5ce1aaac611f,7a2bad81-130f-4785-8438-af7aac92fedf,602ec278-054a-473e-a553-957bd5ac8c6f,5859d5f3-d37b-4a28-a68f-5ce1aaac611f,83586171-9bac-426a-aae5-798bf548e15e,2.0.2-engage,aaf3dc50-c5cd-49b7-b781-7dbde5e9f6d6,22,severe-depression,Severe depression,More than half the days,Nearly every day,More than half the days,Nearly every day,More than half the days,Nearly every day,More than half the days,Nearly every day,More than half the days,2025-09-11 15:17:50.46976+00
Questionnaire/61,8f6c3016-6d99-43e0-bc6d-a4be5727ba1d,b803623c-7dd2-410e-85eb-ed1c76bcef21,0eb40af8-ddd0-4d8e-85a5-d3b3bb1022e7,a28a1a10-d6ab-45f2-84f3-8ab4db7850b2,92dd11a8-2635-476b-a8d0-573cf74d4487,0eb40af8-ddd0-4d8e-85a5-d3b3bb1022e7,e22f62dc-f531-418c-a13d-10385b0f0c4f,2.2.0-engage,bcf7a87f-3985-4b36-a1d5-d59bb2bbbc86,17,moderately-severe-depression,Moderately severe depression,Nearly every day,More than half the days,More than half the days,Several days,Several days,More than half the days,Several days,Nearly every day,More than half the days,2025-09-11 15:17:50.46976+00
Questionnaire/61,04edab19-6899-4eb6-8486-34a8e0509963,e319d42f-f4f7-457e-aeaf-bdccd9921aa3,0eb40af8-ddd0-4d8e-85a5-d3b3bb1022e7,a28a1a10-d6ab-45f2-84f3-8ab4db7850b2,92dd11a8-2635-476b-a8d0-573cf74d4487,0eb40af8-ddd0-4d8e-85a5-d3b3bb1022e7,e22f62dc-f531-418c-a13d-10385b0f0c4f,2.0.0-engage,cdf0829f-095d-4d22-91b5-55f050b0b92f,22,severe-depression,Severe depression,3 - Nearly every day,3 - Nearly every day,3 - Nearly every day,2 - More than half the days,2 - More than half the days,2 - More than half the days,2 - More than half the days,3 - Nearly every day,2 - More than half the days,2025-09-11 15:17:50.46976+00
Questionnaire/61,2366eacb-4422-4cc7-931c-e05e6ea2d139,f7b3c13c-0d0d-4ccd-9c5f-7fe95366b3e3,0eb40af8-ddd0-4d8e-85a5-d3b3bb1022e7,a28a1a10-d6ab-45f2-84f3-8ab4db7850b2,92dd11a8-2635-476b-a8d0-573cf74d4487,0eb40af8-ddd0-4d8e-85a5-d3b3bb1022e7,e22f62dc-f531-418c-a13d-10385b0f0c4f,2.1.2-engage,d8b57c00-6110-4e17-a2a1-5d569537e30d,5,mild-depression,Mild depression,Not at all,Not at all,Several days,Several days,Several days,Several days,Not at all,Not at all,Several days,2025-09-11 15:17:50.46976+00
Questionnaire/61,9b4f31f2-b327-47c9-91c6-56082f924410,01d78e48-ed48-4a18-99a9-ad5ccc1cb7e8,0eb40af8-ddd0-4d8e-85a5-d3b3bb1022e7,a28a1a10-d6ab-45f2-84f3-8ab4db7850b2,92dd11a8-2635-476b-a8d0-573cf74d4487,0eb40af8-ddd0-4d8e-85a5-d3b3bb1022e7,e22f62dc-f531-418c-a13d-10385b0f0c4f,2.2.0-engage,dd8dff45-0259-4103-a3e5-654f61b77ab5,9,mild-depression,Mild depression,Several days,Not at all,Several days,Several days,More than half the days,Several days,More than half the days,Several days,Not at all,2025-09-11 15:17:50.46976+00
Questionnaire/61,6f271d61-f141-4fc5-9088-ffa1c291f690,6e554234-c24c-46cc-a020-5103bb524d32,0eb40af8-ddd0-4d8e-85a5-d3b3bb1022e7,a28a1a10-d6ab-45f2-84f3-8ab4db7850b2,92dd11a8-2635-476b-a8d0-573cf74d4487,0eb40af8-ddd0-4d8e-85a5-d3b3bb1022e7,e22f62dc-f531-418c-a13d-10385b0f0c4f,2.0.0-engage,debbe070-8b1c-4c3a-a9a6-e7ec93b469b5,9,mild-depression,Mild depression,0 - Not at all,0 - Not at all,2 - More than half the days,1 - Several days,3 - Nearly every day,0 - Not at all,1 - Several days,2 - More than half the days,0 - Not at all,2025-09-11 15:17:50.46976+00
Questionnaire/61,9b534915-4508-4002-a8ce-32a5fdcbf6f8,5e3b3dc3-d7c0-40ca-9d4a-c12310902ae7,0eb40af8-ddd0-4d8e-85a5-d3b3bb1022e7,a28a1a10-d6ab-45f2-84f3-8ab4db7850b2,92dd11a8-2635-476b-a8d0-573cf74d4487,0eb40af8-ddd0-4d8e-85a5-d3b3bb1022e7,e22f62dc-f531-418c-a13d-10385b0f0c4f,2.2.0-engage,df968042-784d-4f15-883d-8b3eeb4b5305,11,moderate-depression,Moderate depression,Several days,Several days,More than half the days,More than half the days,Several days,Several days,Several days,Several days,Several days,2025-09-11 15:17:50.46976+00
Questionnaire/61,7ccbfbcc-3b7d-4aea-9b15-045bebd17684,157aefec-c3eb-4253-a4ea-b5e9b8e4961c,8ecda3b5-f741-4752-ba5e-0f93006aa100,1a244e58-4583-41ff-9f9c-acb14d5ee9ec,d49549fa-5068-4a6e-81fc-eb6c315d2d53,8ecda3b5-f741-4752-ba5e-0f93006aa100,02564c94-d5c0-4356-b697-ebc48a3e0412,2.2.0-engage,e6e3b1d5-b087-441c-81be-17a3fb1f11c3,7,mild-depression,Mild depression,Not at all,Not at all,More than half the days,More than half the days,Several days,Several days,Not at all,Not at all,Several days,2025-09-11 15:17:50.46976+00
Questionnaire/61,e6df3964-f727-4594-ac81-5eeb323a468c,f28aa6a9-1fe8-4552-b871-d503ea8cb84d,5859d5f3-d37b-4a28-a68f-5ce1aaac611f,7a2bad81-130f-4785-8438-af7aac92fedf,602ec278-054a-473e-a553-957bd5ac8c6f,5859d5f3-d37b-4a28-a68f-5ce1aaac611f,83586171-9bac-426a-aae5-798bf548e15e,2.0.2-engage,ee4aa047-0b83-4a33-9dc1-62337169ef1c,17,moderately-severe-depression,Moderately severe depression,More than half the days,Nearly every day,More than half the days,Several days,Nearly every day,More than half the days,Nearly every day,Several days,Not at all,2025-09-11 15:17:50.46976+00
Questionnaire/61,490964c9-24d6-4c9d-acab-71b2e6d35fe6,181a9aa5-db78-4ccd-8a51-d019e5155d26,0eb40af8-ddd0-4d8e-85a5-d3b3bb1022e7,a28a1a10-d6ab-45f2-84f3-8ab4db7850b2,ee1b8cf2-2f4a-447c-bbb5-d63c674aff01,0eb40af8-ddd0-4d8e-85a5-d3b3bb1022e7,e22f62dc-f531-418c-a13d-10385b0f0c4f,2.2.0-engage,f1f726e3-a3e6-4edc-b58b-5f45a329203d,11,moderate-depression,Moderate depression,,Nearly every day,Nearly every day,More than half the days,Nearly every day,,,,,2025-09-11 15:17:50.46976+00
Questionnaire/61,9e2b4a3b-701e-49b2-8257-904a6db0ae6d,37738771-bc2a-4d78-824d-6dc6fae8c23d,0eb40af8-ddd0-4d8e-85a5-d3b3bb1022e7,a28a1a10-d6ab-45f2-84f3-8ab4db7850b2,92dd11a8-2635-476b-a8d0-573cf74d4487,0eb40af8-ddd0-4d8e-85a5-d3b3bb1022e7,e22f62dc-f531-418c-a13d-10385b0f0c4f,2.2.0-engage,f9b60892-5116-469e-b23d-5874a3bd6ef3,25,severe-depression,Severe depression,Nearly every day,Nearly every day,Several days,Nearly every day,Nearly every day,Nearly every day,Nearly every day,Nearly every day,Nearly every day,2025-09-11 15:17:50.46976+00
Questionnaire/61,ea1c21de-c6e4-400e-a549-49aaddddf3fe,4175e95e-5a5a-412d-b876-cf95077e528b,0eb40af8-ddd0-4d8e-85a5-d3b3bb1022e7,a28a1a10-d6ab-45f2-84f3-8ab4db7850b2,92dd11a8-2635-476b-a8d0-573cf74d4487,0eb40af8-ddd0-4d8e-85a5-d3b3bb1022e7,e22f62dc-f531-418c-a13d-10385b0f0c4f,2.0.0-engage,fa368556-28f7-41d7-9453-0826ad5fa2d1,18,moderately-severe-depression,Moderately severe depression,3 - Nearly every day,3 - Nearly every day,1 - Several days,1 - Several days,1 - Several days,2 - More than half the days,2 - More than half the days,2 - More than half the days,3 - Nearly every day,2025-09-11 15:17:50.46976+00
