questionnaire_id,subject_patient_id,encounter_id,author_practitioner_id,practitioner_location_id,practitioner_organization_id,practitioner_id,practitioner_careteam_id,application_version,qr_id,phq_place_declare_values,phq_place_declare_values_2,phq_place_declare_values_3,phq_place_declare_values_4,psychomotor,suicidal_thoughts,little_interest,feeling_down,sleep_trouble,low_energy,appetite_problems,feeling_bad_self,concentration_trouble,phq_place_declare_values_14,anonymized_at
Questionnaire/57,687ea968-375e-48fb-9974-39951b6d1e6c,c2b52113-54f1-48c9-8973-f20a695ca28d,5859d5f3-d37b-4a28-a68f-5ce1aaac611f,7a2bad81-130f-4785-8438-af7aac92fedf,602ec278-054a-473e-a553-957bd5ac8c6f,5859d5f3-d37b-4a28-a68f-5ce1aaac611f,83586171-9bac-426a-aae5-798bf548e15e,2.0.2-engage,0c43d1ff-5353-4176-bd47-97fa3b2e54a3,None-minimal depression,1,none-minimal-depression,,Not at all,Not at all,Not at all,Not at all,Not at all,Several days,Not at all,Not at all,Not at all,,2025-09-11 15:17:50.46976+00
Questionnaire/57,d9502b4c-258a-4538-8250-074c1ff03e25,,0eb40af8-ddd0-4d8e-85a5-d3b3bb1022e7,Not defined,92dd11a8-2635-476b-a8d0-573cf74d4487,0eb40af8-ddd0-4d8e-85a5-d3b3bb1022e7,e22f62dc-f531-418c-a13d-10385b0f0c4f,Not defined,0c48ccce-3637-4543-ad01-a358ba199d74,None-minimal depression,0,,,,,,,,,,,,,2025-09-11 15:17:50.46976+00
Questionnaire/57,c220a224-11b2-4a42-a02f-007eecb3b4f0,ecf0d106-6270-43b7-9492-0128849a55cc,0eb40af8-ddd0-4d8e-85a5-d3b3bb1022e7,a28a1a10-d6ab-45f2-84f3-8ab4db7850b2,92dd11a8-2635-476b-a8d0-573cf74d4487,0eb40af8-ddd0-4d8e-85a5-d3b3bb1022e7,e22f62dc-f531-418c-a13d-10385b0f0c4f,2.2.0-engage,16f8c408-ac13-4610-bc8a-5951cace2ce5,Moderate depression,11,moderate-depression,,Several days,More than half the days,Several days,More than half the days,Several days,Several days,Several days,Several days,Several days,,2025-09-11 15:17:50.46976+00
Questionnaire/57,7ccbfbcc-3b7d-4aea-9b15-045bebd17684,1022dd60-be97-4f4c-991c-bc31a11d3a8d,8ecda3b5-f741-4752-ba5e-0f93006aa100,1a244e58-4583-41ff-9f9c-acb14d5ee9ec,d49549fa-5068-4a6e-81fc-eb6c315d2d53,8ecda3b5-f741-4752-ba5e-0f93006aa100,02564c94-d5c0-4356-b697-ebc48a3e0412,2.2.0-engage,265c5176-54b1-4b01-bc3a-eca9a9f60936,Moderate depression,12,moderate-depression,,More than half the days,Several days,More than half the days,Several days,More than half the days,Several days,Several days,Several days,Several days,,2025-09-11 15:17:50.46976+00
Questionnaire/57,1ad2aaab-ce46-41c4-81d0-f1b9d415d4ca,,0eb40af8-ddd0-4d8e-85a5-d3b3bb1022e7,Not defined,92dd11a8-2635-476b-a8d0-573cf74d4487,0eb40af8-ddd0-4d8e-85a5-d3b3bb1022e7,e22f62dc-f531-418c-a13d-10385b0f0c4f,Not defined,272e307e-d1d6-4276-a20e-c442f1504be5,Mild depression,7,mild-depression,,0 - Not at all,1 - Several days,1 - Several days,1 - Several days,0 - Not at all,1 - Several days,0 - Not at all,3 - Nearly every day,0 - Not at all,,2025-09-11 15:17:50.46976+00
Questionnaire/57,71a7b06d-86a6-4aa6-8bd1-52c8943583da,76b65d06-8f98-471d-a68e-c80421f06ead,0eb40af8-ddd0-4d8e-85a5-d3b3bb1022e7,a28a1a10-d6ab-45f2-84f3-8ab4db7850b2,92dd11a8-2635-476b-a8d0-573cf74d4487,0eb40af8-ddd0-4d8e-85a5-d3b3bb1022e7,e22f62dc-f531-418c-a13d-10385b0f0c4f,2.1.2-engage,2da7ddd4-d089-4ce7-9f33-910458d8eb5a,Moderately severe depression,18,moderately-severe-depression,,More than half the days,More than half the days,More than half the days,More than half the days,More than half the days,More than half the days,More than half the days,More than half the days,More than half the days,,2025-09-11 15:17:50.46976+00
Questionnaire/57,781f4bfa-f728-40c4-8c8a-d035e8e7dbd4,6bbbde7b-1234-465a-8872-98556884afb4,0eb40af8-ddd0-4d8e-85a5-d3b3bb1022e7,a28a1a10-d6ab-45f2-84f3-8ab4db7850b2,92dd11a8-2635-476b-a8d0-573cf74d4487,0eb40af8-ddd0-4d8e-85a5-d3b3bb1022e7,e22f62dc-f531-418c-a13d-10385b0f0c4f,2.0.2-engage,33c63cb3-699f-4d63-b84f-1ab74a95a1b5,Moderately severe depression,18,moderately-severe-depression,,More than half the days,More than half the days,More than half the days,More than half the days,More than half the days,More than half the days,More than half the days,More than half the days,More than half the days,,2025-09-11 15:17:50.46976+00
Questionnaire/57,658bf01b-d18f-4ac1-8da5-4740a1c4bc6d,ed6c73e2-72cb-4b77-935e-bb847a8b99ca,0eb40af8-ddd0-4d8e-85a5-d3b3bb1022e7,a28a1a10-d6ab-45f2-84f3-8ab4db7850b2,92dd11a8-2635-476b-a8d0-573cf74d4487,0eb40af8-ddd0-4d8e-85a5-d3b3bb1022e7,e22f62dc-f531-418c-a13d-10385b0f0c4f,2.2.0-engage,370da072-63d9-4b19-9f61-9bb2849cccb1,Mild depression,9,mild-depression,,Several days,Several days,Several days,Several days,Several days,Several days,Several days,Several days,Several days,,2025-09-11 15:17:50.46976+00
Questionnaire/57,ea1c21de-c6e4-400e-a549-49aaddddf3fe,a94bbe9e-124e-4bc2-998f-ff9f9df92fef,0eb40af8-ddd0-4d8e-85a5-d3b3bb1022e7,a28a1a10-d6ab-45f2-84f3-8ab4db7850b2,92dd11a8-2635-476b-a8d0-573cf74d4487,0eb40af8-ddd0-4d8e-85a5-d3b3bb1022e7,e22f62dc-f531-418c-a13d-10385b0f0c4f,2.0.0-engage,375a2313-a367-4c70-bb97-62ee18074a00,Severe depression,20,severe-depression,,3 - Nearly every day,3 - Nearly every day,2 - More than half the days,2 - More than half the days,2 - More than half the days,2 - More than half the days,2 - More than half the days,2 - More than half the days,2 - More than half the days,,2025-09-11 15:17:50.46976+00
Questionnaire/57,7e999d45-2828-4490-ae01-ff29f63a2aac,acf544e2-c180-40b9-b458-deb7a27644af,0eb40af8-ddd0-4d8e-85a5-d3b3bb1022e7,a28a1a10-d6ab-45f2-84f3-8ab4db7850b2,92dd11a8-2635-476b-a8d0-573cf74d4487,0eb40af8-ddd0-4d8e-85a5-d3b3bb1022e7,e22f62dc-f531-418c-a13d-10385b0f0c4f,2.0.1-engage,3b8ad984-0a43-484c-9332-3f2bb742e5d8,Moderate depression,12,moderate-depression,,1 - Several days,1 - Several days,1 - Several days,3 - Nearly every day,2 - More than half the days,1 - Several days,2 - More than half the days,1 - Several days,0 - Not at all,,2025-09-11 15:17:50.46976+00
Questionnaire/57,f177e016-e1a9-4b9b-a516-969c5b98301e,,0eb40af8-ddd0-4d8e-85a5-d3b3bb1022e7,a28a1a10-d6ab-45f2-84f3-8ab4db7850b2,92dd11a8-2635-476b-a8d0-573cf74d4487,0eb40af8-ddd0-4d8e-85a5-d3b3bb1022e7,e22f62dc-f531-418c-a13d-10385b0f0c4f,2.0.0-engage,3b8e83b0-5901-4752-a8fc-001596575164,Mild depression,7,mild-depression,723a1b1c-d625-4697-88b2-8f956b01c4be,0 - Not at all,0 - Not at all,1 - Several days,1 - Several days,1 - Several days,0 - Not at all,2 - More than half the days,1 - Several days,1 - Several days,38f6b076-367c-4f48-89a3-d3e57e475950,2025-09-11 15:17:50.46976+00
Questionnaire/57,f01aa0d5-7e65-4f61-a787-ab4dd2535fa6,,0eb40af8-ddd0-4d8e-85a5-d3b3bb1022e7,Not defined,92dd11a8-2635-476b-a8d0-573cf74d4487,0eb40af8-ddd0-4d8e-85a5-d3b3bb1022e7,e22f62dc-f531-418c-a13d-10385b0f0c4f,Not defined,3c3aa5d2-9ca7-41dc-a562-7beaca2eefa6,Moderately severe depression,18,moderately-severe-depression,,2 - More than half the days,3 - Nearly every day,2 - More than half the days,1 - Several days,2 - More than half the days,3 - Nearly every day,1 - Several days,3 - Nearly every day,1 - Several days,,2025-09-11 15:17:50.46976+00
Questionnaire/57,5ee2402d-024a-4cd3-9d2c-42124a638a7e,42519355-9222-4f6f-9be6-6b8600d5bde1,0eb40af8-ddd0-4d8e-85a5-d3b3bb1022e7,a28a1a10-d6ab-45f2-84f3-8ab4db7850b2,92dd11a8-2635-476b-a8d0-573cf74d4487,0eb40af8-ddd0-4d8e-85a5-d3b3bb1022e7,e22f62dc-f531-418c-a13d-10385b0f0c4f,2.2.0-engage,3cba5622-0c62-4c42-beee-8f178f3879e8,Moderately severe depression,15,moderately-severe-depression,,More than half the days,More than half the days,More than half the days,More than half the days,Several days,More than half the days,Several days,More than half the days,Several days,,2025-09-11 15:17:50.46976+00
Questionnaire/57,42c3163d-d1bb-46df-9894-2db06c8ef8a3,,0eb40af8-ddd0-4d8e-85a5-d3b3bb1022e7,Not defined,92dd11a8-2635-476b-a8d0-573cf74d4487,0eb40af8-ddd0-4d8e-85a5-d3b3bb1022e7,e22f62dc-f531-418c-a13d-10385b0f0c4f,Not defined,405e6a02-6bf0-4323-add2-4172dfe37243,Severe depression,20,severe-depression,,1 - Several days,2 - More than half the days,2 - More than half the days,3 - Nearly every day,2 - More than half the days,2 - More than half the days,3 - Nearly every day,2 - More than half the days,3 - Nearly every day,,2025-09-11 15:17:50.46976+00
Questionnaire/57,2366eacb-4422-4cc7-931c-e05e6ea2d139,0fba82dd-0a25-451e-9106-4e94091f1ca9,0eb40af8-ddd0-4d8e-85a5-d3b3bb1022e7,a28a1a10-d6ab-45f2-84f3-8ab4db7850b2,92dd11a8-2635-476b-a8d0-573cf74d4487,0eb40af8-ddd0-4d8e-85a5-d3b3bb1022e7,e22f62dc-f531-418c-a13d-10385b0f0c4f,2.1.2-engage,49479088-d2e3-4d13-bb62-239774b30a8b,Moderate depression,10,moderate-depression,,Several days,Several days,More than half the days,Several days,Several days,Several days,Several days,Several days,Several days,,2025-09-11 15:17:50.46976+00
Questionnaire/57,9b534915-4508-4002-a8ce-32a5fdcbf6f8,8e5b7a25-3a02-4b2a-b6fb-6651f7a1da8a,0eb40af8-ddd0-4d8e-85a5-d3b3bb1022e7,a28a1a10-d6ab-45f2-84f3-8ab4db7850b2,92dd11a8-2635-476b-a8d0-573cf74d4487,0eb40af8-ddd0-4d8e-85a5-d3b3bb1022e7,e22f62dc-f531-418c-a13d-10385b0f0c4f,2.2.0-engage,49ca4e4c-3cde-4fef-8e72-024cec737d36,Moderate depression,11,moderate-depression,,Several days,Several days,More than half the days,Several days,More than half the days,Several days,Several days,Several days,Several days,,2025-09-11 15:17:50.46976+00
Questionnaire/57,43068428-78ef-4434-b1d8-c8c6c2da1cfb,4c3e6b37-f1a0-4778-87e6-3705bbbdada1,0eb40af8-ddd0-4d8e-85a5-d3b3bb1022e7,a28a1a10-d6ab-45f2-84f3-8ab4db7850b2,92dd11a8-2635-476b-a8d0-573cf74d4487,0eb40af8-ddd0-4d8e-85a5-d3b3bb1022e7,e22f62dc-f531-418c-a13d-10385b0f0c4f,2.0.1-engage,4ce031d4-bd08-4b39-9345-0090af4383c3,Moderate depression,13,moderate-depression,,Several days,Several days,More than half the days,More than half the days,More than half the days,More than half the days,Several days,Several days,Several days,,2025-09-11 15:17:50.46976+00
Questionnaire/57,a9aaadf4-b3ae-48f0-8ce1-513ffe2dea5f,e5a2d2c3-7086-4733-839f-82e00f68c7c8,5859d5f3-d37b-4a28-a68f-5ce1aaac611f,7a2bad81-130f-4785-8438-af7aac92fedf,602ec278-054a-473e-a553-957bd5ac8c6f,5859d5f3-d37b-4a28-a68f-5ce1aaac611f,83586171-9bac-426a-aae5-798bf548e15e,2.0.2-engage,4fe58ade-37fb-4e17-8250-7c0ddd9058f0,Severe depression,23,severe-depression,,Nearly every day,Nearly every day,Nearly every day,More than half the days,Several days,Nearly every day,Nearly every day,More than half the days,Nearly every day,,2025-09-11 15:17:50.46976+00
Questionnaire/57,d9502b4c-258a-4538-8250-074c1ff03e25,,0eb40af8-ddd0-4d8e-85a5-d3b3bb1022e7,Not defined,92dd11a8-2635-476b-a8d0-573cf74d4487,0eb40af8-ddd0-4d8e-85a5-d3b3bb1022e7,e22f62dc-f531-418c-a13d-10385b0f0c4f,Not defined,66680ce1-39ea-4aa2-adf6-516d1cda574e,None-minimal depression,0,,,,,,,,,,,,,2025-09-11 15:17:50.46976+00
Questionnaire/57,04edab19-6899-4eb6-8486-34a8e0509963,8d684908-6343-4b3c-acf1-55094d1b43ac,0eb40af8-ddd0-4d8e-85a5-d3b3bb1022e7,a28a1a10-d6ab-45f2-84f3-8ab4db7850b2,92dd11a8-2635-476b-a8d0-573cf74d4487,0eb40af8-ddd0-4d8e-85a5-d3b3bb1022e7,e22f62dc-f531-418c-a13d-10385b0f0c4f,2.0.0-engage,6cf8cc1c-d5d6-4141-91a8-be05414d4481,Severe depression,23,severe-depression,,3 - Nearly every day,3 - Nearly every day,1 - Several days,2 - More than half the days,3 - Nearly every day,3 - Nearly every day,3 - Nearly every day,2 - More than half the days,3 - Nearly every day,,2025-09-11 15:17:50.46976+00
Questionnaire/57,87f0f749-f6b9-4225-8548-fe05417e8847,5a81adc1-8c4f-4e06-b64b-8c9c3cf6959c,5859d5f3-d37b-4a28-a68f-5ce1aaac611f,7a2bad81-130f-4785-8438-af7aac92fedf,602ec278-054a-473e-a553-957bd5ac8c6f,5859d5f3-d37b-4a28-a68f-5ce1aaac611f,83586171-9bac-426a-aae5-798bf548e15e,2.0.2-engage,74f09847-f79c-4158-b01a-ebf08a8cba78,Severe depression,21,severe-depression,,Nearly every day,Several days,More than half the days,Nearly every day,More than half the days,Nearly every day,More than half the days,Nearly every day,More than half the days,,2025-09-11 15:17:50.46976+00
Questionnaire/57,c9adb1a9-83aa-454e-a005-b436b6d6ff58,,0eb40af8-ddd0-4d8e-85a5-d3b3bb1022e7,Not defined,92dd11a8-2635-476b-a8d0-573cf74d4487,0eb40af8-ddd0-4d8e-85a5-d3b3bb1022e7,e22f62dc-f531-418c-a13d-10385b0f0c4f,Not defined,827db5ee-2711-4ea8-8414-26178dc72b07,Severe depression,27,severe-depression,,3 - Nearly every day,3 - Nearly every day,3 - Nearly every day,3 - Nearly every day,3 - Nearly every day,3 - Nearly every day,3 - Nearly every day,3 - Nearly every day,3 - Nearly every day,,2025-09-11 15:17:50.46976+00
Questionnaire/57,f327ae5b-4c8a-4fe8-93dc-a66d9f75348d,1edfad24-cbdb-4fa7-be87-a2c09a463531,0eb40af8-ddd0-4d8e-85a5-d3b3bb1022e7,a28a1a10-d6ab-45f2-84f3-8ab4db7850b2,92dd11a8-2635-476b-a8d0-573cf74d4487,0eb40af8-ddd0-4d8e-85a5-d3b3bb1022e7,e22f62dc-f531-418c-a13d-10385b0f0c4f,2.0.0-engage,864ced2e-0499-44f9-8595-83627ec8009f,Moderately severe depression,15,moderately-severe-depression,,1 - Several days,2 - More than half the days,2 - More than half the days,2 - More than half the days,1 - Several days,2 - More than half the days,2 - More than half the days,1 - Several days,2 - More than half the days,,2025-09-11 15:17:50.46976+00
Questionnaire/57,162f2b99-9110-45a1-bb7a-2cac76d288f4,3b6291f3-a8c2-48a3-b5f5-7dc887c95bf7,0eb40af8-ddd0-4d8e-85a5-d3b3bb1022e7,a28a1a10-d6ab-45f2-84f3-8ab4db7850b2,92dd11a8-2635-476b-a8d0-573cf74d4487,0eb40af8-ddd0-4d8e-85a5-d3b3bb1022e7,e22f62dc-f531-418c-a13d-10385b0f0c4f,2.0.2-engage,8b94e052-69cc-4588-b9af-6948250eb07d,Moderately severe depression,18,moderately-severe-depression,,More than half the days,More than half the days,More than half the days,More than half the days,More than half the days,More than half the days,More than half the days,More than half the days,More than half the days,,2025-09-11 15:17:50.46976+00
Questionnaire/57,fca7a9ad-4115-46f5-882e-60dd4972e086,818f564b-7a76-4f67-85ae-eeef76330589,0eb40af8-ddd0-4d8e-85a5-d3b3bb1022e7,a28a1a10-d6ab-45f2-84f3-8ab4db7850b2,92dd11a8-2635-476b-a8d0-573cf74d4487,0eb40af8-ddd0-4d8e-85a5-d3b3bb1022e7,e22f62dc-f531-418c-a13d-10385b0f0c4f,2.0.1-engage,9155002f-05c5-4375-b8bb-fb2e7b44be0e,Moderately severe depression,15,moderately-severe-depression,,0 - Not at all,3 - Nearly every day,2 - More than half the days,1 - Several days,0 - Not at all,3 - Nearly every day,3 - Nearly every day,2 - More than half the days,1 - Several days,,2025-09-11 15:17:50.46976+00
Questionnaire/57,3815ed9e-ca0e-4f6b-a35a-79e3e80fe202,c3179c81-ae87-462d-b777-795b748cbe7c,0eb40af8-ddd0-4d8e-85a5-d3b3bb1022e7,a28a1a10-d6ab-45f2-84f3-8ab4db7850b2,92dd11a8-2635-476b-a8d0-573cf74d4487,0eb40af8-ddd0-4d8e-85a5-d3b3bb1022e7,e22f62dc-f531-418c-a13d-10385b0f0c4f,2.0.2-engage,94d12cc4-b492-4754-be20-f043473ff88e,Mild depression,9,mild-depression,,Several days,Several days,Several days,Several days,Several days,Several days,Several days,Several days,Several days,,2025-09-11 15:17:50.46976+00
Questionnaire/57,9e2b4a3b-701e-49b2-8257-904a6db0ae6d,c3c0ad67-428f-41ab-9780-10f825b7b13a,0eb40af8-ddd0-4d8e-85a5-d3b3bb1022e7,a28a1a10-d6ab-45f2-84f3-8ab4db7850b2,92dd11a8-2635-476b-a8d0-573cf74d4487,0eb40af8-ddd0-4d8e-85a5-d3b3bb1022e7,e22f62dc-f531-418c-a13d-10385b0f0c4f,2.2.0-engage,997cff89-ff79-4781-b619-49fc16a5e141,Moderately severe depression,18,moderately-severe-depression,,More than half the days,More than half the days,More than half the days,More than half the days,More than half the days,More than half the days,More than half the days,More than half the days,More than half the days,,2025-09-11 15:17:50.46976+00
Questionnaire/57,5f896878-1169-4ea7-b479-835b28679f17,7e3b9a24-00e7-41e2-b19d-b36ce9ba4023,0eb40af8-ddd0-4d8e-85a5-d3b3bb1022e7,a28a1a10-d6ab-45f2-84f3-8ab4db7850b2,92dd11a8-2635-476b-a8d0-573cf74d4487,0eb40af8-ddd0-4d8e-85a5-d3b3bb1022e7,e22f62dc-f531-418c-a13d-10385b0f0c4f,2.0.0-engage,9acece4a-84e3-4fef-b610-f31dfc887ddf,Moderately severe depression,15,moderately-severe-depression,,0 - Not at all,3 - Nearly every day,1 - Several days,2 - More than half the days,1 - Several days,2 - More than half the days,3 - Nearly every day,2 - More than half the days,1 - Several days,,2025-09-11 15:17:50.46976+00
Questionnaire/57,fffa753b-b871-430f-acdf-e16dd47ab2bb,c4369d33-2a77-440c-960e-2c7a0fd97d17,0eb40af8-ddd0-4d8e-85a5-d3b3bb1022e7,a28a1a10-d6ab-45f2-84f3-8ab4db7850b2,92dd11a8-2635-476b-a8d0-573cf74d4487,0eb40af8-ddd0-4d8e-85a5-d3b3bb1022e7,e22f62dc-f531-418c-a13d-10385b0f0c4f,2.1.2-engage,9c7e0df6-8d8d-4760-a02b-431828da951f,Moderate depression,14,moderate-depression,,Several days,More than half the days,More than half the days,More than half the days,More than half the days,More than half the days,Several days,Several days,Several days,,2025-09-11 15:17:50.46976+00
Questionnaire/57,4ca17550-61d6-4860-abc9-fbe93e7c26a5,9603000e-111e-4bb2-a315-669eedd70842,0eb40af8-ddd0-4d8e-85a5-d3b3bb1022e7,a28a1a10-d6ab-45f2-84f3-8ab4db7850b2,92dd11a8-2635-476b-a8d0-573cf74d4487,0eb40af8-ddd0-4d8e-85a5-d3b3bb1022e7,e22f62dc-f531-418c-a13d-10385b0f0c4f,2.2.0-engage,9c97ba54-c788-467a-b07a-10c39a9850d0,Mild depression,7,mild-depression,,Several days,Not at all,More than half the days,Several days,Not at all,Not at all,,Several days,More than half the days,,2025-09-11 15:17:50.46976+00
Questionnaire/57,37a6408c-b507-4f30-98c1-1982863e7f3e,d60adf05-4708-4c37-b333-dee5251f775f,5859d5f3-d37b-4a28-a68f-5ce1aaac611f,7a2bad81-130f-4785-8438-af7aac92fedf,602ec278-054a-473e-a553-957bd5ac8c6f,5859d5f3-d37b-4a28-a68f-5ce1aaac611f,83586171-9bac-426a-aae5-798bf548e15e,2.0.1-engage,9ef62ab9-3d67-44ad-8cf9-d32dd0847b07,Severe depression,23,severe-depression,,2 - More than half the days,3 - Nearly every day,3 - Nearly every day,2 - More than half the days,3 - Nearly every day,2 - More than half the days,3 - Nearly every day,2 - More than half the days,3 - Nearly every day,,2025-09-11 15:17:50.46976+00
Questionnaire/57,8c460a02-5598-4503-9b13-fb4c53ae22c1,,0eb40af8-ddd0-4d8e-85a5-d3b3bb1022e7,Not defined,92dd11a8-2635-476b-a8d0-573cf74d4487,0eb40af8-ddd0-4d8e-85a5-d3b3bb1022e7,e22f62dc-f531-418c-a13d-10385b0f0c4f,Not defined,a19a6b25-2c17-4723-9556-08178017c02f,None-minimal depression,0,,,,,,,,,,,,,2025-09-11 15:17:50.46976+00
Questionnaire/57,bd41c189-6b9e-4544-bb9d-e8cfe0a2d76b,c39e80df-8309-4951-8330-89826a11e4ba,0eb40af8-ddd0-4d8e-85a5-d3b3bb1022e7,a28a1a10-d6ab-45f2-84f3-8ab4db7850b2,92dd11a8-2635-476b-a8d0-573cf74d4487,0eb40af8-ddd0-4d8e-85a5-d3b3bb1022e7,e22f62dc-f531-418c-a13d-10385b0f0c4f,2.2.0-engage,a4c5989c-4126-46d4-9aed-938604f04b20,Moderate depression,14,moderate-depression,,More than half the days,Several days,More than half the days,Several days,More than half the days,Several days,More than half the days,More than half the days,Several days,,2025-09-11 15:17:50.46976+00
Questionnaire/57,638c1421-4fce-4645-9790-ffc2d048b9b2,eb76c7e8-0a3a-474f-96a8-fb55397ba0e9,0eb40af8-ddd0-4d8e-85a5-d3b3bb1022e7,a28a1a10-d6ab-45f2-84f3-8ab4db7850b2,92dd11a8-2635-476b-a8d0-573cf74d4487,0eb40af8-ddd0-4d8e-85a5-d3b3bb1022e7,e22f62dc-f531-418c-a13d-10385b0f0c4f,2.0.1-engage,a4eeed1c-0f2d-4d46-9f66-b355ac00c59a,Mild depression,8,mild-depression,,0 - Not at all,0 - Not at all,2 - More than half the days,1 - Several days,3 - Nearly every day,1 - Several days,0 - Not at all,0 - Not at all,1 - Several days,,2025-09-11 15:17:50.46976+00
Questionnaire/57,ec421eed-1c76-49e7-9ce0-ed133e6f6379,bc4c7a41-5714-4322-9d9a-1c627e1d5e04,0eb40af8-ddd0-4d8e-85a5-d3b3bb1022e7,a28a1a10-d6ab-45f2-84f3-8ab4db7850b2,92dd11a8-2635-476b-a8d0-573cf74d4487,0eb40af8-ddd0-4d8e-85a5-d3b3bb1022e7,e22f62dc-f531-418c-a13d-10385b0f0c4f,2.0.0-engage,a999cfa5-ff8f-49fc-b69b-6fc71f353197,Moderately severe depression,16,moderately-severe-depression,,2 - More than half the days,2 - More than half the days,0 - Not at all,2 - More than half the days,2 - More than half the days,2 - More than half the days,2 - More than half the days,2 - More than half the days,2 - More than half the days,,2025-09-11 15:17:50.46976+00
Questionnaire/57,32787714-1df0-48dd-8df8-e1a5abf2a075,,0eb40af8-ddd0-4d8e-85a5-d3b3bb1022e7,Not defined,92dd11a8-2635-476b-a8d0-573cf74d4487,0eb40af8-ddd0-4d8e-85a5-d3b3bb1022e7,d66f38ae-e5e7-4456-ae85-331284676dc6,Not defined,bbb300aa-2790-4d6a-a355-181390cfe887,None-minimal depression,2,,,2 - More than half the days,,,,,,,,,,2025-09-11 15:17:50.46976+00
Questionnaire/57,c7cbedbb-a574-42f9-a9ed-4a61cb606d0b,181c6e10-360b-4e58-92aa-daeec550df7f,0eb40af8-ddd0-4d8e-85a5-d3b3bb1022e7,a28a1a10-d6ab-45f2-84f3-8ab4db7850b2,92dd11a8-2635-476b-a8d0-573cf74d4487,0eb40af8-ddd0-4d8e-85a5-d3b3bb1022e7,e22f62dc-f531-418c-a13d-10385b0f0c4f,2.0.1-engage,bd5dcc87-3940-4b24-9f2a-9bce2c57b4a7,Moderate depression,14,moderate-depression,,2 - More than half the days,1 - Several days,2 - More than half the days,3 - Nearly every day,2 - More than half the days,1 - Several days,0 - Not at all,3 - Nearly every day,0 - Not at all,,2025-09-11 15:17:50.46976+00
Questionnaire/57,024acb92-a14d-49d1-86a4-093715bf5793,e8ac0d77-11d9-4904-a546-eba934e53ac9,0eb40af8-ddd0-4d8e-85a5-d3b3bb1022e7,a28a1a10-d6ab-45f2-84f3-8ab4db7850b2,92dd11a8-2635-476b-a8d0-573cf74d4487,0eb40af8-ddd0-4d8e-85a5-d3b3bb1022e7,e22f62dc-f531-418c-a13d-10385b0f0c4f,2.2.0-engage,bfcf41b6-0593-4a4c-9be8-5f4887d03573,Severe depression,21,severe-depression,,More than half the days,More than half the days,Nearly every day,Nearly every day,More than half the days,More than half the days,More than half the days,More than half the days,Nearly every day,,2025-09-11 15:17:50.46976+00
Questionnaire/57,e859bb44-f139-4569-92f4-2540389ce27b,f93019af-9556-417a-b956-075f73b12c40,0eb40af8-ddd0-4d8e-85a5-d3b3bb1022e7,a28a1a10-d6ab-45f2-84f3-8ab4db7850b2,92dd11a8-2635-476b-a8d0-573cf74d4487,0eb40af8-ddd0-4d8e-85a5-d3b3bb1022e7,e22f62dc-f531-418c-a13d-10385b0f0c4f,2.0.1-engage,c3d64f74-183d-4563-9bf5-575a34dd09dc,None-minimal depression,0,none-minimal-depression,,,,,,,,,,,,2025-09-11 15:17:50.46976+00
Questionnaire/57,6f271d61-f141-4fc5-9088-ffa1c291f690,06a52412-c929-4124-a46c-4179972ca31e,0eb40af8-ddd0-4d8e-85a5-d3b3bb1022e7,a28a1a10-d6ab-45f2-84f3-8ab4db7850b2,92dd11a8-2635-476b-a8d0-573cf74d4487,0eb40af8-ddd0-4d8e-85a5-d3b3bb1022e7,e22f62dc-f531-418c-a13d-10385b0f0c4f,2.0.0-engage,c5f1b4e9-90eb-486a-a7f0-f32f9f344bc9,Moderate depression,10,moderate-depression,,1 - Several days,0 - Not at all,3 - Nearly every day,2 - More than half the days,2 - More than half the days,1 - Several days,0 - Not at all,0 - Not at all,1 - Several days,,2025-09-11 15:17:50.46976+00
Questionnaire/57,bb2da20e-6ea6-4cf9-81af-087a3a4fe87b,,0eb40af8-ddd0-4d8e-85a5-d3b3bb1022e7,Not defined,92dd11a8-2635-476b-a8d0-573cf74d4487,0eb40af8-ddd0-4d8e-85a5-d3b3bb1022e7,e22f62dc-f531-418c-a13d-10385b0f0c4f,Not defined,ce942e81-bf49-4443-b371-aa5f6cf26072,Severe depression,25,,,3 - Nearly every day,3 - Nearly every day,2 - More than half the days,2 - More than half the days,3 - Nearly every day,3 - Nearly every day,3 - Nearly every day,3 - Nearly every day,3 - Nearly every day,,2025-09-11 15:17:50.46976+00
Questionnaire/57,77679304-1eda-4ad7-a218-2ef2aadcf83f,e4dccb78-90c0-42de-83cf-2f95923a2c6e,0eb40af8-ddd0-4d8e-85a5-d3b3bb1022e7,a28a1a10-d6ab-45f2-84f3-8ab4db7850b2,92dd11a8-2635-476b-a8d0-573cf74d4487,0eb40af8-ddd0-4d8e-85a5-d3b3bb1022e7,e22f62dc-f531-418c-a13d-10385b0f0c4f,2.1.2-engage,d581ebbc-3a79-4469-896a-1928233bce92,Moderately severe depression,16,moderately-severe-depression,,More than half the days,More than half the days,More than half the days,More than half the days,Several days,More than half the days,Several days,More than half the days,More than half the days,,2025-09-11 15:17:50.46976+00
Questionnaire/57,8f6c3016-6d99-43e0-bc6d-a4be5727ba1d,e166d708-8ed2-4aef-8eb1-3d7eb20100ea,0eb40af8-ddd0-4d8e-85a5-d3b3bb1022e7,a28a1a10-d6ab-45f2-84f3-8ab4db7850b2,92dd11a8-2635-476b-a8d0-573cf74d4487,0eb40af8-ddd0-4d8e-85a5-d3b3bb1022e7,e22f62dc-f531-418c-a13d-10385b0f0c4f,2.2.0-engage,d5f1d2f4-2e5d-4c19-b967-00c19ab5b11e,Moderate depression,11,moderate-depression,,Several days,Several days,More than half the days,More than half the days,Several days,Several days,Several days,Several days,Several days,,2025-09-11 15:17:50.46976+00
Questionnaire/57,9b4f31f2-b327-47c9-91c6-56082f924410,2a6d3061-7f4c-4a39-8dbe-0acb7a142c6b,0eb40af8-ddd0-4d8e-85a5-d3b3bb1022e7,a28a1a10-d6ab-45f2-84f3-8ab4db7850b2,92dd11a8-2635-476b-a8d0-573cf74d4487,0eb40af8-ddd0-4d8e-85a5-d3b3bb1022e7,e22f62dc-f531-418c-a13d-10385b0f0c4f,2.2.0-engage,e3b71cae-1e61-46f4-aa64-deddbf3d4994,Mild depression,5,mild-depression,,Not at all,Several days,Several days,Not at all,Several days,Not at all,Several days,Not at all,Several days,,2025-09-11 15:17:50.46976+00
Questionnaire/57,6d9ebad3-a690-4dd1-a97a-4543be19f0a2,9fb69854-e294-4516-82ae-d2083d090a62,0eb40af8-ddd0-4d8e-85a5-d3b3bb1022e7,a28a1a10-d6ab-45f2-84f3-8ab4db7850b2,92dd11a8-2635-476b-a8d0-573cf74d4487,0eb40af8-ddd0-4d8e-85a5-d3b3bb1022e7,e22f62dc-f531-418c-a13d-10385b0f0c4f,2.2.0-engage,e8bd7692-2ae2-49af-847c-5bd846523da6,Mild depression,9,mild-depression,,Several days,Several days,Several days,Several days,Several days,Several days,Several days,Several days,Several days,,2025-09-11 15:17:50.46976+00
Questionnaire/57,40c53fb6-6301-4da8-888f-0242ddd567d6,edef640a-797e-4fae-b1b5-24cf127e177b,0eb40af8-ddd0-4d8e-85a5-d3b3bb1022e7,a28a1a10-d6ab-45f2-84f3-8ab4db7850b2,92dd11a8-2635-476b-a8d0-573cf74d4487,0eb40af8-ddd0-4d8e-85a5-d3b3bb1022e7,e22f62dc-f531-418c-a13d-10385b0f0c4f,2.1.2-engage,e8d09d61-7118-461d-9708-55a3e1ef2b49,Mild depression,9,mild-depression,,Several days,Several days,Several days,Several days,Several days,Several days,Several days,Several days,Several days,,2025-09-11 15:17:50.46976+00
Questionnaire/57,f05564a1-4de7-4680-a17d-5ba329329f6c,51b9b807-4968-4556-878c-a35229ae0ced,0eb40af8-ddd0-4d8e-85a5-d3b3bb1022e7,a28a1a10-d6ab-45f2-84f3-8ab4db7850b2,92dd11a8-2635-476b-a8d0-573cf74d4487,0eb40af8-ddd0-4d8e-85a5-d3b3bb1022e7,e22f62dc-f531-418c-a13d-10385b0f0c4f,2.2.0-engage,eb4c6d51-36a4-4f4c-b55a-16b5eb6ec01c,Moderate depression,12,moderate-depression,,Several days,Several days,Several days,Several days,Several days,More than half the days,Several days,More than half the days,More than half the days,,2025-09-11 15:17:50.46976+00
Questionnaire/57,b4d46598-51d8-4d2d-9c34-e3ef9aa44632,c55cfa2e-e191-4f4a-a575-5bbaabe0962a,0eb40af8-ddd0-4d8e-85a5-d3b3bb1022e7,a28a1a10-d6ab-45f2-84f3-8ab4db7850b2,92dd11a8-2635-476b-a8d0-573cf74d4487,0eb40af8-ddd0-4d8e-85a5-d3b3bb1022e7,e22f62dc-f531-418c-a13d-10385b0f0c4f,2.0.1-engage,ec26f6dd-3b8a-4971-8261-9b78aab16192,Moderately severe depression,16,moderately-severe-depression,,1 - Several days,1 - Several days,2 - More than half the days,2 - More than half the days,3 - Nearly every day,3 - Nearly every day,3 - Nearly every day,0 - Not at all,1 - Several days,,2025-09-11 15:17:50.46976+00
Questionnaire/57,bac32ad1-5352-4fe3-8bec-bc432c552930,822f1449-fb26-4346-bd99-3d2e56ed2721,0eb40af8-ddd0-4d8e-85a5-d3b3bb1022e7,a28a1a10-d6ab-45f2-84f3-8ab4db7850b2,92dd11a8-2635-476b-a8d0-573cf74d4487,0eb40af8-ddd0-4d8e-85a5-d3b3bb1022e7,e22f62dc-f531-418c-a13d-10385b0f0c4f,2.0.1-engage,efa6140b-0e61-4cfb-b35e-82a99f455a61,Moderately severe depression,17,moderately-severe-depression,,3 - Nearly every day,3 - Nearly every day,2 - More than half the days,,2 - More than half the days,,2 - More than half the days,2 - More than half the days,3 - Nearly every day,,2025-09-11 15:17:50.46976+00
Questionnaire/57,f177e016-e1a9-4b9b-a516-969c5b98301e,723a1b1c-d625-4697-88b2-8f956b01c4be,0eb40af8-ddd0-4d8e-85a5-d3b3bb1022e7,a28a1a10-d6ab-45f2-84f3-8ab4db7850b2,92dd11a8-2635-476b-a8d0-573cf74d4487,0eb40af8-ddd0-4d8e-85a5-d3b3bb1022e7,e22f62dc-f531-418c-a13d-10385b0f0c4f,2.0.0-engage,f6a5ece7-d17e-4071-ac88-9a80e294bb2c,Moderate depression,11,moderate-depression,,1 - Several days,2 - More than half the days,1 - Several days,1 - Several days,1 - Several days,0 - Not at all,2 - More than half the days,1 - Several days,2 - More than half the days,,2025-09-11 15:17:50.46976+00
Questionnaire/57,8ec9d34c-0cce-4cd8-a0f1-1e2533bc7221,88f8524c-09da-4dc1-b63f-f52f5c30da4c,0eb40af8-ddd0-4d8e-85a5-d3b3bb1022e7,a28a1a10-d6ab-45f2-84f3-8ab4db7850b2,92dd11a8-2635-476b-a8d0-573cf74d4487,0eb40af8-ddd0-4d8e-85a5-d3b3bb1022e7,e22f62dc-f531-418c-a13d-10385b0f0c4f,2.0.1-engage,fc52ce9d-c1ad-4f32-8f90-ed5c5cf84dc2,Severe depression,26,severe-depression,,2 - More than half the days,3 - Nearly every day,3 - Nearly every day,3 - Nearly every day,3 - Nearly every day,3 - Nearly every day,3 - Nearly every day,3 - Nearly every day,3 - Nearly every day,,2025-09-11 15:17:50.46976+00
