questionnaire_id,subject_patient_id,encounter_id,author_practitioner_id,practitioner_location_id,practitioner_organization_id,practitioner_id,practitioner_careteam_id,application_version,qr_id,short_form_pcl,short_form_pcl_2,short_form_pcl_3,short_form_pcl_4,short_form_pcl_5,pcl_item,place_declare_values,short_form_pcl_8,pcl_item_9,place_declare_values_10,pcl_item_11,short_form_pcl_12,place_declare_values_13,short_form_pcl_14,place_declare_values_15,form_question,form_question_17,form_question_18,form_question_19,form_question_20,place_declare_values_21,place_declare_values_22,anonymized_at
Questionnaire/56,7ccbfbcc-3b7d-4aea-9b15-045bebd17684,,8ecda3b5-f741-4752-ba5e-0f93006aa100,1a244e58-4583-41ff-9f9c-acb14d5ee9ec,d49549fa-5068-4a6e-81fc-eb6c315d2d53,8ecda3b5-f741-4752-ba5e-0f93006aa100,02564c94-d5c0-4356-b697-ebc48a3e0412,2.2.0-engage,030ea6c2-f71a-43c0-84ac-fc5941a8e410,Moderately,Moderately,Not at all,A little bit,A little bit,,9,A little bit,,This score suggests that you may be experiencing mild challenges coping after a traumatic event,,Moderately,mild-ptsd,Not at all,4dc942e0-4217-4498-845c-f4b001054376,,,,,,,,2025-09-11 15:17:50.46976+00
Questionnaire/56,8c460a02-5598-4503-9b13-fb4c53ae22c1,,0eb40af8-ddd0-4d8e-85a5-d3b3bb1022e7,Not defined,92dd11a8-2635-476b-a8d0-573cf74d4487,0eb40af8-ddd0-4d8e-85a5-d3b3bb1022e7,e22f62dc-f531-418c-a13d-10385b0f0c4f,Not defined,04b7295e-6ba9-48cf-a938-03c251f51918,,,,,,,0,,false,,,,,,,,,,,,,,2025-09-11 15:17:50.46976+00
Questionnaire/56,9b534915-4508-4002-a8ce-32a5fdcbf6f8,,0eb40af8-ddd0-4d8e-85a5-d3b3bb1022e7,a28a1a10-d6ab-45f2-84f3-8ab4db7850b2,92dd11a8-2635-476b-a8d0-573cf74d4487,0eb40af8-ddd0-4d8e-85a5-d3b3bb1022e7,e22f62dc-f531-418c-a13d-10385b0f0c4f,2.2.0-engage,088079b3-3161-43ba-8d6d-f6e11c2c5279,Quite a bit,Moderately,A little bit,Quite a bit,Moderately,,16,Moderately,,This score suggests that you may be experiencing severe challenges coping after a traumatic event,,A little bit,severe-ptsd,Moderately,30aba19a-67c9-472b-bf55-8721f2f2f667,,,,,,,,2025-09-11 15:17:50.46976+00
Questionnaire/56,71a7b06d-86a6-4aa6-8bd1-52c8943583da,,0eb40af8-ddd0-4d8e-85a5-d3b3bb1022e7,a28a1a10-d6ab-45f2-84f3-8ab4db7850b2,92dd11a8-2635-476b-a8d0-573cf74d4487,0eb40af8-ddd0-4d8e-85a5-d3b3bb1022e7,e22f62dc-f531-418c-a13d-10385b0f0c4f,2.1.2-engage,181437eb-46d8-4d94-bb68-56d9f9c7bc88,Quite a bit,Quite a bit,Quite a bit,Quite a bit,Quite a bit,,24,Quite a bit,,This score suggests that you may be experiencing severe challenges coping after a traumatic event,,Quite a bit,severe-ptsd,Quite a bit,e8d1f22f-4bd3-4ab4-8507-413a00ce427d,,,,,,,,2025-09-11 15:17:50.46976+00
Questionnaire/56,77679304-1eda-4ad7-a218-2ef2aadcf83f,,0eb40af8-ddd0-4d8e-85a5-d3b3bb1022e7,a28a1a10-d6ab-45f2-84f3-8ab4db7850b2,92dd11a8-2635-476b-a8d0-573cf74d4487,0eb40af8-ddd0-4d8e-85a5-d3b3bb1022e7,e22f62dc-f531-418c-a13d-10385b0f0c4f,2.1.2-engage,20e1737a-3594-40b8-935e-4f4a4a987e01,Moderately,Moderately,Moderately,Moderately,Moderately,,17,Moderately,,This score suggests that you may be experiencing severe challenges coping after a traumatic event,,Quite a bit,severe-ptsd,Moderately,0bb85f24-4911-4a36-b63c-68ba32d219fa,,,,,,,,2025-09-11 15:17:50.46976+00
Questionnaire/56,f327ae5b-4c8a-4fe8-93dc-a66d9f75348d,2351eb38-a4f7-4a86-9cac-3ba2392d11cf,0eb40af8-ddd0-4d8e-85a5-d3b3bb1022e7,a28a1a10-d6ab-45f2-84f3-8ab4db7850b2,92dd11a8-2635-476b-a8d0-573cf74d4487,0eb40af8-ddd0-4d8e-85a5-d3b3bb1022e7,e22f62dc-f531-418c-a13d-10385b0f0c4f,2.0.0-engage,245c9b65-9ce9-4dfd-adc2-ed74c40c4bc9,,,,,,,2,,false,No PTSD,A serious accident or fire,,no-ptsd,,,,,,,,,,2025-09-11 15:17:50.46976+00
Questionnaire/56,657ec833-2690-4d52-b7de-32e57ffa0003,,0eb40af8-ddd0-4d8e-85a5-d3b3bb1022e7,a28a1a10-d6ab-45f2-84f3-8ab4db7850b2,92dd11a8-2635-476b-a8d0-573cf74d4487,0eb40af8-ddd0-4d8e-85a5-d3b3bb1022e7,e22f62dc-f531-418c-a13d-10385b0f0c4f,2.0.1-engage,25c59bef-7758-4427-b52f-31df32b1432a,2 - Moderately,3 - Quite a bit,3 - Quite a bit,3 - Quite a bit,3 - Quite a bit,,22,2 - Moderately,,Has PTSD,,3 - Quite a bit,has-ptsd,3 - Quite a bit,ed00f2ee-e077-4889-8209-f682663035e3,,,,,,,,2025-09-11 15:17:50.46976+00
Questionnaire/56,43068428-78ef-4434-b1d8-c8c6c2da1cfb,,0eb40af8-ddd0-4d8e-85a5-d3b3bb1022e7,a28a1a10-d6ab-45f2-84f3-8ab4db7850b2,92dd11a8-2635-476b-a8d0-573cf74d4487,0eb40af8-ddd0-4d8e-85a5-d3b3bb1022e7,e22f62dc-f531-418c-a13d-10385b0f0c4f,2.0.1-engage,303c51ee-86c5-4785-bdfe-0d8f261d3614,,A little bit,,A little bit,,,4,A little bit,,No PTSD,,A little bit,no-ptsd,,2f6b5a8d-09c4-42a4-9a98-cecf57bd3666,,,,,,,,2025-09-11 15:17:50.46976+00
Questionnaire/56,c7cbedbb-a574-42f9-a9ed-4a61cb606d0b,,0eb40af8-ddd0-4d8e-85a5-d3b3bb1022e7,a28a1a10-d6ab-45f2-84f3-8ab4db7850b2,92dd11a8-2635-476b-a8d0-573cf74d4487,0eb40af8-ddd0-4d8e-85a5-d3b3bb1022e7,e22f62dc-f531-418c-a13d-10385b0f0c4f,2.0.1-engage,313bf343-49f7-484e-a793-22561fc8a4ed,,2 - Moderately,,1 - A little bit,,,9,4 - Extremely,,No PTSD,,2 - Moderately,no-ptsd,,481e8d5a-591b-4128-81c9-7fc71a56ad5f,,,,,,,,2025-09-11 15:17:50.46976+00
Questionnaire/56,9b4f31f2-b327-47c9-91c6-56082f924410,,0eb40af8-ddd0-4d8e-85a5-d3b3bb1022e7,a28a1a10-d6ab-45f2-84f3-8ab4db7850b2,92dd11a8-2635-476b-a8d0-573cf74d4487,0eb40af8-ddd0-4d8e-85a5-d3b3bb1022e7,e22f62dc-f531-418c-a13d-10385b0f0c4f,2.2.0-engage,34d66347-3ea7-48f5-9f2d-a898186be728,A little bit,A little bit,A little bit,A little bit,Moderately,,12,Moderately,,This score suggests that you may be experiencing moderate challenges coping after a traumatic event,,Moderately,moderate-ptsd,Moderately,e77fda87-8afe-40c5-8664-f0073ca95803,,,,,,,,2025-09-11 15:17:50.46976+00
Questionnaire/56,2366eacb-4422-4cc7-931c-e05e6ea2d139,,0eb40af8-ddd0-4d8e-85a5-d3b3bb1022e7,a28a1a10-d6ab-45f2-84f3-8ab4db7850b2,92dd11a8-2635-476b-a8d0-573cf74d4487,0eb40af8-ddd0-4d8e-85a5-d3b3bb1022e7,e22f62dc-f531-418c-a13d-10385b0f0c4f,2.1.2-engage,40d10adc-2b96-4e3f-bf51-331c799bc3d8,Moderately,Quite a bit,Quite a bit,Moderately,Moderately,,19,Moderately,,Has PTSD,,Quite a bit,has-ptsd,Moderately,9c66dca7-145d-4fee-b1d0-86c68c8e7875,,,,,,,,2025-09-11 15:17:50.46976+00
Questionnaire/56,87f0f749-f6b9-4225-8548-fe05417e8847,,5859d5f3-d37b-4a28-a68f-5ce1aaac611f,7a2bad81-130f-4785-8438-af7aac92fedf,602ec278-054a-473e-a553-957bd5ac8c6f,5859d5f3-d37b-4a28-a68f-5ce1aaac611f,83586171-9bac-426a-aae5-798bf548e15e,2.0.2-engage,44311448-93e7-4ead-9e70-eff46b8645d2,Extremely,Quite a bit,Extremely,Quite a bit,Quite a bit,,27,Quite a bit,,Has PTSD,,Extremely,has-ptsd,Quite a bit,176c0124-2f2e-42cf-a8bb-107e63d136b2,,,,,,,,2025-09-11 15:17:50.46976+00
Questionnaire/56,5ee2402d-024a-4cd3-9d2c-42124a638a7e,,0eb40af8-ddd0-4d8e-85a5-d3b3bb1022e7,a28a1a10-d6ab-45f2-84f3-8ab4db7850b2,92dd11a8-2635-476b-a8d0-573cf74d4487,0eb40af8-ddd0-4d8e-85a5-d3b3bb1022e7,e22f62dc-f531-418c-a13d-10385b0f0c4f,2.2.0-engage,46a57310-8a7b-4030-b123-902fd9ce7ae5,Moderately,Moderately,Quite a bit,Moderately,Quite a bit,,21,Quite a bit,,This score suggests that you may be experiencing severe challenges coping after a traumatic event,,Quite a bit,severe-ptsd,Quite a bit,cc3b4742-659c-498b-b6e9-e14440821de1,,,,,,,,2025-09-11 15:17:50.46976+00
Questionnaire/56,f05564a1-4de7-4680-a17d-5ba329329f6c,,0eb40af8-ddd0-4d8e-85a5-d3b3bb1022e7,a28a1a10-d6ab-45f2-84f3-8ab4db7850b2,92dd11a8-2635-476b-a8d0-573cf74d4487,0eb40af8-ddd0-4d8e-85a5-d3b3bb1022e7,e22f62dc-f531-418c-a13d-10385b0f0c4f,2.2.0-engage,49112b84-a00e-4843-8325-482153471f61,Not at all,Not at all,Not at all,Not at all,Not at all,,0,Not at all,,This score suggests that you may not be experiencing challenges coping after a traumatic event,,Not at all,no-ptsd,Not at all,6bc53fa9-b33e-4e78-97e2-7f7d22031517,,,,,,,,2025-09-11 15:17:50.46976+00
Questionnaire/56,e3417ced-8d7e-4e00-b267-db8b5f808e7a,,0eb40af8-ddd0-4d8e-85a5-d3b3bb1022e7,Not defined,92dd11a8-2635-476b-a8d0-573cf74d4487,0eb40af8-ddd0-4d8e-85a5-d3b3bb1022e7,d66f38ae-e5e7-4456-ae85-331284676dc6,Not defined,49117099-d889-4d41-90e2-d78da93d10b9,,,,,,,5,,true,,,,,,,,,,,,,,2025-09-11 15:17:50.46976+00
Questionnaire/56,fca7a9ad-4115-46f5-882e-60dd4972e086,,0eb40af8-ddd0-4d8e-85a5-d3b3bb1022e7,a28a1a10-d6ab-45f2-84f3-8ab4db7850b2,92dd11a8-2635-476b-a8d0-573cf74d4487,0eb40af8-ddd0-4d8e-85a5-d3b3bb1022e7,e22f62dc-f531-418c-a13d-10385b0f0c4f,2.0.1-engage,4af6d81e-cb4b-4de3-81ec-a9c34a9c4cfa,3 - Quite a bit,3 - Quite a bit,1 - A little bit,1 - A little bit,2 - Moderately,,16,4 - Extremely,,No PTSD,,2 - Moderately,no-ptsd,0 - Not at all,1ff81833-c07f-4e8f-ac3e-4de520291f26,,,,,,,,2025-09-11 15:17:50.46976+00
Questionnaire/56,f177e016-e1a9-4b9b-a516-969c5b98301e,f99db67f-0765-4507-baf0-7c5b2e2ac77b,0eb40af8-ddd0-4d8e-85a5-d3b3bb1022e7,a28a1a10-d6ab-45f2-84f3-8ab4db7850b2,92dd11a8-2635-476b-a8d0-573cf74d4487,0eb40af8-ddd0-4d8e-85a5-d3b3bb1022e7,e22f62dc-f531-418c-a13d-10385b0f0c4f,2.0.0-engage,525509cf-3f43-4c0c-85a9-53ee8acdb49e,,,,,,,0,,false,No PTSD,,,no-ptsd,,,,,,,,,,2025-09-11 15:17:50.46976+00
Questionnaire/56,bd41c189-6b9e-4544-bb9d-e8cfe0a2d76b,,0eb40af8-ddd0-4d8e-85a5-d3b3bb1022e7,a28a1a10-d6ab-45f2-84f3-8ab4db7850b2,92dd11a8-2635-476b-a8d0-573cf74d4487,0eb40af8-ddd0-4d8e-85a5-d3b3bb1022e7,e22f62dc-f531-418c-a13d-10385b0f0c4f,2.2.0-engage,592288f2-f2fc-4add-bb73-44f13c861c46,A little bit,Moderately,Moderately,Moderately,Quite a bit,,14,Moderately,,This score suggests that you may be experiencing moderate challenges coping after a traumatic event,,A little bit,moderate-ptsd,A little bit,b8df613b-7666-4773-9c47-607cf6083759,,,,,,,,2025-09-11 15:17:50.46976+00
Questionnaire/56,f177e016-e1a9-4b9b-a516-969c5b98301e,,0eb40af8-ddd0-4d8e-85a5-d3b3bb1022e7,a28a1a10-d6ab-45f2-84f3-8ab4db7850b2,92dd11a8-2635-476b-a8d0-573cf74d4487,0eb40af8-ddd0-4d8e-85a5-d3b3bb1022e7,e22f62dc-f531-418c-a13d-10385b0f0c4f,2.0.0-engage,63b5135a-4880-41e8-a338-f08cd7308f81,,,,,,,0,,false,No PTSD,,,no-ptsd,,f99db67f-0765-4507-baf0-7c5b2e2ac77b,,,,,,,6e78f540-a92b-41b1-a6f1-42311c08cab4,2025-09-11 15:17:50.46976+00
Questionnaire/56,d9502b4c-258a-4538-8250-074c1ff03e25,,0eb40af8-ddd0-4d8e-85a5-d3b3bb1022e7,Not defined,92dd11a8-2635-476b-a8d0-573cf74d4487,0eb40af8-ddd0-4d8e-85a5-d3b3bb1022e7,e22f62dc-f531-418c-a13d-10385b0f0c4f,Not defined,68719e77-3b2b-45a6-91d3-361e346773a3,,,,,,,0,,false,,,,,,,,,,,,,,2025-09-11 15:17:50.46976+00
Questionnaire/56,ea1c21de-c6e4-400e-a549-49aaddddf3fe,,0eb40af8-ddd0-4d8e-85a5-d3b3bb1022e7,a28a1a10-d6ab-45f2-84f3-8ab4db7850b2,92dd11a8-2635-476b-a8d0-573cf74d4487,0eb40af8-ddd0-4d8e-85a5-d3b3bb1022e7,e22f62dc-f531-418c-a13d-10385b0f0c4f,2.0.0-engage,6a4b5479-5951-4663-b31d-92d8dd011393,3 - Quite a bit,3 - Quite a bit,3 - Quite a bit,3 - Quite a bit,3 - Quite a bit,,24,3 - Quite a bit,,Has PTSD,,3 - Quite a bit,has-ptsd,3 - Quite a bit,3d74fdac-bfdb-4a20-b4e1-2a39edcfc439,,,,,,,,2025-09-11 15:17:50.46976+00
Questionnaire/56,4ca17550-61d6-4860-abc9-fbe93e7c26a5,,0eb40af8-ddd0-4d8e-85a5-d3b3bb1022e7,a28a1a10-d6ab-45f2-84f3-8ab4db7850b2,92dd11a8-2635-476b-a8d0-573cf74d4487,0eb40af8-ddd0-4d8e-85a5-d3b3bb1022e7,e22f62dc-f531-418c-a13d-10385b0f0c4f,2.2.0-engage,6b92cc0e-5765-45f6-997e-e865e28fa574,Not at all,Not at all,Not at all,Not at all,Not at all,,0,Not at all,,This score suggests that you may not be experiencing challenges coping after a traumatic event,,Not at all,no-ptsd,Not at all,da0c30c3-d5ba-47d2-a4a8-b205fb3f1bed,,,,,,,,2025-09-11 15:17:50.46976+00
Questionnaire/56,9e2b4a3b-701e-49b2-8257-904a6db0ae6d,,0eb40af8-ddd0-4d8e-85a5-d3b3bb1022e7,a28a1a10-d6ab-45f2-84f3-8ab4db7850b2,92dd11a8-2635-476b-a8d0-573cf74d4487,0eb40af8-ddd0-4d8e-85a5-d3b3bb1022e7,e22f62dc-f531-418c-a13d-10385b0f0c4f,2.2.0-engage,6c2e20fb-6138-42ee-bb6d-59d1229fb28f,Extremely,Extremely,Extremely,Extremely,Extremely,,31,Extremely,,This score suggests that you may be experiencing severe challenges coping after a traumatic event,,Quite a bit,severe-ptsd,Extremely,227cef55-d552-4e65-b8c4-752c381b0357,,,,,,,,2025-09-11 15:17:50.46976+00
Questionnaire/56,b4d46598-51d8-4d2d-9c34-e3ef9aa44632,,0eb40af8-ddd0-4d8e-85a5-d3b3bb1022e7,a28a1a10-d6ab-45f2-84f3-8ab4db7850b2,92dd11a8-2635-476b-a8d0-573cf74d4487,0eb40af8-ddd0-4d8e-85a5-d3b3bb1022e7,e22f62dc-f531-418c-a13d-10385b0f0c4f,2.0.1-engage,71b76fe0-f64b-4b59-95a1-c2cb2dac5b36,2 - Moderately,3 - Quite a bit,3 - Quite a bit,2 - Moderately,4 - Extremely,,23,2 - Moderately,,Has PTSD,,3 - Quite a bit,has-ptsd,4 - Extremely,9894e3c4-2766-4132-b1e3-c856d386b507,,,,,,,,2025-09-11 15:17:50.46976+00
Questionnaire/56,fffa753b-b871-430f-acdf-e16dd47ab2bb,,0eb40af8-ddd0-4d8e-85a5-d3b3bb1022e7,a28a1a10-d6ab-45f2-84f3-8ab4db7850b2,92dd11a8-2635-476b-a8d0-573cf74d4487,0eb40af8-ddd0-4d8e-85a5-d3b3bb1022e7,e22f62dc-f531-418c-a13d-10385b0f0c4f,2.1.2-engage,72b05932-b4ac-4713-bfb8-d8d28f791cf8,,Moderately,,Moderately,,,7,Moderately,,No PTSD,,A little bit,no-ptsd,,464ba918-6f34-4b9c-be9f-6bf17e4336ab,,,,,,,,2025-09-11 15:17:50.46976+00
Questionnaire/56,5f896878-1169-4ea7-b479-835b28679f17,f1f48c49-2dd5-4cdc-9700-f11134ef14be,0eb40af8-ddd0-4d8e-85a5-d3b3bb1022e7,a28a1a10-d6ab-45f2-84f3-8ab4db7850b2,92dd11a8-2635-476b-a8d0-573cf74d4487,0eb40af8-ddd0-4d8e-85a5-d3b3bb1022e7,e22f62dc-f531-418c-a13d-10385b0f0c4f,2.0.0-engage,76651634-0306-42fc-8772-745f08a3df66,,,,,,,2,,false,No PTSD,A war,,no-ptsd,,,,,,,,,,2025-09-11 15:17:50.46976+00
Questionnaire/56,e88d5711-eb22-4a8c-ae3b-0adddc0f7881,,0eb40af8-ddd0-4d8e-85a5-d3b3bb1022e7,a28a1a10-d6ab-45f2-84f3-8ab4db7850b2,92dd11a8-2635-476b-a8d0-573cf74d4487,0eb40af8-ddd0-4d8e-85a5-d3b3bb1022e7,e22f62dc-f531-418c-a13d-10385b0f0c4f,2.2.0-engage,771e39f7-310f-41f2-be1b-9ff5e6ba49bb,,,,,,,0,,,This score suggests that you may not be experiencing challenges coping after a traumatic event,,,no-ptsd,,ab2921f2-89b4-4a02-9b98-04a5865043b4,,,,,,,,2025-09-11 15:17:50.46976+00
Questionnaire/56,1ad2aaab-ce46-41c4-81d0-f1b9d415d4ca,,0eb40af8-ddd0-4d8e-85a5-d3b3bb1022e7,Not defined,92dd11a8-2635-476b-a8d0-573cf74d4487,0eb40af8-ddd0-4d8e-85a5-d3b3bb1022e7,e22f62dc-f531-418c-a13d-10385b0f0c4f,Not defined,79e421e3-d50f-45ee-9c66-95675d9b3fbc,,,,,,,3,,true,Has PTSD,A serious accident or fire,,has-ptsd,,,,,,,,,,2025-09-11 15:17:50.46976+00
Questionnaire/56,f01aa0d5-7e65-4f61-a787-ab4dd2535fa6,,0eb40af8-ddd0-4d8e-85a5-d3b3bb1022e7,Not defined,92dd11a8-2635-476b-a8d0-573cf74d4487,0eb40af8-ddd0-4d8e-85a5-d3b3bb1022e7,e22f62dc-f531-418c-a13d-10385b0f0c4f,Not defined,80260c34-e7c1-4fc1-a868-8052889d54f0,,,,,,,5,,true,Has PTSD,Other,,has-ptsd,,,,,,,,,,2025-09-11 15:17:50.46976+00
Questionnaire/56,8c460a02-5598-4503-9b13-fb4c53ae22c1,,0eb40af8-ddd0-4d8e-85a5-d3b3bb1022e7,Not defined,92dd11a8-2635-476b-a8d0-573cf74d4487,0eb40af8-ddd0-4d8e-85a5-d3b3bb1022e7,e22f62dc-f531-418c-a13d-10385b0f0c4f,Not defined,805a3d59-ae85-4ada-8881-c51f3d00f82e,,,,,,,0,,false,,,,,,,,,,,,,,2025-09-11 15:17:50.46976+00
Questionnaire/56,6f271d61-f141-4fc5-9088-ffa1c291f690,b23baf6c-2eab-4c8a-8a08-b4fb182d33f0,0eb40af8-ddd0-4d8e-85a5-d3b3bb1022e7,a28a1a10-d6ab-45f2-84f3-8ab4db7850b2,92dd11a8-2635-476b-a8d0-573cf74d4487,0eb40af8-ddd0-4d8e-85a5-d3b3bb1022e7,e22f62dc-f531-418c-a13d-10385b0f0c4f,2.0.0-engage,974f5ee6-a50e-441e-8c3a-8d86166c6183,,,,,,,0,,false,No PTSD,,,no-ptsd,,,,,,,,,,2025-09-11 15:17:50.46976+00
Questionnaire/56,162f2b99-9110-45a1-bb7a-2cac76d288f4,,0eb40af8-ddd0-4d8e-85a5-d3b3bb1022e7,a28a1a10-d6ab-45f2-84f3-8ab4db7850b2,92dd11a8-2635-476b-a8d0-573cf74d4487,0eb40af8-ddd0-4d8e-85a5-d3b3bb1022e7,e22f62dc-f531-418c-a13d-10385b0f0c4f,2.0.2-engage,9791d725-f661-4dfb-a42b-41131ef4a30a,Quite a bit,Quite a bit,Quite a bit,Quite a bit,Quite a bit,,24,Quite a bit,,Has PTSD,,Quite a bit,has-ptsd,Quite a bit,28574246-8970-405b-98ff-8ddcd55eaf9f,,,,,,,,2025-09-11 15:17:50.46976+00
Questionnaire/56,8ec9d34c-0cce-4cd8-a0f1-1e2533bc7221,,0eb40af8-ddd0-4d8e-85a5-d3b3bb1022e7,a28a1a10-d6ab-45f2-84f3-8ab4db7850b2,92dd11a8-2635-476b-a8d0-573cf74d4487,0eb40af8-ddd0-4d8e-85a5-d3b3bb1022e7,e22f62dc-f531-418c-a13d-10385b0f0c4f,2.0.1-engage,98afc0e5-5d95-44a3-b2d2-797ac12ba6f5,,4 - Extremely,,0 - Not at all,,,4,0 - Not at all,,No PTSD,,0 - Not at all,no-ptsd,,60db15b8-0819-420f-823c-74dd7c8f9e9c,,,,,,,,2025-09-11 15:17:50.46976+00
Questionnaire/56,6d9ebad3-a690-4dd1-a97a-4543be19f0a2,,0eb40af8-ddd0-4d8e-85a5-d3b3bb1022e7,a28a1a10-d6ab-45f2-84f3-8ab4db7850b2,92dd11a8-2635-476b-a8d0-573cf74d4487,0eb40af8-ddd0-4d8e-85a5-d3b3bb1022e7,e22f62dc-f531-418c-a13d-10385b0f0c4f,2.2.0-engage,b2460300-db2d-4dc3-92f9-067d7410ce91,Moderately,Moderately,Moderately,Quite a bit,Quite a bit,,18,Moderately,,This score suggests that you may be experiencing severe challenges coping after a traumatic event,,Moderately,severe-ptsd,Moderately,0ea43efc-8d7b-4c6b-94f2-a77a30595cc2,,,,,,,,2025-09-11 15:17:50.46976+00
Questionnaire/56,c220a224-11b2-4a42-a02f-007eecb3b4f0,,0eb40af8-ddd0-4d8e-85a5-d3b3bb1022e7,a28a1a10-d6ab-45f2-84f3-8ab4db7850b2,92dd11a8-2635-476b-a8d0-573cf74d4487,0eb40af8-ddd0-4d8e-85a5-d3b3bb1022e7,e22f62dc-f531-418c-a13d-10385b0f0c4f,2.2.0-engage,b4e963d5-ec34-491d-8a00-abaf8d366547,Quite a bit,Moderately,Moderately,A little bit,A little bit,,13,Moderately,,This score suggests that you may be experiencing moderate challenges coping after a traumatic event,,A little bit,moderate-ptsd,A little bit,eeab02b7-67b6-49db-8a48-2d2d3abaa529,,,,,,,,2025-09-11 15:17:50.46976+00
Questionnaire/56,024acb92-a14d-49d1-86a4-093715bf5793,,0eb40af8-ddd0-4d8e-85a5-d3b3bb1022e7,a28a1a10-d6ab-45f2-84f3-8ab4db7850b2,92dd11a8-2635-476b-a8d0-573cf74d4487,0eb40af8-ddd0-4d8e-85a5-d3b3bb1022e7,e22f62dc-f531-418c-a13d-10385b0f0c4f,2.2.0-engage,b6065b57-0ab6-4a9f-83b3-b2dda6f0fe32,A little bit,Not at all,Not at all,Not at all,Not at all,,2,A little bit,,This score suggests that you may not be experiencing challenges coping after a traumatic event,,Not at all,no-ptsd,Not at all,b52942b8-6c36-4484-9b47-7a3772aee80c,,,,,,,,2025-09-11 15:17:50.46976+00
Questionnaire/56,658bf01b-d18f-4ac1-8da5-4740a1c4bc6d,,0eb40af8-ddd0-4d8e-85a5-d3b3bb1022e7,a28a1a10-d6ab-45f2-84f3-8ab4db7850b2,92dd11a8-2635-476b-a8d0-573cf74d4487,0eb40af8-ddd0-4d8e-85a5-d3b3bb1022e7,e22f62dc-f531-418c-a13d-10385b0f0c4f,2.2.0-engage,beba638a-df48-4d11-a75f-4a87e38a53cd,Not at all,A little bit,Not at all,A little bit,Not at all,,2,Not at all,,This score suggests that you may not be experiencing challenges coping after a traumatic event,,Not at all,no-ptsd,Not at all,bd97e4cd-0571-4c85-ba86-25cb443f822b,,,,,,,,2025-09-11 15:17:50.46976+00
Questionnaire/56,8f6c3016-6d99-43e0-bc6d-a4be5727ba1d,,0eb40af8-ddd0-4d8e-85a5-d3b3bb1022e7,a28a1a10-d6ab-45f2-84f3-8ab4db7850b2,92dd11a8-2635-476b-a8d0-573cf74d4487,0eb40af8-ddd0-4d8e-85a5-d3b3bb1022e7,e22f62dc-f531-418c-a13d-10385b0f0c4f,2.2.0-engage,c0a0193f-2483-4ccc-a22f-ab8ce2210d5a,Not at all,Moderately,Not at all,A little bit,Not at all,,4,Not at all,,This score suggests that you may not be experiencing challenges coping after a traumatic event,,A little bit,no-ptsd,Not at all,926dbc67-b542-40b3-b2b6-84d41d0fa416,,,,,,,,2025-09-11 15:17:50.46976+00
Questionnaire/56,781f4bfa-f728-40c4-8c8a-d035e8e7dbd4,,0eb40af8-ddd0-4d8e-85a5-d3b3bb1022e7,a28a1a10-d6ab-45f2-84f3-8ab4db7850b2,92dd11a8-2635-476b-a8d0-573cf74d4487,0eb40af8-ddd0-4d8e-85a5-d3b3bb1022e7,e22f62dc-f531-418c-a13d-10385b0f0c4f,2.0.2-engage,c1a17f91-dd0b-4f03-935b-fbad0a4ef4cf,,Quite a bit,,A little bit,,,9,Moderately,,No PTSD,,Quite a bit,no-ptsd,,3b099af9-ac64-47fc-a3fd-bfe0a62e1e70,,,,,,,,2025-09-11 15:17:50.46976+00
Questionnaire/56,40c53fb6-6301-4da8-888f-0242ddd567d6,,0eb40af8-ddd0-4d8e-85a5-d3b3bb1022e7,a28a1a10-d6ab-45f2-84f3-8ab4db7850b2,92dd11a8-2635-476b-a8d0-573cf74d4487,0eb40af8-ddd0-4d8e-85a5-d3b3bb1022e7,e22f62dc-f531-418c-a13d-10385b0f0c4f,2.1.2-engage,c49e10e2-1a89-4536-807a-eb082a10c33b,A little bit,A little bit,Moderately,A little bit,A little bit,,11,Moderately,,This score suggests that you may be experiencing mild challenges coping after a traumatic event,,Moderately,mild-ptsd,A little bit,01b13d2c-674e-449d-942a-1a76c1fab849,,,,,,,,2025-09-11 15:17:50.46976+00
Questionnaire/56,c9adb1a9-83aa-454e-a005-b436b6d6ff58,,0eb40af8-ddd0-4d8e-85a5-d3b3bb1022e7,Not defined,92dd11a8-2635-476b-a8d0-573cf74d4487,0eb40af8-ddd0-4d8e-85a5-d3b3bb1022e7,e22f62dc-f531-418c-a13d-10385b0f0c4f,Not defined,d23b4a99-7b23-443d-9840-72ede55cd39b,,,,,,,5,,true,Has PTSD,A physical or sexual assault or abuse,,has-ptsd,,,,,,,,,,2025-09-11 15:17:50.46976+00
Questionnaire/56,bb2da20e-6ea6-4cf9-81af-087a3a4fe87b,,0eb40af8-ddd0-4d8e-85a5-d3b3bb1022e7,Not defined,92dd11a8-2635-476b-a8d0-573cf74d4487,0eb40af8-ddd0-4d8e-85a5-d3b3bb1022e7,e22f62dc-f531-418c-a13d-10385b0f0c4f,Not defined,d30b2ae3-65f0-461e-a074-8531c8ebc1d7,,,,,,,4,,true,,An earthquake or flood,,,,,,,,,,,,2025-09-11 15:17:50.46976+00
Questionnaire/56,42c3163d-d1bb-46df-9894-2db06c8ef8a3,,0eb40af8-ddd0-4d8e-85a5-d3b3bb1022e7,Not defined,92dd11a8-2635-476b-a8d0-573cf74d4487,0eb40af8-ddd0-4d8e-85a5-d3b3bb1022e7,e22f62dc-f531-418c-a13d-10385b0f0c4f,Not defined,d59f1e62-114b-44ed-8ae7-0b99f512a9a3,,,,,,,0,,false,No PTSD,,,no-ptsd,,,,,,,,,,2025-09-11 15:17:50.46976+00
Questionnaire/56,04edab19-6899-4eb6-8486-34a8e0509963,7cc085de-4e67-43c2-a680-1d79e712f434,0eb40af8-ddd0-4d8e-85a5-d3b3bb1022e7,a28a1a10-d6ab-45f2-84f3-8ab4db7850b2,92dd11a8-2635-476b-a8d0-573cf74d4487,0eb40af8-ddd0-4d8e-85a5-d3b3bb1022e7,e22f62dc-f531-418c-a13d-10385b0f0c4f,2.0.0-engage,e21976cf-883c-4749-bd01-0f63e83ca5dd,,,,,,,3,,true,Has PTSD,A serious accident or fire,,has-ptsd,,,,,,,,,,2025-09-11 15:17:50.46976+00
Questionnaire/56,a9aaadf4-b3ae-48f0-8ce1-513ffe2dea5f,,5859d5f3-d37b-4a28-a68f-5ce1aaac611f,7a2bad81-130f-4785-8438-af7aac92fedf,602ec278-054a-473e-a553-957bd5ac8c6f,5859d5f3-d37b-4a28-a68f-5ce1aaac611f,83586171-9bac-426a-aae5-798bf548e15e,2.0.2-engage,f2cf3345-b1d0-4ad0-8955-265447eca9e4,,Quite a bit,,A little bit,,,8,Moderately,,No PTSD,,Moderately,no-ptsd,,89d901bf-1900-47f2-8ec4-acd22085f7fb,,,,,,,,2025-09-11 15:17:50.46976+00
Questionnaire/56,638c1421-4fce-4645-9790-ffc2d048b9b2,,0eb40af8-ddd0-4d8e-85a5-d3b3bb1022e7,a28a1a10-d6ab-45f2-84f3-8ab4db7850b2,92dd11a8-2635-476b-a8d0-573cf74d4487,0eb40af8-ddd0-4d8e-85a5-d3b3bb1022e7,e22f62dc-f531-418c-a13d-10385b0f0c4f,2.0.1-engage,f4847378-6561-4352-8784-ce1ed67a2d5e,,1 - A little bit,,0 - Not at all,,,1,0 - Not at all,,No PTSD,,0 - Not at all,no-ptsd,,aa47257f-b56a-47d0-9849-fdc7b9f1a90e,,,,,,,,2025-09-11 15:17:50.46976+00
Questionnaire/56,3815ed9e-ca0e-4f6b-a35a-79e3e80fe202,,0eb40af8-ddd0-4d8e-85a5-d3b3bb1022e7,a28a1a10-d6ab-45f2-84f3-8ab4db7850b2,92dd11a8-2635-476b-a8d0-573cf74d4487,0eb40af8-ddd0-4d8e-85a5-d3b3bb1022e7,e22f62dc-f531-418c-a13d-10385b0f0c4f,2.0.2-engage,f5cba424-d899-46e1-8adf-562908f3ce6c,,A little bit,,A little bit,,,5,Moderately,,No PTSD,,A little bit,no-ptsd,,47044ef5-3da2-4d0e-b4cd-bb4b45f5cbee,,,,,,,,2025-09-11 15:17:50.46976+00
Questionnaire/56,ec421eed-1c76-49e7-9ce0-ed133e6f6379,db469881-266c-41c9-8263-576ea849e99f,0eb40af8-ddd0-4d8e-85a5-d3b3bb1022e7,a28a1a10-d6ab-45f2-84f3-8ab4db7850b2,92dd11a8-2635-476b-a8d0-573cf74d4487,0eb40af8-ddd0-4d8e-85a5-d3b3bb1022e7,e22f62dc-f531-418c-a13d-10385b0f0c4f,2.0.0-engage,f67a0c1d-60cc-4a60-b9da-bea5a4d6cbb3,,,,,,,5,,true,Has PTSD,,,has-ptsd,,,,,,,,,,2025-09-11 15:17:50.46976+00
Questionnaire/56,bac32ad1-5352-4fe3-8bec-bc432c552930,ba0a14d6-0372-455e-a72b-efca8ddc137d,0eb40af8-ddd0-4d8e-85a5-d3b3bb1022e7,a28a1a10-d6ab-45f2-84f3-8ab4db7850b2,92dd11a8-2635-476b-a8d0-573cf74d4487,0eb40af8-ddd0-4d8e-85a5-d3b3bb1022e7,e22f62dc-f531-418c-a13d-10385b0f0c4f,2.0.1-engage,f6c58028-534b-4167-a702-500fda324a6d,4 - Extremely,3 - Quite a bit,2 - Moderately,2 - Moderately,3 - Quite a bit,,22,4 - Extremely,,Has PTSD,,2 - Moderately,has-ptsd,2 - Moderately,,,,,,,,,2025-09-11 15:17:50.46976+00
Questionnaire/56,ea3133bf-ab04-4e26-ab6d-eb6cd080e206,,0eb40af8-ddd0-4d8e-85a5-d3b3bb1022e7,Not defined,92dd11a8-2635-476b-a8d0-573cf74d4487,0eb40af8-ddd0-4d8e-85a5-d3b3bb1022e7,d66f38ae-e5e7-4456-ae85-331284676dc6,Not defined,fbcd8537-672e-4217-a0c5-b7d8e1703e6e,,,,,,,2,,false,,An earthquake or flood,,,,,,,,,,,,2025-09-11 15:17:50.46976+00
