questionnaire_id,subject_patient_id,encounter_id,author_practitioner_id,practitioner_location_id,practitioner_organization_id,practitioner_id,practitioner_careteam_id,application_version,qr_id,medium_risk,any_three,you_thinking_you,high_risk,you_thoughts_some,spi_subform,you_started_work,spi_subform_8,spi_subform_9,you_wished_you,spi_subform_11,you_ever_done,spi_subform_13,spi_subform_14,low_risk,you_actually_any,spi_subform_17,place_declare_values,taskid_spi_subform,taskid_spi_subform_20,taskid_spi_subform_21,taskstatus_spi_subform,taskstatus_spi_subform_23,taskstatus_spi_subform_24,anonymized_at
Questionnaire/104455,ea30719f-a29f-4b56-b5a8-2c837077d995,,0eb40af8-ddd0-4d8e-85a5-d3b3bb1022e7,Not defined,92dd11a8-2635-476b-a8d0-573cf74d4487,0eb40af8-ddd0-4d8e-85a5-d3b3bb1022e7,e22f62dc-f531-418c-a13d-10385b0f0c4f,Not defined,01aa6787-830c-421a-b1ae-e333a7212341,,,,,,,,,,,,,,,,,,,,,,,,,2025-09-11 15:17:50.46976+00
Questionnaire/104455,04edab19-6899-4eb6-8486-34a8e0509963,dc0f8b5e-2213-4aa9-887b-6656e21819a7,0eb40af8-ddd0-4d8e-85a5-d3b3bb1022e7,a28a1a10-d6ab-45f2-84f3-8ab4db7850b2,92dd11a8-2635-476b-a8d0-573cf74d4487,0eb40af8-ddd0-4d8e-85a5-d3b3bb1022e7,e22f62dc-f531-418c-a13d-10385b0f0c4f,2.0.0-engage,0e24d142-0edd-4f8f-b6f4-97fae0c15519,,,,,,,,,,,,,,,,,,,89d73fea-44e9-4aae-808b-6a3732c1dc0e,,,draft,,,2025-09-11 15:17:50.46976+00
Questionnaire/104455,42c3163d-d1bb-46df-9894-2db06c8ef8a3,,0eb40af8-ddd0-4d8e-85a5-d3b3bb1022e7,Not defined,92dd11a8-2635-476b-a8d0-573cf74d4487,0eb40af8-ddd0-4d8e-85a5-d3b3bb1022e7,e22f62dc-f531-418c-a13d-10385b0f0c4f,Not defined,0f287ecc-b6e2-49be-a7f9-f7e5616b9324,,,,,,,,,,,,,,,,,,,Task/054dd38a-e675-405d-908f-adef92c0f87b/_history/1,Task/06b2599d-f6b9-4c1f-bd54-c3d03ec43380/_history/1,Task/2a884d30-ac9d-4ff2-8ee0-299b5574992b/_history/1,draft,draft,draft,2025-09-11 15:17:50.46976+00
Questionnaire/104455,2964c0a4-ad4d-41c0-a9e2-07f7b4f21e34,,0eb40af8-ddd0-4d8e-85a5-d3b3bb1022e7,Not defined,92dd11a8-2635-476b-a8d0-573cf74d4487,0eb40af8-ddd0-4d8e-85a5-d3b3bb1022e7,e22f62dc-f531-418c-a13d-10385b0f0c4f,Not defined,115aad6d-cdc5-4e60-8af1-a91a742a5d16,,,,,,,,,,,,,,,,,,,,,,,,,2025-09-11 15:17:50.46976+00
Questionnaire/104455,77679304-1eda-4ad7-a218-2ef2aadcf83f,262bd982-d6fa-46a7-8623-536921c9063f,0eb40af8-ddd0-4d8e-85a5-d3b3bb1022e7,a28a1a10-d6ab-45f2-84f3-8ab4db7850b2,92dd11a8-2635-476b-a8d0-573cf74d4487,0eb40af8-ddd0-4d8e-85a5-d3b3bb1022e7,e22f62dc-f531-418c-a13d-10385b0f0c4f,2.1.2-engage,133727c9-4824-4593-a030-46060752d0c7,,,,,,,,,,,,,,,,,Proceed,,089ef8c9-7382-490a-b551-48b392038b37,,,draft,,,2025-09-11 15:17:50.46976+00
Questionnaire/104455,781f4bfa-f728-40c4-8c8a-d035e8e7dbd4,8f4c6dd9-b893-4860-8a67-dfc50f581ef5,0eb40af8-ddd0-4d8e-85a5-d3b3bb1022e7,a28a1a10-d6ab-45f2-84f3-8ab4db7850b2,92dd11a8-2635-476b-a8d0-573cf74d4487,0eb40af8-ddd0-4d8e-85a5-d3b3bb1022e7,e22f62dc-f531-418c-a13d-10385b0f0c4f,2.0.2-engage,186d4b1b-ce5a-4254-992b-2c5d2bc3ed13,,,,,,,,,,,,,,,,,,,45bdca8e-5696-4e09-bee9-a3176867d1a1,,,draft,,,2025-09-11 15:17:50.46976+00
Questionnaire/104455,1ad2aaab-ce46-41c4-81d0-f1b9d415d4ca,,0eb40af8-ddd0-4d8e-85a5-d3b3bb1022e7,Not defined,92dd11a8-2635-476b-a8d0-573cf74d4487,0eb40af8-ddd0-4d8e-85a5-d3b3bb1022e7,e22f62dc-f531-418c-a13d-10385b0f0c4f,Not defined,1c20fb5d-c6b9-4ab4-acb2-72e2b95eb0df,,,,,,,,,,,,,,,,,,,Task/8284774e-bf6b-4ec0-ab95-2ab8d1bd413a/_history/1,Task/c6bdea6c-6094-4b54-bafc-eb208a870111/_history/1,Task/ba5d384e-b6c6-4b7f-878a-ae4663a59cbd/_history/1,draft,draft,draft,2025-09-11 15:17:50.46976+00
Questionnaire/104455,831ac242-4faf-4866-95b5-c51f9da4d439,9a7d3480-db48-4111-bb4b-53c32fc25408,0eb40af8-ddd0-4d8e-85a5-d3b3bb1022e7,a28a1a10-d6ab-45f2-84f3-8ab4db7850b2,92dd11a8-2635-476b-a8d0-573cf74d4487,0eb40af8-ddd0-4d8e-85a5-d3b3bb1022e7,e22f62dc-f531-418c-a13d-10385b0f0c4f,2.0.0-engage,1d17c4d4-80c0-43a0-a4cd-d1a36f783b07,,,,,,Bjh,,Serd,Sed,,Efd,,Edw,Adf,,,Nj,,ecbfc9b4-bc25-43a9-bcb8-bc79146774c7,,,draft,,,2025-09-11 15:17:50.46976+00
Questionnaire/104455,6f9c5d43-f123-4812-8e10-c808e807128b,2f99f850-fb74-4d19-8d2a-005957bc8602,0eb40af8-ddd0-4d8e-85a5-d3b3bb1022e7,a28a1a10-d6ab-45f2-84f3-8ab4db7850b2,92dd11a8-2635-476b-a8d0-573cf74d4487,0eb40af8-ddd0-4d8e-85a5-d3b3bb1022e7,e22f62dc-f531-418c-a13d-10385b0f0c4f,2.0.1-engage,1e471fad-f0a3-4c73-b39a-a9017f54bed3,,,,,,,,,,,,,,,,,,,a573b6c2-974d-42dc-8ae1-d157a9c765e2,,,draft,,,2025-09-11 15:17:50.46976+00
Questionnaire/104455,301e8fbc-05d0-4575-96db-97bd2e0e2847,58d69991-2ff6-4a22-ae4b-56fc189a6ce6,0eb40af8-ddd0-4d8e-85a5-d3b3bb1022e7,a28a1a10-d6ab-45f2-84f3-8ab4db7850b2,92dd11a8-2635-476b-a8d0-573cf74d4487,0eb40af8-ddd0-4d8e-85a5-d3b3bb1022e7,e22f62dc-f531-418c-a13d-10385b0f0c4f,2.1.2-engage,21d9113f-31aa-4013-9f04-6795e9680e34,,,,,,,,,,,,,,,,,,,429808d1-b40f-4383-90d6-1903a97c8717,,,draft,,,2025-09-11 15:17:50.46976+00
Questionnaire/104455,cc7d03be-33d4-4427-932a-97ca1209462d,cb3afadc-379f-4610-8495-5bed7d678409,0eb40af8-ddd0-4d8e-85a5-d3b3bb1022e7,a28a1a10-d6ab-45f2-84f3-8ab4db7850b2,92dd11a8-2635-476b-a8d0-573cf74d4487,0eb40af8-ddd0-4d8e-85a5-d3b3bb1022e7,e22f62dc-f531-418c-a13d-10385b0f0c4f,2.0.2-engage,224295e5-7bc6-4bd1-8cd0-e0d86a06c057,,,,,,,,,,,,,,,,,,,f0ef5ed4-861b-46ca-b855-aced78d5fb68,,,draft,,,2025-09-11 15:17:50.46976+00
Questionnaire/104455,bb2da20e-6ea6-4cf9-81af-087a3a4fe87b,,0eb40af8-ddd0-4d8e-85a5-d3b3bb1022e7,Not defined,92dd11a8-2635-476b-a8d0-573cf74d4487,0eb40af8-ddd0-4d8e-85a5-d3b3bb1022e7,e22f62dc-f531-418c-a13d-10385b0f0c4f,Not defined,2640811b-fceb-4e19-9474-791f7e065881,,,,,,,,,,,,,,,,,,,,,,,,,2025-09-11 15:17:50.46976+00
Questionnaire/104455,77bf47bd-478f-42c5-8f33-08ee90eb1183,f74fb5ae-e562-44bc-9d27-908393036b28,0eb40af8-ddd0-4d8e-85a5-d3b3bb1022e7,a28a1a10-d6ab-45f2-84f3-8ab4db7850b2,92dd11a8-2635-476b-a8d0-573cf74d4487,0eb40af8-ddd0-4d8e-85a5-d3b3bb1022e7,e22f62dc-f531-418c-a13d-10385b0f0c4f,2.0.0-engage,26638128-0e90-42ea-b26a-9113aa9b8988,,,,,,,,,,,,,,,,,,,88c4d8cb-cb8a-4c14-ab90-50139a90d6a2,,,draft,,,2025-09-11 15:17:50.46976+00
Questionnaire/104455,bac32ad1-5352-4fe3-8bec-bc432c552930,adf79b90-596c-4fc8-b73a-245f91374b9d,0eb40af8-ddd0-4d8e-85a5-d3b3bb1022e7,a28a1a10-d6ab-45f2-84f3-8ab4db7850b2,92dd11a8-2635-476b-a8d0-573cf74d4487,0eb40af8-ddd0-4d8e-85a5-d3b3bb1022e7,e22f62dc-f531-418c-a13d-10385b0f0c4f,2.0.1-engage,284fbf61-7a6f-4a76-9c6b-66da948a844d,,,,,,,,,,,,,,,,,,,e0fb936e-cfd2-4f12-b456-da9484454ab9,,,draft,,,2025-09-11 15:17:50.46976+00
Questionnaire/104455,e88d5711-eb22-4a8c-ae3b-0adddc0f7881,30bc7b64-a69f-41ed-8150-b73b661279cd,0eb40af8-ddd0-4d8e-85a5-d3b3bb1022e7,a28a1a10-d6ab-45f2-84f3-8ab4db7850b2,92dd11a8-2635-476b-a8d0-573cf74d4487,0eb40af8-ddd0-4d8e-85a5-d3b3bb1022e7,e22f62dc-f531-418c-a13d-10385b0f0c4f,2.2.0-engage,29cce79e-f411-452d-a45c-0b05955c98ee,,,,,,,,,,,,,,,,,,,effe64ef-1701-458c-a505-177e9a78156e,,,draft,,,2025-09-11 15:17:50.46976+00
Questionnaire/104455,08ba4475-d315-473c-977e-efd578834166,cedd6417-57eb-4fbd-a6dc-3bfea9957730,0eb40af8-ddd0-4d8e-85a5-d3b3bb1022e7,a28a1a10-d6ab-45f2-84f3-8ab4db7850b2,92dd11a8-2635-476b-a8d0-573cf74d4487,0eb40af8-ddd0-4d8e-85a5-d3b3bb1022e7,e22f62dc-f531-418c-a13d-10385b0f0c4f,2.0.0-engage,2ee0dea5-e88b-447a-8e4d-334bd990e7e8,,,,,,,,,,,,,,,,,,,9d426fec-957f-48a3-9159-fc3f632970ab,,,draft,,,2025-09-11 15:17:50.46976+00
Questionnaire/104455,01becc6f-c676-4727-ba03-0097ef15afa7,371e90c7-ac43-41ff-aed9-2fa5dac1ea41,0eb40af8-ddd0-4d8e-85a5-d3b3bb1022e7,a28a1a10-d6ab-45f2-84f3-8ab4db7850b2,92dd11a8-2635-476b-a8d0-573cf74d4487,0eb40af8-ddd0-4d8e-85a5-d3b3bb1022e7,e22f62dc-f531-418c-a13d-10385b0f0c4f,2.0.0-engage,2f8e37dc-f7a5-4ece-9a30-a43d1ebe174e,,,,,,,,,,,,,,,,,,,612d71eb-2365-433a-9e98-7aba5ca0e89c,,,draft,,,2025-09-11 15:17:50.46976+00
Questionnaire/104455,28fd3734-4fb0-4e83-b7d7-cd32425e43cb,,0eb40af8-ddd0-4d8e-85a5-d3b3bb1022e7,Not defined,92dd11a8-2635-476b-a8d0-573cf74d4487,0eb40af8-ddd0-4d8e-85a5-d3b3bb1022e7,e22f62dc-f531-418c-a13d-10385b0f0c4f,Not defined,30064e6f-1b11-475c-9ff0-b07f8fbe89af,,,,,,,,,,,,,,,,,,Encounter/5680d307-2539-4637-b92a-46ed98bc5d2e,,,,,,,2025-09-11 15:17:50.46976+00
Questionnaire/104455,fca7a9ad-4115-46f5-882e-60dd4972e086,f313df89-f071-458a-a721-3e4827dc883b,0eb40af8-ddd0-4d8e-85a5-d3b3bb1022e7,a28a1a10-d6ab-45f2-84f3-8ab4db7850b2,92dd11a8-2635-476b-a8d0-573cf74d4487,0eb40af8-ddd0-4d8e-85a5-d3b3bb1022e7,e22f62dc-f531-418c-a13d-10385b0f0c4f,2.0.1-engage,30313595-109b-4bcf-adfd-0bc46457816f,,,,,,,,,,,,,,,,,,,0aeb9884-b711-4343-b78e-3ac6d2f9b1d1,,,draft,,,2025-09-11 15:17:50.46976+00
Questionnaire/104455,93fd9b23-ad79-4602-afe8-ab02b1873106,d18bf28e-a4d4-412b-9745-937025c01985,5859d5f3-d37b-4a28-a68f-5ce1aaac611f,7a2bad81-130f-4785-8438-af7aac92fedf,602ec278-054a-473e-a553-957bd5ac8c6f,5859d5f3-d37b-4a28-a68f-5ce1aaac611f,83586171-9bac-426a-aae5-798bf548e15e,2.0.2-engage,367ce82c-9bf7-44a3-9c1c-8efff77745b8,,,,,,,,,,,,,,,,,,,44304ea8-59c2-48cc-bd19-e75ab0ee1733,,,draft,,,2025-09-11 15:17:50.46976+00
Questionnaire/104455,78235e92-7624-40e1-ab2b-097a6f20cc3e,dc2ce5a2-82be-4060-870a-dc94b8febe87,5859d5f3-d37b-4a28-a68f-5ce1aaac611f,7a2bad81-130f-4785-8438-af7aac92fedf,602ec278-054a-473e-a553-957bd5ac8c6f,5859d5f3-d37b-4a28-a68f-5ce1aaac611f,83586171-9bac-426a-aae5-798bf548e15e,2.0.2-engage,376b5813-e8f3-40af-b94f-43fac96808d4,,,,,,,,,,,,,,,,,,,b1d090cf-9e7c-4e9c-9b04-ac015093f958,,,draft,,,2025-09-11 15:17:50.46976+00
Questionnaire/104455,e859bb44-f139-4569-92f4-2540389ce27b,0fe8ed01-e810-424a-bba5-884d80f81e0b,0eb40af8-ddd0-4d8e-85a5-d3b3bb1022e7,a28a1a10-d6ab-45f2-84f3-8ab4db7850b2,92dd11a8-2635-476b-a8d0-573cf74d4487,0eb40af8-ddd0-4d8e-85a5-d3b3bb1022e7,e22f62dc-f531-418c-a13d-10385b0f0c4f,2.0.1-engage,39e22d2f-437d-40af-9f8d-3d37365d6ca9,,,,,,,,,,,,,,,,,,,cccc5082-2cd7-412d-90cb-88d7970217c4,,,draft,,,2025-09-11 15:17:50.46976+00
Questionnaire/104455,1ea4ed7e-6643-4327-86ec-d60dc4c5113f,,0eb40af8-ddd0-4d8e-85a5-d3b3bb1022e7,Not defined,92dd11a8-2635-476b-a8d0-573cf74d4487,0eb40af8-ddd0-4d8e-85a5-d3b3bb1022e7,d66f38ae-e5e7-4456-ae85-331284676dc6,Not defined,3c67919e-1f44-4765-854f-0bf0c9bc9fd6,,,,,,,,,,,,,,,,,,,,,,,,,2025-09-11 15:17:50.46976+00
Questionnaire/104455,71a7b06d-86a6-4aa6-8bd1-52c8943583da,09e09423-27d9-42a0-b194-602e5d868bc8,0eb40af8-ddd0-4d8e-85a5-d3b3bb1022e7,a28a1a10-d6ab-45f2-84f3-8ab4db7850b2,92dd11a8-2635-476b-a8d0-573cf74d4487,0eb40af8-ddd0-4d8e-85a5-d3b3bb1022e7,e22f62dc-f531-418c-a13d-10385b0f0c4f,2.1.2-engage,3d53cea6-cb51-4744-9471-137c9c66f943,,,,,,,,,,,,,,,,,,,ba1471c8-a993-4eec-b92d-332db5696244,,,draft,,,2025-09-11 15:17:50.46976+00
Questionnaire/104455,5f896878-1169-4ea7-b479-835b28679f17,eadad6c4-9011-46af-b153-7500fff1548e,0eb40af8-ddd0-4d8e-85a5-d3b3bb1022e7,a28a1a10-d6ab-45f2-84f3-8ab4db7850b2,92dd11a8-2635-476b-a8d0-573cf74d4487,0eb40af8-ddd0-4d8e-85a5-d3b3bb1022e7,e22f62dc-f531-418c-a13d-10385b0f0c4f,2.0.0-engage,3dd19235-9b9d-4c8e-a1de-b2271e909dcc,,,,,,,,,,,,,,,,,,,d36c2b6e-3d99-41ce-9b7f-904640aaecf3,,,draft,,,2025-09-11 15:17:50.46976+00
Questionnaire/104455,00a378d0-4a01-49fd-8d08-7a926547bb7c,,0eb40af8-ddd0-4d8e-85a5-d3b3bb1022e7,Not defined,92dd11a8-2635-476b-a8d0-573cf74d4487,0eb40af8-ddd0-4d8e-85a5-d3b3bb1022e7,d66f38ae-e5e7-4456-ae85-331284676dc6,Not defined,3e9bfa72-2832-4755-ae69-fe2ae1bf0d60,,,,,,,,,,,,,,,,,,,,,,,,,2025-09-11 15:17:50.46976+00
Questionnaire/104455,fca7a9ad-4115-46f5-882e-60dd4972e086,51e73ec3-c0d0-45ac-a5d5-0b171cface0b,0eb40af8-ddd0-4d8e-85a5-d3b3bb1022e7,a28a1a10-d6ab-45f2-84f3-8ab4db7850b2,92dd11a8-2635-476b-a8d0-573cf74d4487,0eb40af8-ddd0-4d8e-85a5-d3b3bb1022e7,e22f62dc-f531-418c-a13d-10385b0f0c4f,2.0.1-engage,41ed6034-3249-42c6-8df4-4b2ee8625d79,,,,,,,,,,,,,,,,,,,0aeb9884-b711-4343-b78e-3ac6d2f9b1d1,,,draft,,,2025-09-11 15:17:50.46976+00
Questionnaire/104455,b16a5e06-ab96-4a18-9390-2ed8f7fa9167,9ce06692-f4fe-44bf-aa24-1190364f06d7,0eb40af8-ddd0-4d8e-85a5-d3b3bb1022e7,a28a1a10-d6ab-45f2-84f3-8ab4db7850b2,92dd11a8-2635-476b-a8d0-573cf74d4487,0eb40af8-ddd0-4d8e-85a5-d3b3bb1022e7,e22f62dc-f531-418c-a13d-10385b0f0c4f,2.2.0-engage,434ffdd4-3db4-4269-9211-36ffab67cb16,,,,,,,,,,,,,,,,,,,1ce7db79-786b-497e-b62b-b9940c29fcd8,,,draft,,,2025-09-11 15:17:50.46976+00
Questionnaire/104455,0e2c5276-b7b8-4a46-8189-5d8d630e277f,,0eb40af8-ddd0-4d8e-85a5-d3b3bb1022e7,Not defined,92dd11a8-2635-476b-a8d0-573cf74d4487,0eb40af8-ddd0-4d8e-85a5-d3b3bb1022e7,e22f62dc-f531-418c-a13d-10385b0f0c4f,Not defined,444ae15e-defa-4d83-a9dc-5845be31f7af,,,,,,,,,,,,,,,,,,,,,,,,,2025-09-11 15:17:50.46976+00
Questionnaire/104455,28fd3734-4fb0-4e83-b7d7-cd32425e43cb,,0eb40af8-ddd0-4d8e-85a5-d3b3bb1022e7,Not defined,92dd11a8-2635-476b-a8d0-573cf74d4487,0eb40af8-ddd0-4d8e-85a5-d3b3bb1022e7,e22f62dc-f531-418c-a13d-10385b0f0c4f,Not defined,4892fc11-58f0-4ff9-bd74-d9a4dbb9bdad,,,,,,,,,,,,,,,,,,,,,,,,,2025-09-11 15:17:50.46976+00
Questionnaire/104455,00a378d0-4a01-49fd-8d08-7a926547bb7c,,0eb40af8-ddd0-4d8e-85a5-d3b3bb1022e7,Not defined,92dd11a8-2635-476b-a8d0-573cf74d4487,0eb40af8-ddd0-4d8e-85a5-d3b3bb1022e7,d66f38ae-e5e7-4456-ae85-331284676dc6,Not defined,48c57685-288b-4ffe-8833-7eb49942bca0,,,,,,,,,,,,,,,,,,,,,,,,,2025-09-11 15:17:50.46976+00
Questionnaire/104455,81822a83-56ff-4b37-b715-95b8f0b8a867,1e0476a8-e1eb-4984-ad0d-f551b675b6c4,5859d5f3-d37b-4a28-a68f-5ce1aaac611f,7a2bad81-130f-4785-8438-af7aac92fedf,602ec278-054a-473e-a553-957bd5ac8c6f,5859d5f3-d37b-4a28-a68f-5ce1aaac611f,83586171-9bac-426a-aae5-798bf548e15e,2.0.2-engage,4928dacc-d498-4e62-aa88-b7c2359c7bf6,,,,,,,,,,,,,,,,,,,146dc83d-d15d-4a2c-9daa-bbb56a74e12e,,,draft,,,2025-09-11 15:17:50.46976+00
Questionnaire/104455,75994387-97f8-4e6e-932b-39c89d3d5362,84a37cdb-9bbf-44fb-9dec-c9f993a706be,0eb40af8-ddd0-4d8e-85a5-d3b3bb1022e7,a28a1a10-d6ab-45f2-84f3-8ab4db7850b2,92dd11a8-2635-476b-a8d0-573cf74d4487,0eb40af8-ddd0-4d8e-85a5-d3b3bb1022e7,e22f62dc-f531-418c-a13d-10385b0f0c4f,2.0.0-engage,4b3c1fcc-bfd2-460e-bd2a-ccbbe26746ef,,,,,,,,,,,,,,,,,,,67dedabe-f9a4-412b-b21c-31ea84e7afbb,,,draft,,,2025-09-11 15:17:50.46976+00
Questionnaire/104455,ea1c21de-c6e4-400e-a549-49aaddddf3fe,7566ef08-84f3-46eb-8cbd-37ce22bdffb4,0eb40af8-ddd0-4d8e-85a5-d3b3bb1022e7,a28a1a10-d6ab-45f2-84f3-8ab4db7850b2,92dd11a8-2635-476b-a8d0-573cf74d4487,0eb40af8-ddd0-4d8e-85a5-d3b3bb1022e7,e22f62dc-f531-418c-a13d-10385b0f0c4f,2.0.0-engage,4b4d6ad0-d17e-4c87-abb8-171254e6bea7,,,,,,,,,,,,,,,,,,,546355d2-d6d6-4c31-a4c3-c6de4be9074c,,,draft,,,2025-09-11 15:17:50.46976+00
Questionnaire/104455,050a9151-2e75-4d04-9920-a5da645dae85,c0570b8a-e2bd-4561-8085-2074711bf747,0eb40af8-ddd0-4d8e-85a5-d3b3bb1022e7,a28a1a10-d6ab-45f2-84f3-8ab4db7850b2,92dd11a8-2635-476b-a8d0-573cf74d4487,0eb40af8-ddd0-4d8e-85a5-d3b3bb1022e7,e22f62dc-f531-418c-a13d-10385b0f0c4f,2.0.2-engage,4b72711b-5b5d-433d-bcbd-bd05b84e7425,,,,,,,,,,,,,,,,,,,99221dd7-9e63-4b6d-a41c-9a2b64226a3e,,,draft,,,2025-09-11 15:17:50.46976+00
Questionnaire/104455,132928bb-0d7a-4231-a62c-e426fb02bac0,471d16c6-74eb-4dcc-bbf7-15b0a555237c,0eb40af8-ddd0-4d8e-85a5-d3b3bb1022e7,a28a1a10-d6ab-45f2-84f3-8ab4db7850b2,92dd11a8-2635-476b-a8d0-573cf74d4487,0eb40af8-ddd0-4d8e-85a5-d3b3bb1022e7,e22f62dc-f531-418c-a13d-10385b0f0c4f,2.0.0-engage,4c45cbe0-a7aa-4e1b-9256-6177f37bd8c5,,,,,,,,,,,,,,,,,,,c8213464-68ab-43de-b7a5-318856dfc9dd,,,draft,,,2025-09-11 15:17:50.46976+00
Questionnaire/104455,fffa753b-b871-430f-acdf-e16dd47ab2bb,36f84c65-0873-4387-b607-fd88f9adfc01,0eb40af8-ddd0-4d8e-85a5-d3b3bb1022e7,a28a1a10-d6ab-45f2-84f3-8ab4db7850b2,92dd11a8-2635-476b-a8d0-573cf74d4487,0eb40af8-ddd0-4d8e-85a5-d3b3bb1022e7,e22f62dc-f531-418c-a13d-10385b0f0c4f,2.1.2-engage,512ff67b-dbab-476a-a0f7-12d13efac882,,,,,,,,,,,,,,,,,,,82b2baee-6313-466d-a7cf-71a454b0e5ec,,,draft,,,2025-09-11 15:17:50.46976+00
Questionnaire/104455,e738bc39-88ea-4bf7-aaa6-677fc7bb263b,8abbeeca-1128-4147-8ef5-6565ee420b77,5859d5f3-d37b-4a28-a68f-5ce1aaac611f,7a2bad81-130f-4785-8438-af7aac92fedf,602ec278-054a-473e-a553-957bd5ac8c6f,5859d5f3-d37b-4a28-a68f-5ce1aaac611f,83586171-9bac-426a-aae5-798bf548e15e,2.0.2-engage,51e0d079-3d6e-44f3-8ffe-1039862baf4e,,,,,,,,,,,,,,,,,,,10da9d0b-0c39-401e-b100-6bed6dc0f38b,,,draft,,,2025-09-11 15:17:50.46976+00
Questionnaire/104455,2366eacb-4422-4cc7-931c-e05e6ea2d139,fa7ad57a-fcb8-4066-a7da-2864b01f655d,0eb40af8-ddd0-4d8e-85a5-d3b3bb1022e7,a28a1a10-d6ab-45f2-84f3-8ab4db7850b2,92dd11a8-2635-476b-a8d0-573cf74d4487,0eb40af8-ddd0-4d8e-85a5-d3b3bb1022e7,e22f62dc-f531-418c-a13d-10385b0f0c4f,2.1.2-engage,52c316c1-8607-40e7-839d-46723e0131f1,,,,,,,,,,,,,,,,,,,92d8003b-6622-4137-a26c-6b6fa4f67c88,,,draft,,,2025-09-11 15:17:50.46976+00
Questionnaire/104455,de987adc-1434-4a68-b88b-39311628ed70,c12299c4-300c-4964-92ea-b5163149bea8,0eb40af8-ddd0-4d8e-85a5-d3b3bb1022e7,a28a1a10-d6ab-45f2-84f3-8ab4db7850b2,92dd11a8-2635-476b-a8d0-573cf74d4487,0eb40af8-ddd0-4d8e-85a5-d3b3bb1022e7,e22f62dc-f531-418c-a13d-10385b0f0c4f,2.1.2-engage,5364b97f-4e0c-4aca-bfcf-96092ea4b9ef,,,,,,,,,,,,,,,,,,,2c7ae01e-f744-4674-9909-624d7ba5f425,,,draft,,,2025-09-11 15:17:50.46976+00
Questionnaire/104455,f1734e7d-7f91-47ff-92a6-5da027eaca3b,,0eb40af8-ddd0-4d8e-85a5-d3b3bb1022e7,Not defined,92dd11a8-2635-476b-a8d0-573cf74d4487,0eb40af8-ddd0-4d8e-85a5-d3b3bb1022e7,d66f38ae-e5e7-4456-ae85-331284676dc6,Not defined,541f14fe-9f89-4c3d-bca2-ef52aa15427e,,,,,,,,,,,,,,,,,,,,,,,,,2025-09-11 15:17:50.46976+00
Questionnaire/104455,d94d73b1-1876-45e3-880e-4f1264e68423,e9c2a6cb-2af3-4bc2-b6cb-0aa766165b90,0eb40af8-ddd0-4d8e-85a5-d3b3bb1022e7,a28a1a10-d6ab-45f2-84f3-8ab4db7850b2,92dd11a8-2635-476b-a8d0-573cf74d4487,0eb40af8-ddd0-4d8e-85a5-d3b3bb1022e7,e22f62dc-f531-418c-a13d-10385b0f0c4f,2.0.1-engage,54accd21-138c-455f-aa83-14aecc13a365,,,,,,,,,,,,,,,,,,,91c65656-b66d-4102-a22f-b90c09a05c80,,,draft,,,2025-09-11 15:17:50.46976+00
Questionnaire/104455,510410b8-057b-40d9-9f3b-703ad6fdca90,5d59336d-03bd-47a5-aa83-0a00941dd66f,0eb40af8-ddd0-4d8e-85a5-d3b3bb1022e7,a28a1a10-d6ab-45f2-84f3-8ab4db7850b2,92dd11a8-2635-476b-a8d0-573cf74d4487,0eb40af8-ddd0-4d8e-85a5-d3b3bb1022e7,e22f62dc-f531-418c-a13d-10385b0f0c4f,2.0.1-engage,565520a7-275d-4910-90cd-1e0bb27430be,,,,,,,,,,,,,,,,,,,45ece0eb-ad1b-4875-9fe2-5fb5d123662a,,,draft,,,2025-09-11 15:17:50.46976+00
Questionnaire/104455,bda7766b-ccb0-4dcf-a24d-e298f084826f,60637b8b-5ea8-4fe1-8cd2-f074d3abebd7,0eb40af8-ddd0-4d8e-85a5-d3b3bb1022e7,a28a1a10-d6ab-45f2-84f3-8ab4db7850b2,92dd11a8-2635-476b-a8d0-573cf74d4487,0eb40af8-ddd0-4d8e-85a5-d3b3bb1022e7,e22f62dc-f531-418c-a13d-10385b0f0c4f,2.1.2-engage,583c402d-5c10-4d66-b328-427a95d1619f,,,,,,,,,,,,,,,,,,,810c8e10-6ddd-49eb-b917-b68867000550,,,draft,,,2025-09-11 15:17:50.46976+00
Questionnaire/104455,bdd8a24c-0587-47db-9ec0-bbe4e08de64d,9d34d06b-6347-4c0e-96d2-f33077eeb31d,5859d5f3-d37b-4a28-a68f-5ce1aaac611f,7a2bad81-130f-4785-8438-af7aac92fedf,602ec278-054a-473e-a553-957bd5ac8c6f,5859d5f3-d37b-4a28-a68f-5ce1aaac611f,83586171-9bac-426a-aae5-798bf548e15e,2.0.2-engage,5a68a5c7-0f49-4901-8c07-56243c20b000,,,,,,,,,,,,,,,,,,,2839f9a1-cbd3-4150-b140-8a201ae57602,,,draft,,,2025-09-11 15:17:50.46976+00
Questionnaire/104455,268ddaa5-a36a-457e-8b5d-69900be9ac86,f2208088-11ae-498f-89f0-301a335e9aa4,0eb40af8-ddd0-4d8e-85a5-d3b3bb1022e7,a28a1a10-d6ab-45f2-84f3-8ab4db7850b2,92dd11a8-2635-476b-a8d0-573cf74d4487,0eb40af8-ddd0-4d8e-85a5-d3b3bb1022e7,e22f62dc-f531-418c-a13d-10385b0f0c4f,2.0.0-engage,5be13d5f-1015-47d9-9ebf-0e0e02cbcd66,,,,,,,,,,,,,,,,,,,ced46a31-e23b-4b6a-be72-7326296a4949,,,draft,,,2025-09-11 15:17:50.46976+00
Questionnaire/104455,e61eb723-20f2-4ae5-9191-27d7741a71a4,,0eb40af8-ddd0-4d8e-85a5-d3b3bb1022e7,a28a1a10-d6ab-45f2-84f3-8ab4db7850b2,92dd11a8-2635-476b-a8d0-573cf74d4487,0eb40af8-ddd0-4d8e-85a5-d3b3bb1022e7,e22f62dc-f531-418c-a13d-10385b0f0c4f,2.0.0-engage,5c1bb4bf-7185-499a-ad68-ba2384406b94,,,,,,,,,,,,,,,,,,bfaa7cc5-d268-4d49-bfbb-d4306cb2928a,498ff438-68d3-48c0-ae76-e1b6d4c600fd,,,completed,,,2025-09-11 15:17:50.46976+00
Questionnaire/104455,b8fa7d58-0957-4978-a94a-f6680ee30251,95c70e9a-43fe-405f-90ac-055ffbde2028,5859d5f3-d37b-4a28-a68f-5ce1aaac611f,7a2bad81-130f-4785-8438-af7aac92fedf,602ec278-054a-473e-a553-957bd5ac8c6f,5859d5f3-d37b-4a28-a68f-5ce1aaac611f,83586171-9bac-426a-aae5-798bf548e15e,2.0.2-engage,6524caca-32ae-40ce-9f81-2d6ae503c822,,,,,,,,,,,,,,,,,,,3a719f91-5e55-4374-ab90-0e4d2fd2e6c5,,,draft,,,2025-09-11 15:17:50.46976+00
Questionnaire/104455,6d332cf7-21b3-44de-8260-bad262c62f31,d727f542-92c4-4cae-b030-2f60cd7a63f4,0eb40af8-ddd0-4d8e-85a5-d3b3bb1022e7,a28a1a10-d6ab-45f2-84f3-8ab4db7850b2,92dd11a8-2635-476b-a8d0-573cf74d4487,0eb40af8-ddd0-4d8e-85a5-d3b3bb1022e7,e22f62dc-f531-418c-a13d-10385b0f0c4f,2.1.2-engage,67e36daf-8f53-4cea-9a06-3d1cb3ded149,,,,,,,,,,,,,,,,,,,2e09cc46-f8ac-4375-8e3e-a6ecc9b421c3,,,draft,,,2025-09-11 15:17:50.46976+00
Questionnaire/104455,5e684230-b8b9-4318-b780-1a3e5f898f1c,501871a8-a686-482b-81d7-49a00b0edbf7,0eb40af8-ddd0-4d8e-85a5-d3b3bb1022e7,a28a1a10-d6ab-45f2-84f3-8ab4db7850b2,92dd11a8-2635-476b-a8d0-573cf74d4487,0eb40af8-ddd0-4d8e-85a5-d3b3bb1022e7,e22f62dc-f531-418c-a13d-10385b0f0c4f,2.0.1-engage,6b7b1f23-15dd-41dc-bce7-1434f8d6198d,,,,,,,,,,,,,,,,,,501871a8-a686-482b-81d7-49a00b0edbf7,1bea850e-3216-45da-81c7-0af9017abad1,,,ready,,,2025-09-11 15:17:50.46976+00
Questionnaire/104455,de3c5ca3-961e-4f7e-aaf2-45bc2b3ad1f9,d0710650-6e54-4097-b96b-db0fd68a947e,0eb40af8-ddd0-4d8e-85a5-d3b3bb1022e7,a28a1a10-d6ab-45f2-84f3-8ab4db7850b2,92dd11a8-2635-476b-a8d0-573cf74d4487,0eb40af8-ddd0-4d8e-85a5-d3b3bb1022e7,e22f62dc-f531-418c-a13d-10385b0f0c4f,2.0.0-engage,6cdb0643-17c2-430d-bbd6-00eacd8859da,,,,,,,,,,,,,,,,,,,fe9b8f30-d808-4e95-932b-3aa29ee3959e,,,draft,,,2025-09-11 15:17:50.46976+00
Questionnaire/104455,c3b6f429-d7bd-4b8d-9c3d-d694c9a5db04,,0eb40af8-ddd0-4d8e-85a5-d3b3bb1022e7,Not defined,92dd11a8-2635-476b-a8d0-573cf74d4487,0eb40af8-ddd0-4d8e-85a5-d3b3bb1022e7,e22f62dc-f531-418c-a13d-10385b0f0c4f,Not defined,76eba864-05c3-466e-9fde-4051fe11462a,,,,,,,,,,,,,,,,,,,,,,,,,2025-09-11 15:17:50.46976+00
Questionnaire/104455,e61eb723-20f2-4ae5-9191-27d7741a71a4,bfaa7cc5-d268-4d49-bfbb-d4306cb2928a,0eb40af8-ddd0-4d8e-85a5-d3b3bb1022e7,a28a1a10-d6ab-45f2-84f3-8ab4db7850b2,92dd11a8-2635-476b-a8d0-573cf74d4487,0eb40af8-ddd0-4d8e-85a5-d3b3bb1022e7,e22f62dc-f531-418c-a13d-10385b0f0c4f,2.0.0-engage,770abfe2-d02d-404b-8ce0-d88c18da9fea,,,,,,,,,,,,,,,,,,,498ff438-68d3-48c0-ae76-e1b6d4c600fd,,,draft,,,2025-09-11 15:17:50.46976+00
Questionnaire/104455,a576bd48-9e02-484b-87af-ea6c6def9689,e65f438b-fa13-4ccc-a954-5a4b0bd21cce,5859d5f3-d37b-4a28-a68f-5ce1aaac611f,7a2bad81-130f-4785-8438-af7aac92fedf,602ec278-054a-473e-a553-957bd5ac8c6f,5859d5f3-d37b-4a28-a68f-5ce1aaac611f,83586171-9bac-426a-aae5-798bf548e15e,2.0.2-engage,78096e46-bf86-4b03-a6e4-424fc9706eef,,,,,,,,,,,,,,,,,,,522ddfc3-b2e3-47eb-a7e3-f21f529aa4fa,,,draft,,,2025-09-11 15:17:50.46976+00
Questionnaire/104455,c93462de-bcd1-4c18-b75a-7a84dc3be2e6,f31afc4d-0c5e-45b2-aecb-7e7bb71022f8,0eb40af8-ddd0-4d8e-85a5-d3b3bb1022e7,a28a1a10-d6ab-45f2-84f3-8ab4db7850b2,92dd11a8-2635-476b-a8d0-573cf74d4487,0eb40af8-ddd0-4d8e-85a5-d3b3bb1022e7,e22f62dc-f531-418c-a13d-10385b0f0c4f,2.0.0-engage,7b6102e2-083e-4350-9043-34d2949670f0,,,,,,,,,,,,,,,,,,,ff486211-3ee0-4655-8276-f8d0001d387e,,,draft,,,2025-09-11 15:17:50.46976+00
Questionnaire/104455,00a378d0-4a01-49fd-8d08-7a926547bb7c,,0eb40af8-ddd0-4d8e-85a5-d3b3bb1022e7,Not defined,92dd11a8-2635-476b-a8d0-573cf74d4487,0eb40af8-ddd0-4d8e-85a5-d3b3bb1022e7,d66f38ae-e5e7-4456-ae85-331284676dc6,Not defined,7b70686c-c28c-496b-adb9-78c1e97cf3c8,,,,,,,,,,,,,,,,,,,,,,,,,2025-09-11 15:17:50.46976+00
Questionnaire/104455,10b78ff6-531c-444a-aab8-31ca74abdff5,0c2813f4-1cf6-4f20-8320-9b2787df85cd,0eb40af8-ddd0-4d8e-85a5-d3b3bb1022e7,a28a1a10-d6ab-45f2-84f3-8ab4db7850b2,92dd11a8-2635-476b-a8d0-573cf74d4487,0eb40af8-ddd0-4d8e-85a5-d3b3bb1022e7,e22f62dc-f531-418c-a13d-10385b0f0c4f,2.1.2-engage,7d6d5992-2ada-4be7-ab53-f2aa44c5840a,,,,,,,,,,,,,,,,,,,efff8405-6323-46e9-b3a3-2c5be21427ed,,,draft,,,2025-09-11 15:17:50.46976+00
Questionnaire/104455,240c116a-be0b-4703-8d27-165e51d8ccc1,ceaf914c-d8c8-4d17-a6b1-27d9b8bfecf7,0eb40af8-ddd0-4d8e-85a5-d3b3bb1022e7,a28a1a10-d6ab-45f2-84f3-8ab4db7850b2,92dd11a8-2635-476b-a8d0-573cf74d4487,0eb40af8-ddd0-4d8e-85a5-d3b3bb1022e7,e22f62dc-f531-418c-a13d-10385b0f0c4f,2.0.0-engage,80208187-5471-474b-94c6-97e1c266eff8,,,,,,,,,,,,,,,,,,,6916f68b-87b1-4b10-af0a-e22662122619,,,draft,,,2025-09-11 15:17:50.46976+00
Questionnaire/104455,e22e6fe4-40eb-4876-8774-1aadc2c36b05,9ede3ee1-764c-436b-9815-bb584771ee28,0eb40af8-ddd0-4d8e-85a5-d3b3bb1022e7,a28a1a10-d6ab-45f2-84f3-8ab4db7850b2,92dd11a8-2635-476b-a8d0-573cf74d4487,0eb40af8-ddd0-4d8e-85a5-d3b3bb1022e7,e22f62dc-f531-418c-a13d-10385b0f0c4f,2.0.0-engage,8717055b-6c75-46cd-96fa-0f6ff94eb3f0,,,,,,,,,,,,,,,,,,,602bd547-dedc-43c4-9fe1-41b47a845c04,,,draft,,,2025-09-11 15:17:50.46976+00
Questionnaire/104455,32213fd2-91a8-4e27-9857-3a72291828f8,1c5a353a-026f-4ed2-8310-2808a490cbe9,0eb40af8-ddd0-4d8e-85a5-d3b3bb1022e7,a28a1a10-d6ab-45f2-84f3-8ab4db7850b2,92dd11a8-2635-476b-a8d0-573cf74d4487,0eb40af8-ddd0-4d8e-85a5-d3b3bb1022e7,e22f62dc-f531-418c-a13d-10385b0f0c4f,2.0.1-engage,8731e8a7-e6fa-48e2-a58d-51702c6fa300,,,,,,,,,,,,,,,,,,,a9e2f104-2c7d-440b-99f6-2a42c147c577,,,draft,,,2025-09-11 15:17:50.46976+00
Questionnaire/104455,43068428-78ef-4434-b1d8-c8c6c2da1cfb,07d72952-f8ec-4867-8cef-c1ee1d16cc93,0eb40af8-ddd0-4d8e-85a5-d3b3bb1022e7,a28a1a10-d6ab-45f2-84f3-8ab4db7850b2,92dd11a8-2635-476b-a8d0-573cf74d4487,0eb40af8-ddd0-4d8e-85a5-d3b3bb1022e7,e22f62dc-f531-418c-a13d-10385b0f0c4f,2.0.1-engage,88c3bb55-718f-4116-abc3-39ce10aec1bc,,,,,,,,,,,,,,,,,,,83f66bcd-75db-406d-9e3c-c0265bb89c65,,,draft,,,2025-09-11 15:17:50.46976+00
Questionnaire/104455,d6c01379-7806-4b17-a619-987538fc515b,d925bab7-fdea-4e62-9759-7d0b5961ca04,5859d5f3-d37b-4a28-a68f-5ce1aaac611f,7a2bad81-130f-4785-8438-af7aac92fedf,602ec278-054a-473e-a553-957bd5ac8c6f,5859d5f3-d37b-4a28-a68f-5ce1aaac611f,83586171-9bac-426a-aae5-798bf548e15e,2.0.2-engage,8bc2d28f-71db-408f-955f-20a07df5d7b5,,,,,,,,,,,,,,,,,,,138e8c97-df30-4e00-adab-6433185410c5,,,draft,,,2025-09-11 15:17:50.46976+00
Questionnaire/104455,28fd3734-4fb0-4e83-b7d7-cd32425e43cb,,0eb40af8-ddd0-4d8e-85a5-d3b3bb1022e7,Not defined,92dd11a8-2635-476b-a8d0-573cf74d4487,0eb40af8-ddd0-4d8e-85a5-d3b3bb1022e7,e22f62dc-f531-418c-a13d-10385b0f0c4f,Not defined,8eaeb7e7-000d-44a3-a646-ae93241edc73,,,,,,,,,,,,,,,,,,Encounter/5680d307-2539-4637-b92a-46ed98bc5d2e,,,,,,,2025-09-11 15:17:50.46976+00
Questionnaire/104455,ab6c478f-9bae-4e66-9ebc-4ebb79712624,7feedd57-0c4e-4249-98fc-0e81a5766910,0eb40af8-ddd0-4d8e-85a5-d3b3bb1022e7,a28a1a10-d6ab-45f2-84f3-8ab4db7850b2,92dd11a8-2635-476b-a8d0-573cf74d4487,0eb40af8-ddd0-4d8e-85a5-d3b3bb1022e7,e22f62dc-f531-418c-a13d-10385b0f0c4f,2.1.3-engage,8edbdb7c-9107-40c7-9f47-ef5ac261e727,,,,,,,,,,,,,,,,,,,0eae5b53-d26e-427a-bd5c-a45c56502922,,,draft,,,2025-09-11 15:17:50.46976+00
Questionnaire/104455,a5b53c9f-5832-43e2-9afd-810327037d2c,a3f9f0e2-432d-4ee6-a57e-07546541f717,0eb40af8-ddd0-4d8e-85a5-d3b3bb1022e7,a28a1a10-d6ab-45f2-84f3-8ab4db7850b2,92dd11a8-2635-476b-a8d0-573cf74d4487,0eb40af8-ddd0-4d8e-85a5-d3b3bb1022e7,e22f62dc-f531-418c-a13d-10385b0f0c4f,2.0.1-engage,916b354f-c1ab-40a7-97d6-78ae154f7b94,,,,,,,,,,,,,,,,,,,859ffc23-d58c-4fdf-beb9-078db15d868c,,,draft,,,2025-09-11 15:17:50.46976+00
Questionnaire/104455,1ea4ed7e-6643-4327-86ec-d60dc4c5113f,,0eb40af8-ddd0-4d8e-85a5-d3b3bb1022e7,Not defined,92dd11a8-2635-476b-a8d0-573cf74d4487,0eb40af8-ddd0-4d8e-85a5-d3b3bb1022e7,d66f38ae-e5e7-4456-ae85-331284676dc6,Not defined,99c0b224-347f-4564-80a1-8effd09bf8f7,,,,,,,,,,,,,,,,,,,,,,,,,2025-09-11 15:17:50.46976+00
Questionnaire/104455,d07e0906-774e-4ade-b81c-ac5a32f20adb,69235b91-a915-4b9a-95e4-c917da8afbd9,0eb40af8-ddd0-4d8e-85a5-d3b3bb1022e7,a28a1a10-d6ab-45f2-84f3-8ab4db7850b2,92dd11a8-2635-476b-a8d0-573cf74d4487,0eb40af8-ddd0-4d8e-85a5-d3b3bb1022e7,e22f62dc-f531-418c-a13d-10385b0f0c4f,2.0.0-engage,9caed72d-653c-4201-8b4d-5bf14c6402b0,,,,,,,,,,,,,,,,,,,132c3d37-fa2d-44c6-87d6-c7095dcaf844,,,draft,,,2025-09-11 15:17:50.46976+00
Questionnaire/104455,00a378d0-4a01-49fd-8d08-7a926547bb7c,,0eb40af8-ddd0-4d8e-85a5-d3b3bb1022e7,Not defined,92dd11a8-2635-476b-a8d0-573cf74d4487,0eb40af8-ddd0-4d8e-85a5-d3b3bb1022e7,d66f38ae-e5e7-4456-ae85-331284676dc6,Not defined,9db6a6c3-ea34-4f27-8c96-33178803e434,,,,,,,,,,,,,,,,,,,,,,,,,2025-09-11 15:17:50.46976+00
Questionnaire/104455,f01aa0d5-7e65-4f61-a787-ab4dd2535fa6,,0eb40af8-ddd0-4d8e-85a5-d3b3bb1022e7,Not defined,92dd11a8-2635-476b-a8d0-573cf74d4487,0eb40af8-ddd0-4d8e-85a5-d3b3bb1022e7,e22f62dc-f531-418c-a13d-10385b0f0c4f,Not defined,9edfb83b-a176-4e6e-9dd1-dd80bbfb9a8b,,,,,,,,,,,,,,,,,,,Task/01c95d59-f02d-4f29-b3fd-89399193d425/_history/1,Task/8c7b71a3-b9b8-4c13-bc83-8737cf60a0b0/_history/1,Task/4ee4ed2e-938d-4495-8780-317302f7bb42/_history/1,draft,draft,draft,2025-09-11 15:17:50.46976+00
Questionnaire/104455,27cdd4bb-01e1-4be9-b470-5061031d62a4,bce302ac-8970-4b42-bfd7-8ef677cf7e76,0eb40af8-ddd0-4d8e-85a5-d3b3bb1022e7,a28a1a10-d6ab-45f2-84f3-8ab4db7850b2,92dd11a8-2635-476b-a8d0-573cf74d4487,0eb40af8-ddd0-4d8e-85a5-d3b3bb1022e7,e22f62dc-f531-418c-a13d-10385b0f0c4f,2.0.1-engage,a8640836-e938-42c1-a7e5-f76bf40cc097,,,,,,,,,,,,,,,,,,,04327e1b-4eab-45e6-8c5d-0f9e860c1932,,,draft,,,2025-09-11 15:17:50.46976+00
Questionnaire/104455,94a355a2-1096-4e29-b3e2-b37cdf1fadb9,b7b64e63-6350-46d1-9799-02cd995a0399,0eb40af8-ddd0-4d8e-85a5-d3b3bb1022e7,a28a1a10-d6ab-45f2-84f3-8ab4db7850b2,92dd11a8-2635-476b-a8d0-573cf74d4487,0eb40af8-ddd0-4d8e-85a5-d3b3bb1022e7,e22f62dc-f531-418c-a13d-10385b0f0c4f,2.0.0-engage,adbbb2ed-d307-4b86-bfcb-546f2fb0112c,,,,,,,,,,,,,,,,,,,92e41e00-964e-459b-a7fb-2f026f251aea,,,draft,,,2025-09-11 15:17:50.46976+00
Questionnaire/104455,28fd3734-4fb0-4e83-b7d7-cd32425e43cb,,0eb40af8-ddd0-4d8e-85a5-d3b3bb1022e7,Not defined,92dd11a8-2635-476b-a8d0-573cf74d4487,0eb40af8-ddd0-4d8e-85a5-d3b3bb1022e7,e22f62dc-f531-418c-a13d-10385b0f0c4f,Not defined,afd5bf6e-f5b8-42c7-a1b4-6b810477303b,,,,,,,,,,,,,,,,,,Encounter/5680d307-2539-4637-b92a-46ed98bc5d2e,,,,,,,2025-09-11 15:17:50.46976+00
Questionnaire/104455,8bf25616-5ab0-4f7a-ad46-bede3eb516b9,e5a77b40-e999-4bd2-9955-484a690223b7,0eb40af8-ddd0-4d8e-85a5-d3b3bb1022e7,a28a1a10-d6ab-45f2-84f3-8ab4db7850b2,92dd11a8-2635-476b-a8d0-573cf74d4487,0eb40af8-ddd0-4d8e-85a5-d3b3bb1022e7,e22f62dc-f531-418c-a13d-10385b0f0c4f,2.0.2-engage,b182cdaf-3ac8-451e-bfc4-a31043e9e355,,,,,,,,,,,,,,,,,,,acd0e812-478d-4b57-a192-219942df7d5d,,,draft,,,2025-09-11 15:17:50.46976+00
Questionnaire/104455,b4d46598-51d8-4d2d-9c34-e3ef9aa44632,250f1f56-d6ee-43c7-a0ff-33a816a57ab5,0eb40af8-ddd0-4d8e-85a5-d3b3bb1022e7,a28a1a10-d6ab-45f2-84f3-8ab4db7850b2,92dd11a8-2635-476b-a8d0-573cf74d4487,0eb40af8-ddd0-4d8e-85a5-d3b3bb1022e7,e22f62dc-f531-418c-a13d-10385b0f0c4f,2.0.1-engage,b38c5185-8a06-433d-9044-1a530476235b,,,,,,,,,,,,,,,,,,,a71e4699-6c3b-4e76-b6ac-3fa5aadc3656,,,draft,,,2025-09-11 15:17:50.46976+00
Questionnaire/104455,8ec9d34c-0cce-4cd8-a0f1-1e2533bc7221,a138729a-8696-4460-a701-776bfb6b8530,0eb40af8-ddd0-4d8e-85a5-d3b3bb1022e7,a28a1a10-d6ab-45f2-84f3-8ab4db7850b2,92dd11a8-2635-476b-a8d0-573cf74d4487,0eb40af8-ddd0-4d8e-85a5-d3b3bb1022e7,e22f62dc-f531-418c-a13d-10385b0f0c4f,2.0.1-engage,b4afb8b9-b4ea-4920-8286-2c0022b15508,,,,,,,,,,,,,,,,,,,0b4b1ea5-d0f5-4f39-a1dd-dc30f28c5318,,,draft,,,2025-09-11 15:17:50.46976+00
Questionnaire/104455,4d6dc627-fb3c-4f3d-a558-f28d1152f7e4,,0eb40af8-ddd0-4d8e-85a5-d3b3bb1022e7,Not defined,92dd11a8-2635-476b-a8d0-573cf74d4487,0eb40af8-ddd0-4d8e-85a5-d3b3bb1022e7,e22f62dc-f531-418c-a13d-10385b0f0c4f,Not defined,bcfcd056-7ee3-474c-9428-d6019176f1df,,,,,,,,,,,,,,,,,,,,,,,,,2025-09-11 15:17:50.46976+00
Questionnaire/104455,4b2a93cb-d062-4ef9-aa9f-d0b10f47a50d,44b9fed8-9261-4d6d-884d-4868ed1220a6,0eb40af8-ddd0-4d8e-85a5-d3b3bb1022e7,a28a1a10-d6ab-45f2-84f3-8ab4db7850b2,92dd11a8-2635-476b-a8d0-573cf74d4487,0eb40af8-ddd0-4d8e-85a5-d3b3bb1022e7,e22f62dc-f531-418c-a13d-10385b0f0c4f,2.0.0-engage,c3921768-58fb-445a-b24d-2a40bc126ec2,,,,,,,,,,,,,,,,,,,e6c455a1-50aa-4d29-90e4-ed8b98471f1c,,,draft,,,2025-09-11 15:17:50.46976+00
Questionnaire/104455,cc7d03be-33d4-4427-932a-97ca1209462d,,0eb40af8-ddd0-4d8e-85a5-d3b3bb1022e7,a28a1a10-d6ab-45f2-84f3-8ab4db7850b2,92dd11a8-2635-476b-a8d0-573cf74d4487,0eb40af8-ddd0-4d8e-85a5-d3b3bb1022e7,e22f62dc-f531-418c-a13d-10385b0f0c4f,2.0.2-engage,c3c39150-b24c-4762-8977-cb489597b73c,,,,,,,,,,,,,,,,,,cb3afadc-379f-4610-8495-5bed7d678409,f0ef5ed4-861b-46ca-b855-aced78d5fb68,,,ready,,,2025-09-11 15:17:50.46976+00
Questionnaire/104455,a071e604-04f0-4558-8872-06aae529957a,d3f0e46e-4407-45e3-a721-72c63817acf0,0eb40af8-ddd0-4d8e-85a5-d3b3bb1022e7,a28a1a10-d6ab-45f2-84f3-8ab4db7850b2,92dd11a8-2635-476b-a8d0-573cf74d4487,0eb40af8-ddd0-4d8e-85a5-d3b3bb1022e7,e22f62dc-f531-418c-a13d-10385b0f0c4f,2.0.2-engage,c536fb9e-93ed-4bcd-b20a-161e74f5701a,,,,,,,,,,,,,,,,,,,ce2d5f88-aef8-412a-aad9-2f77198f6f29,,,draft,,,2025-09-11 15:17:50.46976+00
Questionnaire/104455,1ea4ed7e-6643-4327-86ec-d60dc4c5113f,,0eb40af8-ddd0-4d8e-85a5-d3b3bb1022e7,Not defined,92dd11a8-2635-476b-a8d0-573cf74d4487,0eb40af8-ddd0-4d8e-85a5-d3b3bb1022e7,d66f38ae-e5e7-4456-ae85-331284676dc6,Not defined,c72ee47c-eab2-4eb0-8c70-5ed99182fdaa,,,,,,,,,,,,,,,,,,,,,,,,,2025-09-11 15:17:50.46976+00
Questionnaire/104455,7e999d45-2828-4490-ae01-ff29f63a2aac,d8c3a6c9-4a6d-4498-bf4a-d8e5a1915071,0eb40af8-ddd0-4d8e-85a5-d3b3bb1022e7,a28a1a10-d6ab-45f2-84f3-8ab4db7850b2,92dd11a8-2635-476b-a8d0-573cf74d4487,0eb40af8-ddd0-4d8e-85a5-d3b3bb1022e7,e22f62dc-f531-418c-a13d-10385b0f0c4f,2.0.1-engage,c79eb2c2-5091-4805-9d07-15accb419879,,,,,,,,,,,,,,,,,,,b96f6e63-266b-4535-a353-d02d9c394023,,,draft,,,2025-09-11 15:17:50.46976+00
Questionnaire/104455,af047a8f-1db2-4b9f-9cf0-2f716e519352,136c8432-0a60-44f3-8b31-be258ea661d0,0eb40af8-ddd0-4d8e-85a5-d3b3bb1022e7,a28a1a10-d6ab-45f2-84f3-8ab4db7850b2,92dd11a8-2635-476b-a8d0-573cf74d4487,0eb40af8-ddd0-4d8e-85a5-d3b3bb1022e7,e22f62dc-f531-418c-a13d-10385b0f0c4f,2.2.0-engage,c9615842-b479-4f3a-b79a-27a4ea82495f,,,,,,Jsjjwj,,Jejjwj,Owjjeje,,Jejje,,Kejwj,Oejjeh,,,Jwjjw,,91cc6de9-2618-4785-9e8b-6944f1ae7076,,,draft,,,2025-09-11 15:17:50.46976+00
Questionnaire/104455,75da1182-0ae3-4c47-a1ca-605e2f974aa3,54ca6b58-d62b-4600-bd68-473e1422b821,0eb40af8-ddd0-4d8e-85a5-d3b3bb1022e7,a28a1a10-d6ab-45f2-84f3-8ab4db7850b2,92dd11a8-2635-476b-a8d0-573cf74d4487,0eb40af8-ddd0-4d8e-85a5-d3b3bb1022e7,e22f62dc-f531-418c-a13d-10385b0f0c4f,2.0.1-engage,d0012e2c-38a8-45dc-9098-47e9cc947ba2,,,,,,,,,,,,,,,,,,,27d4710c-ca4a-4d02-8ebf-a39791042366,,,draft,,,2025-09-11 15:17:50.46976+00
Questionnaire/104455,9e2b4a3b-701e-49b2-8257-904a6db0ae6d,17265cad-73b5-4fd4-8099-a62fa6a8c05b,0eb40af8-ddd0-4d8e-85a5-d3b3bb1022e7,a28a1a10-d6ab-45f2-84f3-8ab4db7850b2,92dd11a8-2635-476b-a8d0-573cf74d4487,0eb40af8-ddd0-4d8e-85a5-d3b3bb1022e7,e22f62dc-f531-418c-a13d-10385b0f0c4f,2.2.0-engage,d447e4e6-44ac-4b19-aca3-11acaed106c4,,,,,,Kejwjiq,,Kejejj,Iejwjjw,,Jejjw,,Pwkjwj,Owjwjw,,,Ijajja,,afb64f75-21cd-4724-8144-216fcca8c7d1,,,draft,,,2025-09-11 15:17:50.46976+00
Questionnaire/104455,fca7a9ad-4115-46f5-882e-60dd4972e086,3ddc43ed-b985-4804-b801-261d20ccac73,0eb40af8-ddd0-4d8e-85a5-d3b3bb1022e7,a28a1a10-d6ab-45f2-84f3-8ab4db7850b2,92dd11a8-2635-476b-a8d0-573cf74d4487,0eb40af8-ddd0-4d8e-85a5-d3b3bb1022e7,e22f62dc-f531-418c-a13d-10385b0f0c4f,2.0.1-engage,d6838dcc-6fb4-4a29-ae02-705b599b776b,,,,,,,,,,,,,,,,,,,0aeb9884-b711-4343-b78e-3ac6d2f9b1d1,,,draft,,,2025-09-11 15:17:50.46976+00
Questionnaire/104455,f177e016-e1a9-4b9b-a516-969c5b98301e,25ea0fac-d643-4794-8a8a-0aa887787a8b,0eb40af8-ddd0-4d8e-85a5-d3b3bb1022e7,a28a1a10-d6ab-45f2-84f3-8ab4db7850b2,92dd11a8-2635-476b-a8d0-573cf74d4487,0eb40af8-ddd0-4d8e-85a5-d3b3bb1022e7,e22f62dc-f531-418c-a13d-10385b0f0c4f,2.0.0-engage,d6ac922b-55a0-421b-b8ad-5125240e2277,,,,,,,,,,,,,,,,,,,fdf9a715-bfae-43ac-bd34-2373cfb7da14,,,draft,,,2025-09-11 15:17:50.46976+00
Questionnaire/104455,3e032d50-8563-4bbf-b997-57c65d4342fc,,0eb40af8-ddd0-4d8e-85a5-d3b3bb1022e7,Not defined,92dd11a8-2635-476b-a8d0-573cf74d4487,0eb40af8-ddd0-4d8e-85a5-d3b3bb1022e7,d66f38ae-e5e7-4456-ae85-331284676dc6,Not defined,d6de96cd-58b8-44e7-a369-082d002af17a,,,,,,,,,,,,,,,,,,,,,,,,,2025-09-11 15:17:50.46976+00
Questionnaire/104455,bac32ad1-5352-4fe3-8bec-bc432c552930,f204c9a2-54e0-4a4e-801f-b91288e40ef9,0eb40af8-ddd0-4d8e-85a5-d3b3bb1022e7,a28a1a10-d6ab-45f2-84f3-8ab4db7850b2,92dd11a8-2635-476b-a8d0-573cf74d4487,0eb40af8-ddd0-4d8e-85a5-d3b3bb1022e7,e22f62dc-f531-418c-a13d-10385b0f0c4f,2.0.1-engage,d733d8e2-0c60-41b3-94a1-9eae1bdcbf59,,,,,,,,,,,,,,,,,,,e0fb936e-cfd2-4f12-b456-da9484454ab9,,,draft,,,2025-09-11 15:17:50.46976+00
Questionnaire/104455,00a378d0-4a01-49fd-8d08-7a926547bb7c,,0eb40af8-ddd0-4d8e-85a5-d3b3bb1022e7,Not defined,92dd11a8-2635-476b-a8d0-573cf74d4487,0eb40af8-ddd0-4d8e-85a5-d3b3bb1022e7,d66f38ae-e5e7-4456-ae85-331284676dc6,Not defined,d828ff7c-b047-4cb1-b58e-4babbc618109,,,,,,Going through a list of things nothing settled ,,,,,,,,,,,,,,,,,,,2025-09-11 15:17:50.46976+00
Questionnaire/104455,374cfa8e-9a53-4c82-8160-1c7fb698024f,21850b25-0727-41de-ac17-054e0e5812be,5859d5f3-d37b-4a28-a68f-5ce1aaac611f,7a2bad81-130f-4785-8438-af7aac92fedf,602ec278-054a-473e-a553-957bd5ac8c6f,5859d5f3-d37b-4a28-a68f-5ce1aaac611f,83586171-9bac-426a-aae5-798bf548e15e,2.0.2-engage,d9b46d3d-ebef-48d3-8791-1fa332c4cd0c,,,,,,,,,,,,,,,,,,,25a3d6ad-4922-4376-b6f1-27f396ec4885,,,draft,,,2025-09-11 15:17:50.46976+00
Questionnaire/104455,50964f10-27ac-4c89-8543-5d400105a43d,c44c8037-435e-4ac8-b527-693a7b44a427,0eb40af8-ddd0-4d8e-85a5-d3b3bb1022e7,a28a1a10-d6ab-45f2-84f3-8ab4db7850b2,92dd11a8-2635-476b-a8d0-573cf74d4487,0eb40af8-ddd0-4d8e-85a5-d3b3bb1022e7,e22f62dc-f531-418c-a13d-10385b0f0c4f,2.1.3-engage,da91e9d5-4b4e-48dd-9544-dd9ef5783b65,,,,,,,,,,,,,,,,,,,79be1908-b31b-492f-b9ec-70c5afc0cb9e,,,draft,,,2025-09-11 15:17:50.46976+00
Questionnaire/104455,f05564a1-4de7-4680-a17d-5ba329329f6c,5265af55-ba2b-471a-91ff-3deee7142180,0eb40af8-ddd0-4d8e-85a5-d3b3bb1022e7,a28a1a10-d6ab-45f2-84f3-8ab4db7850b2,92dd11a8-2635-476b-a8d0-573cf74d4487,0eb40af8-ddd0-4d8e-85a5-d3b3bb1022e7,e22f62dc-f531-418c-a13d-10385b0f0c4f,2.2.0-engage,e2c3c7eb-af5a-46d7-98af-2be0ac324d96,,,,,,,,,,,,,,,,,,,41593402-8cca-4b64-b8ee-4363f292ce7a,,,draft,,,2025-09-11 15:17:50.46976+00
Questionnaire/104455,ca8eb729-2d92-42c2-8596-b627cc236883,ac474302-4c38-47eb-b973-04642aae6d78,0eb40af8-ddd0-4d8e-85a5-d3b3bb1022e7,a28a1a10-d6ab-45f2-84f3-8ab4db7850b2,92dd11a8-2635-476b-a8d0-573cf74d4487,0eb40af8-ddd0-4d8e-85a5-d3b3bb1022e7,e22f62dc-f531-418c-a13d-10385b0f0c4f,2.0.0-engage,e768efb9-bb43-4db2-8e2d-e39766b23bd1,,,,,,,,,,,,,,,,,,,6f8e8dfe-c2f6-4221-94b1-66b464ceb1d8,,,draft,,,2025-09-11 15:17:50.46976+00
Questionnaire/104455,50964f10-27ac-4c89-8543-5d400105a43d,,0eb40af8-ddd0-4d8e-85a5-d3b3bb1022e7,a28a1a10-d6ab-45f2-84f3-8ab4db7850b2,92dd11a8-2635-476b-a8d0-573cf74d4487,0eb40af8-ddd0-4d8e-85a5-d3b3bb1022e7,e22f62dc-f531-418c-a13d-10385b0f0c4f,2.1.3-engage,ec406035-bfec-477a-ad42-f581080ccfb9,,,,,,,,,,,,,,,,,,c44c8037-435e-4ac8-b527-693a7b44a427,79be1908-b31b-492f-b9ec-70c5afc0cb9e,,,ready,,,2025-09-11 15:17:50.46976+00
Questionnaire/104455,a7dd698e-b70e-4f6a-8cc8-3264c77b23d3,7642d156-3596-4a66-b399-fa680c01466d,0eb40af8-ddd0-4d8e-85a5-d3b3bb1022e7,a28a1a10-d6ab-45f2-84f3-8ab4db7850b2,92dd11a8-2635-476b-a8d0-573cf74d4487,0eb40af8-ddd0-4d8e-85a5-d3b3bb1022e7,e22f62dc-f531-418c-a13d-10385b0f0c4f,2.0.0-engage,edee00bd-7910-45dc-8e74-746d771821d3,,,,,,,,,,,,,,,,,,,467996c9-8a9b-4b6a-ba10-a899fc7ff7bb,,,draft,,,2025-09-11 15:17:50.46976+00
Questionnaire/104455,2775ff73-b07b-441f-87d6-c3da17824770,ac96e09b-fd8f-4319-ba64-3d3bef02fd64,0eb40af8-ddd0-4d8e-85a5-d3b3bb1022e7,a28a1a10-d6ab-45f2-84f3-8ab4db7850b2,92dd11a8-2635-476b-a8d0-573cf74d4487,0eb40af8-ddd0-4d8e-85a5-d3b3bb1022e7,e22f62dc-f531-418c-a13d-10385b0f0c4f,2.0.0-engage,f4aad5aa-8dde-4884-9c28-a29418a90998,,,,,,,,,,,,,,,,,,,fa8325bb-a269-4919-b75f-72d9bf1d3396,,,draft,,,2025-09-11 15:17:50.46976+00
Questionnaire/104455,a6de8c41-ef8b-4908-981d-f21fef1d3f1d,58972233-9eaf-4c91-86a9-d8e74d69e9e9,0eb40af8-ddd0-4d8e-85a5-d3b3bb1022e7,a28a1a10-d6ab-45f2-84f3-8ab4db7850b2,92dd11a8-2635-476b-a8d0-573cf74d4487,0eb40af8-ddd0-4d8e-85a5-d3b3bb1022e7,e22f62dc-f531-418c-a13d-10385b0f0c4f,2.1.3-engage,f823ea78-48b4-46f5-9b5f-a086a28220b1,,,,,,,,,,,,,,,,,,,f74624ab-1e73-471e-8efa-27bb6985bfde,,,draft,,,2025-09-11 15:17:50.46976+00
Questionnaire/104455,400fd650-f82a-4c9b-8318-51fb5e8a816c,c6a4b0c3-1feb-4250-910e-01916039b352,0eb40af8-ddd0-4d8e-85a5-d3b3bb1022e7,a28a1a10-d6ab-45f2-84f3-8ab4db7850b2,92dd11a8-2635-476b-a8d0-573cf74d4487,0eb40af8-ddd0-4d8e-85a5-d3b3bb1022e7,e22f62dc-f531-418c-a13d-10385b0f0c4f,2.0.0-engage,fb7e1d60-7697-45d4-8524-c15dc762f06d,,,,,,,,,,,,,,,,,,,49b25007-2d55-4fb8-a2f9-73a29b80f860,,,draft,,,2025-09-11 15:17:50.46976+00
Questionnaire/104455,e8bcf0bd-be23-4df6-90bb-9de975f4de54,042b678a-cbbb-483e-899f-1066f6631141,0eb40af8-ddd0-4d8e-85a5-d3b3bb1022e7,a28a1a10-d6ab-45f2-84f3-8ab4db7850b2,92dd11a8-2635-476b-a8d0-573cf74d4487,0eb40af8-ddd0-4d8e-85a5-d3b3bb1022e7,e22f62dc-f531-418c-a13d-10385b0f0c4f,2.1.2-engage,fc8dfb8c-6033-474b-905e-33a7e5891ef8,,,,,,,,,,,,,,,,,,,af813bce-2543-48e4-aef9-6b27e95f4d78,,,draft,,,2025-09-11 15:17:50.46976+00
Questionnaire/104455,c3b6f429-d7bd-4b8d-9c3d-d694c9a5db04,,0eb40af8-ddd0-4d8e-85a5-d3b3bb1022e7,Not defined,92dd11a8-2635-476b-a8d0-573cf74d4487,0eb40af8-ddd0-4d8e-85a5-d3b3bb1022e7,e22f62dc-f531-418c-a13d-10385b0f0c4f,Not defined,fe9dfcd0-2a5b-4719-b36d-ccf254ac204e,,,,,,,,,,,,,,,,,,Encounter/046aa124-9ea6-41ca-b312-feb4952142b1,,,,,,,2025-09-11 15:17:50.46976+00
Questionnaire/104455,00a378d0-4a01-49fd-8d08-7a926547bb7c,,0eb40af8-ddd0-4d8e-85a5-d3b3bb1022e7,Not defined,92dd11a8-2635-476b-a8d0-573cf74d4487,0eb40af8-ddd0-4d8e-85a5-d3b3bb1022e7,d66f38ae-e5e7-4456-ae85-331284676dc6,Not defined,ff3a8580-1bd7-461a-99d3-5ac03a4fea4c,,,,,,,,,,,,,,,,,,,,,,,,,2025-09-11 15:17:50.46976+00
