questionnaire_id,subject_patient_id,encounter_id,author_practitioner_id,practitioner_location_id,practitioner_organization_id,practitioner_id,practitioner_careteam_id,application_version,qr_id,mood_rating_ipc,mood_rating_ipc_2,anonymized_at
Questionnaire/207,ea3133bf-ab04-4e26-ab6d-eb6cd080e206,,0eb40af8-ddd0-4d8e-85a5-d3b3bb1022e7,Not defined,92dd11a8-2635-476b-a8d0-573cf74d4487,0eb40af8-ddd0-4d8e-85a5-d3b3bb1022e7,d66f38ae-e5e7-4456-ae85-331284676dc6,Not defined,400b6a0a-ba72-40ca-bcc4-16fb37c07a46,2,2,2025-09-29 21:32:52.296254+00
Questionnaire/207,31b9e833-904c-40a9-9f74-44141230128f,,0eb40af8-ddd0-4d8e-85a5-d3b3bb1022e7,Not defined,92dd11a8-2635-476b-a8d0-573cf74d4487,0eb40af8-ddd0-4d8e-85a5-d3b3bb1022e7,d66f38ae-e5e7-4456-ae85-331284676dc6,Not defined,847eeccf-c2d2-4c43-a3b8-aa48cee280b3,4,4,2025-09-29 21:32:52.296254+00
Questionnaire/207,26c559a8-ee69-4614-89f6-854e9b41739a,,0eb40af8-ddd0-4d8e-85a5-d3b3bb1022e7,Not defined,92dd11a8-2635-476b-a8d0-573cf74d4487,0eb40af8-ddd0-4d8e-85a5-d3b3bb1022e7,d66f38ae-e5e7-4456-ae85-331284676dc6,Not defined,b63b4da1-d2b3-4f10-86dd-80a68d5526bb,3,3,2025-09-29 21:32:52.296254+00
Questionnaire/207,e3417ced-8d7e-4e00-b267-db8b5f808e7a,,0eb40af8-ddd0-4d8e-85a5-d3b3bb1022e7,Not defined,92dd11a8-2635-476b-a8d0-573cf74d4487,0eb40af8-ddd0-4d8e-85a5-d3b3bb1022e7,d66f38ae-e5e7-4456-ae85-331284676dc6,Not defined,cadffc23-4f20-46b8-8ea3-812671b2426d,7,7,2025-09-29 21:32:52.296254+00
Questionnaire/207,76769aa3-fc46-45e2-bc1d-72df0cb35625,,0eb40af8-ddd0-4d8e-85a5-d3b3bb1022e7,Not defined,92dd11a8-2635-476b-a8d0-573cf74d4487,0eb40af8-ddd0-4d8e-85a5-d3b3bb1022e7,d66f38ae-e5e7-4456-ae85-331284676dc6,Not defined,e2e06601-e80a-4c5c-ba15-7ccd86978abc,2,2,2025-09-29 21:32:52.296254+00
