questionnaire_id,subject_patient_id,encounter_id,author_practitioner_id,practitioner_location_id,practitioner_organization_id,practitioner_id,practitioner_careteam_id,application_version,qr_id,mental_wellness_tool,mental_wellness_tool_2,mental_wellness_tool_3,mental_wellness_tool_4,mental_wellness_tool_5,mental_wellness_tool_6,mental_wellness_tool_7,mental_wellness_tool_8,mental_wellness_tool_9,mental_wellness_tool_10,mental_wellness_tool_11,alcohol_problem,mental_wellness_tool_13,common_mental_health,drug_problem,mental_wellness_tool_16,many_drinks,mental_problem,patient_age,patient_biological_sex,patient_dob,patient_gender_identity,patient_how_you_think_of_yourself,patient_name,patient_pronouns,severe_mental_health,suicide_risk,task_tool_ipc,anonymized_at
Questionnaire/mw-tool-ipc-session-4,024acb92-a14d-49d1-86a4-093715bf5793,,0eb40af8-ddd0-4d8e-85a5-d3b3bb1022e7,a28a1a10-d6ab-45f2-84f3-8ab4db7850b2,92dd11a8-2635-476b-a8d0-573cf74d4487,0eb40af8-ddd0-4d8e-85a5-d3b3bb1022e7,e22f62dc-f531-418c-a13d-10385b0f0c4f,2.2.0-engage,35f6d85f-a8a6-4c47-bf31-72d65b10fa43,No,No,Monthly or less,No,No,Several days,Never,3 or 4,Yes,Several days,No,,Not at all,,,No,3 or 4,,REDACTED,REDACTED,REDACTED,REDACTED,REDACTED,REDACTED,REDACTED,,,Task/4fe1dc6f-1ca6-4f31-845f-b88122083d0b/_history/1,2025-09-29 21:32:52.296254+00
Questionnaire/mw-tool-ipc-session-4,b16a5e06-ab96-4a18-9390-2ed8f7fa9167,,0eb40af8-ddd0-4d8e-85a5-d3b3bb1022e7,a28a1a10-d6ab-45f2-84f3-8ab4db7850b2,92dd11a8-2635-476b-a8d0-573cf74d4487,0eb40af8-ddd0-4d8e-85a5-d3b3bb1022e7,e22f62dc-f531-418c-a13d-10385b0f0c4f,2.2.0-engage,449445dc-bfc8-4284-a7ef-f6245e9757d6,Yes,Yes,Between 2 and 3 times a week,Yes,Yes,Nearly every day,Weekly,5 or 6,Yes,More than half the days,Yes,,More than half the days,,,Yes,5 or 6,,REDACTED,REDACTED,REDACTED,REDACTED,REDACTED,REDACTED,REDACTED,,,Task/663a813a-792c-4e9b-abd1-588a66b36bcf/_history/1,2025-09-29 21:32:52.296254+00
Questionnaire/mw-tool-ipc-session-4,9e2b4a3b-701e-49b2-8257-904a6db0ae6d,,0eb40af8-ddd0-4d8e-85a5-d3b3bb1022e7,a28a1a10-d6ab-45f2-84f3-8ab4db7850b2,92dd11a8-2635-476b-a8d0-573cf74d4487,0eb40af8-ddd0-4d8e-85a5-d3b3bb1022e7,e22f62dc-f531-418c-a13d-10385b0f0c4f,2.2.0-engage,48940a47-cda4-4e2a-9d26-508306e48d70,No,Yes,Between 2 and 3 times a week,Yes,No,Nearly every day,Daily or almost daily,10 or more,No,More than half the days,No,,Nearly every day,,,Yes,10 or more,,REDACTED,REDACTED,REDACTED,REDACTED,REDACTED,REDACTED,REDACTED,,,Task/df06bebe-6285-4da9-9d75-9d41db5f7ad2/_history/1,2025-09-29 21:32:52.296254+00
Questionnaire/mw-tool-ipc-session-4,490964c9-24d6-4c9d-acab-71b2e6d35fe6,,0eb40af8-ddd0-4d8e-85a5-d3b3bb1022e7,a28a1a10-d6ab-45f2-84f3-8ab4db7850b2,ee1b8cf2-2f4a-447c-bbb5-d63c674aff01,0eb40af8-ddd0-4d8e-85a5-d3b3bb1022e7,e22f62dc-f531-418c-a13d-10385b0f0c4f,2.2.0-engage,51253f83-379e-4ea3-8f0e-1bdfbfb9dcda,Yes,Yes,Monthly or less,Yes,Yes,Nearly every day,Monthly,3 or 4,Yes,Nearly every day,Yes,,Nearly every day,,,Yes,3 or 4,,REDACTED,REDACTED,REDACTED,REDACTED,REDACTED,REDACTED,REDACTED,,,Task/0ff61694-0720-4b27-9cce-89bed26252ca/_history/1,2025-09-29 21:32:52.296254+00
Questionnaire/mw-tool-ipc-session-4,5ee2402d-024a-4cd3-9d2c-42124a638a7e,,0eb40af8-ddd0-4d8e-85a5-d3b3bb1022e7,a28a1a10-d6ab-45f2-84f3-8ab4db7850b2,92dd11a8-2635-476b-a8d0-573cf74d4487,0eb40af8-ddd0-4d8e-85a5-d3b3bb1022e7,e22f62dc-f531-418c-a13d-10385b0f0c4f,2.2.0-engage,7be88645-028f-4adf-bca0-e25bce34fc72,No,Yes,Monthly or less,Yes,No,Nearly every day,Weekly,7 to 9,No,More than half the days,No,,Several days,,,Yes,7 to 9,,REDACTED,REDACTED,REDACTED,REDACTED,REDACTED,REDACTED,REDACTED,,,Task/0f43364a-67e1-49c4-a2e8-17825ab9c582/_history/1,2025-09-29 21:32:52.296254+00
Questionnaire/mw-tool-ipc-session-4,9b4f31f2-b327-47c9-91c6-56082f924410,,0eb40af8-ddd0-4d8e-85a5-d3b3bb1022e7,a28a1a10-d6ab-45f2-84f3-8ab4db7850b2,92dd11a8-2635-476b-a8d0-573cf74d4487,0eb40af8-ddd0-4d8e-85a5-d3b3bb1022e7,e22f62dc-f531-418c-a13d-10385b0f0c4f,2.2.0-engage,c5b14e5d-e443-43dd-8fcb-0ae01ee3b2cf,Yes,Yes,Monthly or less,Yes,Yes,More than half the days,Once or twice,3 or 4,No,Several days,No,,Several days,,,Yes,3 or 4,,REDACTED,REDACTED,REDACTED,REDACTED,REDACTED,REDACTED,REDACTED,,,Task/59cdc4c6-98bb-4930-8339-0cb8d3644577/_history/1,2025-09-29 21:32:52.296254+00
Questionnaire/mw-tool-ipc-session-4,bd41c189-6b9e-4544-bb9d-e8cfe0a2d76b,,0eb40af8-ddd0-4d8e-85a5-d3b3bb1022e7,a28a1a10-d6ab-45f2-84f3-8ab4db7850b2,92dd11a8-2635-476b-a8d0-573cf74d4487,0eb40af8-ddd0-4d8e-85a5-d3b3bb1022e7,e22f62dc-f531-418c-a13d-10385b0f0c4f,2.2.0-engage,d80ece26-5e3e-4b91-b1a9-7b8984f3365e,Yes,Yes,Between 2 and 3 times a week,Yes,No,More than half the days,Weekly,5 or 6,Yes,Nearly every day,No,,More than half the days,,,Yes,5 or 6,,REDACTED,REDACTED,REDACTED,REDACTED,REDACTED,REDACTED,REDACTED,,,Task/06fede4d-b8f6-4690-9714-317da7f7c1d3/_history/1,2025-09-29 21:32:52.296254+00
Questionnaire/mw-tool-ipc-session-4,f05564a1-4de7-4680-a17d-5ba329329f6c,,0eb40af8-ddd0-4d8e-85a5-d3b3bb1022e7,a28a1a10-d6ab-45f2-84f3-8ab4db7850b2,92dd11a8-2635-476b-a8d0-573cf74d4487,0eb40af8-ddd0-4d8e-85a5-d3b3bb1022e7,e22f62dc-f531-418c-a13d-10385b0f0c4f,2.2.0-engage,eb00278f-615c-4d88-8966-f651a521ac27,No,No,Monthly or less,No,No,Several days,Never,1 or 2,No,Not at all,No,,Not at all,,,No,1 or 2,,REDACTED,REDACTED,REDACTED,REDACTED,REDACTED,REDACTED,REDACTED,,,Task/d5eec772-e46d-4650-af71-34a3e2affb52/_history/1,2025-09-29 21:32:52.296254+00
