questionnaire_id,subject_patient_id,encounter_id,author_practitioner_id,practitioner_location_id,practitioner_organization_id,practitioner_id,practitioner_careteam_id,application_version,qr_id,gad_place_declare_values,gad_place_declare_values_2,gad_place_declare_values_3,gad_place_declare_values_4,gad_add_family_member,gad_add_family_member_6,gad_add_family_member_7,gad_add_family_member_8,gad_place_declare_values_9,feeling_nervous,gad_gad_ipc_session,excessive_worry,trouble_relaxing,restlessness,irritability,feeling_afraid,LINK_ID_THAT_CONTAINS_ENCOUNTER_ID_AS_ANSWER,gad_place_declare_values_18
Questionnaire/202,577a67a5-1a29-46f8-951b-d7150862c0d5,e65a56b4-ec34-442c-9549-2fc9248430b9,0eb40af8-ddd0-4d8e-85a5-d3b3bb1022e7,a28a1a10-d6ab-45f2-84f3-8ab4db7850b2,92dd11a8-2635-476b-a8d0-573cf74d4487,0eb40af8-ddd0-4d8e-85a5-d3b3bb1022e7,e22f62dc-f531-418c-a13d-10385b0f0c4f,2.0.2-engage,0249e7d8-ee56-4443-89a6-ee301b351de1,severe-anxiety,21,Task/bac02603-fb14-43bf-bd6c-81a478729576/_history/1,Severe anxiety,,,,,,Nearly every day,Nearly every day,Nearly every day,Nearly every day,Nearly every day,Nearly every day,Nearly every day,,
Questionnaire/202,f177e016-e1a9-4b9b-a516-969c5b98301e,474f217b-6979-4428-ac5b-5d778e8865f2,0eb40af8-ddd0-4d8e-85a5-d3b3bb1022e7,a28a1a10-d6ab-45f2-84f3-8ab4db7850b2,92dd11a8-2635-476b-a8d0-573cf74d4487,0eb40af8-ddd0-4d8e-85a5-d3b3bb1022e7,e22f62dc-f531-418c-a13d-10385b0f0c4f,2.0.0-engage,02cd28e7-b75e-4ca1-981a-13e258f01e05,minimal-anxiety,4,Task/9d943fc7-9639-49a2-9bac-877ee62f0be5,Minimal anxiety,,,,,,Not at all,Several days,Several days,Not at all,Several days,Not at all,Several days,,
Questionnaire/202,9e2b4a3b-701e-49b2-8257-904a6db0ae6d,17b4ef2b-7d25-4ec7-858d-16064aaca5ce,0eb40af8-ddd0-4d8e-85a5-d3b3bb1022e7,a28a1a10-d6ab-45f2-84f3-8ab4db7850b2,92dd11a8-2635-476b-a8d0-573cf74d4487,0eb40af8-ddd0-4d8e-85a5-d3b3bb1022e7,e22f62dc-f531-418c-a13d-10385b0f0c4f,2.2.0-engage,035d0868-133b-4f9c-85f7-24e84482d418,severe-anxiety,19,Task/4422a1fb-8f07-4b53-93f4-1f9fa5b514cb,Severe anxiety,,,,,,More than half the days,More than half the days,Nearly every day,Nearly every day,Nearly every day,Nearly every day,Nearly every day,,
Questionnaire/202,1bf0eb10-61e0-44ca-b65e-452c34b0ae39,92b8921c-7f8c-4b66-b54a-baab61539f38,0eb40af8-ddd0-4d8e-85a5-d3b3bb1022e7,a28a1a10-d6ab-45f2-84f3-8ab4db7850b2,92dd11a8-2635-476b-a8d0-573cf74d4487,0eb40af8-ddd0-4d8e-85a5-d3b3bb1022e7,e22f62dc-f531-418c-a13d-10385b0f0c4f,2.2.0-engage,06f07a60-c0e6-4ad0-bb95-4a3594dd2557,moderate-anxiety,11,Task/7f1991fe-b7f9-4be9-819a-e69328de798a/_history/1,Moderate anxiety,,,,,,More than half the days,Several days,More than half the days,Several days,More than half the days,Several days,More than half the days,,
Questionnaire/202,1e1f06ae-a629-40ba-8f08-2513156cfca7,e87a5cad-e7ba-4a5d-ac16-d56ac62045b5,5859d5f3-d37b-4a28-a68f-5ce1aaac611f,7a2bad81-130f-4785-8438-af7aac92fedf,602ec278-054a-473e-a553-957bd5ac8c6f,5859d5f3-d37b-4a28-a68f-5ce1aaac611f,83586171-9bac-426a-aae5-798bf548e15e,2.0.2-engage,07fc2c7f-e8c8-4eb0-bc67-b9d8b88bb60b,severe-anxiety,20,Task/beec3421-a905-4c7e-b58a-0765f7135f2b,Severe anxiety,,,,,,More than half the days,Nearly every day,Nearly every day,Nearly every day,Nearly every day,Nearly every day,Nearly every day,,
Questionnaire/202,024acb92-a14d-49d1-86a4-093715bf5793,6e815f87-4dc1-4173-afb3-ccad3faa15e9,0eb40af8-ddd0-4d8e-85a5-d3b3bb1022e7,a28a1a10-d6ab-45f2-84f3-8ab4db7850b2,92dd11a8-2635-476b-a8d0-573cf74d4487,0eb40af8-ddd0-4d8e-85a5-d3b3bb1022e7,e22f62dc-f531-418c-a13d-10385b0f0c4f,2.2.0-engage,0a091010-a17b-4ece-9c92-95998c007503,severe-anxiety,21,Task/37a1aa3b-b4b8-433f-bba5-4efbd0d3ad41/_history/1,Severe anxiety,,,,,,Nearly every day,Nearly every day,Nearly every day,Nearly every day,Nearly every day,Nearly every day,Nearly every day,,
Questionnaire/202,831ac242-4faf-4866-95b5-c51f9da4d439,429d863b-06d6-4ca4-b4f1-761c1402991a,0eb40af8-ddd0-4d8e-85a5-d3b3bb1022e7,a28a1a10-d6ab-45f2-84f3-8ab4db7850b2,92dd11a8-2635-476b-a8d0-573cf74d4487,0eb40af8-ddd0-4d8e-85a5-d3b3bb1022e7,e22f62dc-f531-418c-a13d-10385b0f0c4f,2.0.0-engage,0b13df67-623e-4405-a5d9-d51f591741a3,severe-anxiety,17,Task/a1f737f8-4d44-4600-ab88-70aa48b2fcf0/_history/1,Severe anxiety,,,,,,More than half the days,Nearly every day,Nearly every day,More than half the days,Nearly every day,More than half the days,More than half the days,,
Questionnaire/202,3815ed9e-ca0e-4f6b-a35a-79e3e80fe202,cff19511-26f0-42bd-8024-3d8897ca9d3a,0eb40af8-ddd0-4d8e-85a5-d3b3bb1022e7,a28a1a10-d6ab-45f2-84f3-8ab4db7850b2,92dd11a8-2635-476b-a8d0-573cf74d4487,0eb40af8-ddd0-4d8e-85a5-d3b3bb1022e7,e22f62dc-f531-418c-a13d-10385b0f0c4f,2.0.2-engage,0e83458a-1fec-44c0-98b8-116c1e6f568f,moderate-anxiety,10,Task/cc742108-3c1e-4c81-9365-08399f1fcdf5,Moderate anxiety,,,,,,Several days,Several days,Several days,More than half the days,More than half the days,More than half the days,Several days,,
Questionnaire/202,3e032d50-8563-4bbf-b997-57c65d4342fc,,0eb40af8-ddd0-4d8e-85a5-d3b3bb1022e7,Not defined,92dd11a8-2635-476b-a8d0-573cf74d4487,0eb40af8-ddd0-4d8e-85a5-d3b3bb1022e7,d66f38ae-e5e7-4456-ae85-331284676dc6,Not defined,0eea3066-2dff-43ab-bd3f-c3b8838c96ef,,0,,Minimal anxiety,,,,,,Not at all,Not at all,Not at all,Not at all,Not at all,Not at all,Not at all,Encounter/68bbed6e-2dd9-4e32-9083-bedeaca7609f,
Questionnaire/202,00b1521a-c4bc-4806-a497-7acd76ad477a,367859ed-37fa-43ea-848b-2b66632505cf,0eb40af8-ddd0-4d8e-85a5-d3b3bb1022e7,a28a1a10-d6ab-45f2-84f3-8ab4db7850b2,92dd11a8-2635-476b-a8d0-573cf74d4487,0eb40af8-ddd0-4d8e-85a5-d3b3bb1022e7,e22f62dc-f531-418c-a13d-10385b0f0c4f,2.0.0-engage,0f9a1fa7-0a5c-4ae4-a4b4-8b30ea19bb33,moderate-anxiety,13,Task/6a68e4e3-8ad8-49ed-9ec5-891d11486338,Moderate anxiety,,,,,,More than half the days,More than half the days,Several days,More than half the days,Several days,Nearly every day,More than half the days,,
Questionnaire/202,10a5077a-a226-47dd-9deb-85eb0a468f58,,0eb40af8-ddd0-4d8e-85a5-d3b3bb1022e7,Not defined,92dd11a8-2635-476b-a8d0-573cf74d4487,0eb40af8-ddd0-4d8e-85a5-d3b3bb1022e7,d66f38ae-e5e7-4456-ae85-331284676dc6,Not defined,0fc24459-a38d-4f7a-9467-72a008ef21cf,,13,,Moderate anxiety,,,,,,Several days,More than half the days,Nearly every day,Several days,More than half the days,Nearly every day,Several days,Encounter/5968fa11-90f2-40fa-bc1d-9aea2410aea6,
Questionnaire/202,e883c55e-bb50-4f0c-9e11-8bd5138160f8,7e1f35fc-35fd-454c-8de3-bacc3a51113f,7146b21a-154f-4107-baf4-eb997ae71409,27e21b5d-c528-40d2-a44a-bc9e4fdbb703,60a2706c-ff10-4966-8fc0-54b217490646,7146b21a-154f-4107-baf4-eb997ae71409,2acfebb8-cb90-45bb-965e-1897c2274d1f,2.2.0-engage,1646f8bd-4569-48b8-a168-4161f346c5f2,mild-anxiety,6,Task/ac45e9dd-8355-4124-ae44-918c5d05b7cd,Mild anxiety,,,,,,Not at all,Several days,Several days,Several days,Several days,Several days,Several days,,
Questionnaire/202,7acefe77-c294-404e-b201-3f65b407cf4a,,0eb40af8-ddd0-4d8e-85a5-d3b3bb1022e7,Not defined,92dd11a8-2635-476b-a8d0-573cf74d4487,0eb40af8-ddd0-4d8e-85a5-d3b3bb1022e7,d66f38ae-e5e7-4456-ae85-331284676dc6,Not defined,1bde2e3a-d192-4388-9b3e-6c88d55c52ab,,10,,Moderate anxiety,,,,,,Not at all,More than half the days,Nearly every day,Not at all,Several days,More than half the days,More than half the days,Encounter/4bcf4eee-9fd0-4982-879f-138269427dd3,
Questionnaire/202,3dafa36b-430f-4040-b988-be11d85f9042,2d03bdf2-8c4e-438a-91be-138ae3cb1315,0eb40af8-ddd0-4d8e-85a5-d3b3bb1022e7,a28a1a10-d6ab-45f2-84f3-8ab4db7850b2,92dd11a8-2635-476b-a8d0-573cf74d4487,0eb40af8-ddd0-4d8e-85a5-d3b3bb1022e7,e22f62dc-f531-418c-a13d-10385b0f0c4f,2.0.2-engage,1cfd5bfe-3d16-4999-9f82-d9ce8851d24e,mild-anxiety,7,Task/c35be0e1-51e5-414b-8861-11eeb9552e3e/_history/1,Mild anxiety,,,,,,Several days,Several days,Several days,Several days,Several days,Several days,Several days,,
Questionnaire/202,ef0eaef7-f014-45a1-8624-f91b20f6e4fa,,0eb40af8-ddd0-4d8e-85a5-d3b3bb1022e7,Not defined,92dd11a8-2635-476b-a8d0-573cf74d4487,0eb40af8-ddd0-4d8e-85a5-d3b3bb1022e7,e22f62dc-f531-418c-a13d-10385b0f0c4f,Not defined,210e521a-2eb5-429c-95e5-5a3880b84b0a,,12,Task/5b4b3e66-1dbb-45d8-865f-657493a1f5e2,Moderate anxiety,,,,,,More than half the days,Nearly every day,Nearly every day,Several days,Not at all,More than half the days,Several days,,
Questionnaire/202,7ccbfbcc-3b7d-4aea-9b15-045bebd17684,62b98026-1afa-4d4e-bab1-9379215f5917,8ecda3b5-f741-4752-ba5e-0f93006aa100,1a244e58-4583-41ff-9f9c-acb14d5ee9ec,d49549fa-5068-4a6e-81fc-eb6c315d2d53,8ecda3b5-f741-4752-ba5e-0f93006aa100,02564c94-d5c0-4356-b697-ebc48a3e0412,2.2.0-engage,22256de6-abb9-463f-92a9-209ada5ab370,moderate-anxiety,14,Task/02a983e9-bda7-4ec2-9b09-9cd139b627d6,Moderate anxiety,,,,,,More than half the days,More than half the days,More than half the days,More than half the days,More than half the days,More than half the days,More than half the days,,
Questionnaire/202,024c6987-29bd-4208-bf13-814e8a387709,,0eb40af8-ddd0-4d8e-85a5-d3b3bb1022e7,Not defined,92dd11a8-2635-476b-a8d0-573cf74d4487,0eb40af8-ddd0-4d8e-85a5-d3b3bb1022e7,d66f38ae-e5e7-4456-ae85-331284676dc6,Not defined,2bc504af-5d69-46e9-8fda-9b320a3db91e,,12,,Moderate anxiety,26,1,26,1998-07-02,,More than half the days,More than half the days,More than half the days,Nearly every day,More than half the days,Several days,Not at all,,
Questionnaire/202,d1d003b5-48e5-4447-a35e-f19f209b2fcd,fcafb474-126b-4ed6-9d47-163d02ca1907,0eb40af8-ddd0-4d8e-85a5-d3b3bb1022e7,a28a1a10-d6ab-45f2-84f3-8ab4db7850b2,ee1b8cf2-2f4a-447c-bbb5-d63c674aff01,0eb40af8-ddd0-4d8e-85a5-d3b3bb1022e7,e22f62dc-f531-418c-a13d-10385b0f0c4f,2.2.0-engage,2bce218d-2158-40e9-972b-19ceee37e3e2,moderate-anxiety,10,Task/2aa74c9f-83f4-4291-858f-f18154d32127,Moderate anxiety,,,,,,Several days,More than half the days,Several days,More than half the days,Several days,More than half the days,Several days,,
Questionnaire/202,7e999d45-2828-4490-ae01-ff29f63a2aac,d787a316-8ed3-4d95-a434-3a4be0e4255b,0eb40af8-ddd0-4d8e-85a5-d3b3bb1022e7,a28a1a10-d6ab-45f2-84f3-8ab4db7850b2,92dd11a8-2635-476b-a8d0-573cf74d4487,0eb40af8-ddd0-4d8e-85a5-d3b3bb1022e7,e22f62dc-f531-418c-a13d-10385b0f0c4f,2.0.1-engage,2bd0331a-3a1f-40ce-8dcf-ba983d962ebf,moderate-anxiety,12,Task/9fef6679-60c4-4006-996a-4dc8ee136b05,Moderate anxiety,,,,,,Several days,More than half the days,Nearly every day,Nearly every day,More than half the days,Several days,Not at all,,
Questionnaire/202,e4e387f2-803f-4909-a63b-649065885d53,,0eb40af8-ddd0-4d8e-85a5-d3b3bb1022e7,Not defined,92dd11a8-2635-476b-a8d0-573cf74d4487,0eb40af8-ddd0-4d8e-85a5-d3b3bb1022e7,d66f38ae-e5e7-4456-ae85-331284676dc6,Not defined,31ccda65-3f66-42a8-b62a-d6a6f3d9b1e6,,11,,Moderate anxiety,,,,,,Not at all,More than half the days,Nearly every day,Not at all,Several days,More than half the days,Nearly every day,Encounter/69f696d4-66f1-4bb8-8ea9-376d57662fa3,
Questionnaire/202,ea3133bf-ab04-4e26-ab6d-eb6cd080e206,,0eb40af8-ddd0-4d8e-85a5-d3b3bb1022e7,Not defined,92dd11a8-2635-476b-a8d0-573cf74d4487,0eb40af8-ddd0-4d8e-85a5-d3b3bb1022e7,d66f38ae-e5e7-4456-ae85-331284676dc6,Not defined,337d72e7-8cc4-42f2-b08e-e9b33172e5c3,,10,,Moderate anxiety,,,,,,Several days,More than half the days,Several days,Nearly every day,Not at all,More than half the days,Several days,Encounter/d301190c-dff4-414b-a4d4-ab18104b67fa,
Questionnaire/202,5b70d0ce-bc89-4ccc-9449-8692c3b38928,,5859d5f3-d37b-4a28-a68f-5ce1aaac611f,7a2bad81-130f-4785-8438-af7aac92fedf,602ec278-054a-473e-a553-957bd5ac8c6f,5859d5f3-d37b-4a28-a68f-5ce1aaac611f,83586171-9bac-426a-aae5-798bf548e15e,2.0.2-engage,37c74201-1997-43b8-abf7-cc245ad8d070,severe-anxiety,15,Task/1dcd1c8f-32c3-42e5-ad87-8f6e3376141e/_history/1,Severe anxiety,,,,,d71ab7e2-b7ef-4c97-8d72-196777c4fe5a,More than half the days,More than half the days,Nearly every day,Nearly every day,More than half the days,More than half the days,Several days,,b49b00d5-27aa-42c5-96b2-3fa8237d9f6e
Questionnaire/202,bb2da20e-6ea6-4cf9-81af-087a3a4fe87b,,0eb40af8-ddd0-4d8e-85a5-d3b3bb1022e7,Not defined,92dd11a8-2635-476b-a8d0-573cf74d4487,0eb40af8-ddd0-4d8e-85a5-d3b3bb1022e7,e22f62dc-f531-418c-a13d-10385b0f0c4f,Not defined,380ce314-d108-4dfa-9fbf-a38eab628e78,,17,Task/c0db16dc-3138-4195-80c1-06cc792f6c07,Severe depression,,,,,,Nearly every day,More than half the days,More than half the days,Nearly every day,More than half the days,Nearly every day,More than half the days,,
Questionnaire/202,162f2b99-9110-45a1-bb7a-2cac76d288f4,72cb00a0-e077-47af-9f98-44ca3c56cd46,0eb40af8-ddd0-4d8e-85a5-d3b3bb1022e7,a28a1a10-d6ab-45f2-84f3-8ab4db7850b2,92dd11a8-2635-476b-a8d0-573cf74d4487,0eb40af8-ddd0-4d8e-85a5-d3b3bb1022e7,e22f62dc-f531-418c-a13d-10385b0f0c4f,2.0.2-engage,38e4d1fe-56ce-4359-8c18-d78649179734,severe-anxiety,21,Task/a7f714f6-0768-4a30-8ba9-63b9de1f1860,Severe anxiety,,,,,,Nearly every day,Nearly every day,Nearly every day,Nearly every day,Nearly every day,Nearly every day,Nearly every day,,
Questionnaire/202,77679304-1eda-4ad7-a218-2ef2aadcf83f,6e3ffa2b-71ff-4aa5-b11d-2dfb3ac49b93,0eb40af8-ddd0-4d8e-85a5-d3b3bb1022e7,a28a1a10-d6ab-45f2-84f3-8ab4db7850b2,92dd11a8-2635-476b-a8d0-573cf74d4487,0eb40af8-ddd0-4d8e-85a5-d3b3bb1022e7,e22f62dc-f531-418c-a13d-10385b0f0c4f,2.1.2-engage,3b3c7ca3-da20-491b-9f46-0d46e8da29a9,severe-anxiety,18,Task/2610d4f4-589d-46c9-ab70-4b80a70eba46/_history/1,Severe anxiety,,,,,,More than half the days,More than half the days,Nearly every day,Nearly every day,Nearly every day,More than half the days,Nearly every day,,
Questionnaire/202,638c1421-4fce-4645-9790-ffc2d048b9b2,2af183c6-1490-48fd-a923-1b12b9ac4ced,0eb40af8-ddd0-4d8e-85a5-d3b3bb1022e7,a28a1a10-d6ab-45f2-84f3-8ab4db7850b2,92dd11a8-2635-476b-a8d0-573cf74d4487,0eb40af8-ddd0-4d8e-85a5-d3b3bb1022e7,e22f62dc-f531-418c-a13d-10385b0f0c4f,2.0.1-engage,40b0b7ce-9545-4f3d-a8f7-6667f3b79c7c,moderate-anxiety,12,Task/2c7232f4-8d2f-4fc8-9e34-a5a15734e7a9,Moderate anxiety,,,,,,More than half the days,Several days,More than half the days,More than half the days,Several days,Nearly every day,Several days,,
Questionnaire/202,e61eb723-20f2-4ae5-9191-27d7741a71a4,87c06f1d-fb86-45ce-9082-62afc5d462fd,0eb40af8-ddd0-4d8e-85a5-d3b3bb1022e7,a28a1a10-d6ab-45f2-84f3-8ab4db7850b2,92dd11a8-2635-476b-a8d0-573cf74d4487,0eb40af8-ddd0-4d8e-85a5-d3b3bb1022e7,e22f62dc-f531-418c-a13d-10385b0f0c4f,2.0.0-engage,43f38b0c-1859-4f19-9ffb-7b021a74be86,mild-anxiety,8,Task/8eaad22e-382a-440b-9f4e-7a61d8c67e4e/_history/1,Mild anxiety,,,,,,Several days,More than half the days,Several days,Several days,More than half the days,Several days,Not at all,,
Questionnaire/202,490964c9-24d6-4c9d-acab-71b2e6d35fe6,be3b5950-72d0-4355-9ec6-01c2cab36f2e,0eb40af8-ddd0-4d8e-85a5-d3b3bb1022e7,a28a1a10-d6ab-45f2-84f3-8ab4db7850b2,92dd11a8-2635-476b-a8d0-573cf74d4487,0eb40af8-ddd0-4d8e-85a5-d3b3bb1022e7,e22f62dc-f531-418c-a13d-10385b0f0c4f,2.2.0-engage,4a9a0513-1621-45c1-b9ff-de8e50d687ef,moderate-anxiety,10,Task/96a5b58d-01ba-470f-867c-6b6598d0b05b/_history/1,Moderate anxiety,,,,,,More than half the days,Several days,More than half the days,More than half the days,Several days,Several days,Several days,,
Questionnaire/202,c220a224-11b2-4a42-a02f-007eecb3b4f0,92a8cc04-8422-4a81-a954-6529f75d85b8,0eb40af8-ddd0-4d8e-85a5-d3b3bb1022e7,a28a1a10-d6ab-45f2-84f3-8ab4db7850b2,92dd11a8-2635-476b-a8d0-573cf74d4487,0eb40af8-ddd0-4d8e-85a5-d3b3bb1022e7,e22f62dc-f531-418c-a13d-10385b0f0c4f,2.2.0-engage,4c3364a7-9027-441a-924e-3a996bf9ebeb,moderate-anxiety,14,Task/d9495634-39c6-403a-9da3-9ef5dd9e7c3d,Moderate anxiety,,,,,,More than half the days,More than half the days,More than half the days,More than half the days,More than half the days,More than half the days,More than half the days,,
Questionnaire/202,8ce4f30c-5dd7-4d81-9b1f-e571e4a76aa5,,0eb40af8-ddd0-4d8e-85a5-d3b3bb1022e7,Not defined,92dd11a8-2635-476b-a8d0-573cf74d4487,0eb40af8-ddd0-4d8e-85a5-d3b3bb1022e7,d66f38ae-e5e7-4456-ae85-331284676dc6,Not defined,4d334234-e817-4fd8-b1af-bbbb06e77a03,,12,,Moderate anxiety,,,,,,Several days,More than half the days,Several days,More than half the days,Nearly every day,More than half the days,Several days,Encounter/452ff0c7-2dac-438e-b0a9-70d9b9de5ccc,
Questionnaire/202,a8980e6a-842f-44ad-8c31-a856ee320110,7f33c278-1a19-4f3f-8175-00933c0ce73d,0eb40af8-ddd0-4d8e-85a5-d3b3bb1022e7,a28a1a10-d6ab-45f2-84f3-8ab4db7850b2,92dd11a8-2635-476b-a8d0-573cf74d4487,0eb40af8-ddd0-4d8e-85a5-d3b3bb1022e7,e22f62dc-f531-418c-a13d-10385b0f0c4f,2.0.2-engage,5721d321-21b2-4be2-bcc4-bf3b6b682414,moderate-anxiety,10,Task/57907710-1b42-4221-8f16-ad3f62162719,Moderate anxiety,,,,,,Several days,Several days,More than half the days,More than half the days,Several days,More than half the days,Several days,,
Questionnaire/202,62e4f178-5c24-42db-81e3-cbf0f155a6da,,0eb40af8-ddd0-4d8e-85a5-d3b3bb1022e7,Not defined,92dd11a8-2635-476b-a8d0-573cf74d4487,0eb40af8-ddd0-4d8e-85a5-d3b3bb1022e7,d66f38ae-e5e7-4456-ae85-331284676dc6,Not defined,5bb1f278-352c-474f-b197-37e30cf9fcac,,9,,Mild anxiety,,,,,,Several days,More than half the days,Not at all,Nearly every day,Not at all,Several days,More than half the days,Encounter/0157ca5c-06fd-41c3-a859-3aa8a5ffbe0c,
Questionnaire/202,b7a81c13-4708-4763-9802-3e034e474ad6,,0eb40af8-ddd0-4d8e-85a5-d3b3bb1022e7,Not defined,92dd11a8-2635-476b-a8d0-573cf74d4487,0eb40af8-ddd0-4d8e-85a5-d3b3bb1022e7,e22f62dc-f531-418c-a13d-10385b0f0c4f,Not defined,5dd1d106-b38a-4439-a4a2-7ad00d80dc1c,moderate-anxiety,11,Task/e4fa2dd7-b869-41da-86c3-8dc7f259d042,Moderate anxiety,,,,,,More than half the days,Several days,Not at all,More than half the days,Several days,More than half the days,Nearly every day,,
Questionnaire/202,00301c11-0b22-46b9-ae75-bf7911befca7,d5ffcdb2-5dc3-42b6-a01d-c967a977ee44,0eb40af8-ddd0-4d8e-85a5-d3b3bb1022e7,a28a1a10-d6ab-45f2-84f3-8ab4db7850b2,92dd11a8-2635-476b-a8d0-573cf74d4487,0eb40af8-ddd0-4d8e-85a5-d3b3bb1022e7,e22f62dc-f531-418c-a13d-10385b0f0c4f,2.0.1-engage,6158f14a-0a81-43c1-8baa-340fd0aecf58,moderate-anxiety,12,Task/ef399caf-852c-40d6-a83f-98bbddc49981,Moderate anxiety,,,,,,More than half the days,More than half the days,Several days,More than half the days,More than half the days,Several days,More than half the days,,
Questionnaire/202,5f896878-1169-4ea7-b479-835b28679f17,15a5d228-ec66-4312-bcac-03ff42f7b890,0eb40af8-ddd0-4d8e-85a5-d3b3bb1022e7,a28a1a10-d6ab-45f2-84f3-8ab4db7850b2,92dd11a8-2635-476b-a8d0-573cf74d4487,0eb40af8-ddd0-4d8e-85a5-d3b3bb1022e7,e22f62dc-f531-418c-a13d-10385b0f0c4f,2.0.0-engage,6912d803-ab7a-4231-9c10-64bcfbe2babb,severe-anxiety,18,Task/64af69c1-cfb5-4fa5-a3df-067cd228bf4d/_history/1,Severe anxiety,,,,,,More than half the days,Nearly every day,Nearly every day,More than half the days,Nearly every day,More than half the days,Nearly every day,,
Questionnaire/202,f05564a1-4de7-4680-a17d-5ba329329f6c,e8e36562-6e27-4520-b52d-39de156cf9ac,0eb40af8-ddd0-4d8e-85a5-d3b3bb1022e7,a28a1a10-d6ab-45f2-84f3-8ab4db7850b2,92dd11a8-2635-476b-a8d0-573cf74d4487,0eb40af8-ddd0-4d8e-85a5-d3b3bb1022e7,e22f62dc-f531-418c-a13d-10385b0f0c4f,2.2.0-engage,6b1c5bf1-7436-47ba-b8c9-e0f387df2347,moderate-anxiety,10,Task/054436f1-8c6d-4c97-9024-92ace42df0e0/_history/1,Moderate anxiety,,,,,,Several days,More than half the days,Several days,More than half the days,Several days,More than half the days,Several days,,
Questionnaire/202,8c460a02-5598-4503-9b13-fb4c53ae22c1,,0eb40af8-ddd0-4d8e-85a5-d3b3bb1022e7,Not defined,92dd11a8-2635-476b-a8d0-573cf74d4487,0eb40af8-ddd0-4d8e-85a5-d3b3bb1022e7,e22f62dc-f531-418c-a13d-10385b0f0c4f,Not defined,6b5aa7e4-d69a-4d36-899d-09dff4a2bf53,,5,Task/ac88a4cb-b4a7-47ec-947a-57ff984c3272,Mild anxiety,,,,,,More than half the days,Nearly every day,,,,,,,
Questionnaire/202,48b2b0e4-eb39-4d23-ab2f-8f42bd399ff6,11f5acb9-65e7-4cbf-8ed7-08a6be8870e6,0eb40af8-ddd0-4d8e-85a5-d3b3bb1022e7,a28a1a10-d6ab-45f2-84f3-8ab4db7850b2,92dd11a8-2635-476b-a8d0-573cf74d4487,0eb40af8-ddd0-4d8e-85a5-d3b3bb1022e7,e22f62dc-f531-418c-a13d-10385b0f0c4f,2.0.0-engage,6c7780c9-f0ed-46c9-a56f-89283712bc9f,moderate-anxiety,10,Task/2c4d0f59-52bb-44d7-8696-8428a29a3acc/_history/1,Moderate anxiety,,,,,,Several days,Several days,Several days,Several days,More than half the days,More than half the days,More than half the days,,
Questionnaire/202,28fd3734-4fb0-4e83-b7d7-cd32425e43cb,,0eb40af8-ddd0-4d8e-85a5-d3b3bb1022e7,Not defined,92dd11a8-2635-476b-a8d0-573cf74d4487,0eb40af8-ddd0-4d8e-85a5-d3b3bb1022e7,e22f62dc-f531-418c-a13d-10385b0f0c4f,Not defined,74f864a8-4de3-4f9a-9c24-d7c5ff74cc89,mild-anxiety,6,Task/cc777e87-c160-47fa-8c16-d54a0948e0a5,Mild anxiety,,,,,,More than half the days,Several days,Not at all,Several days,Not at all,More than half the days,Not at all,,
Questionnaire/202,1ad2aaab-ce46-41c4-81d0-f1b9d415d4ca,,0eb40af8-ddd0-4d8e-85a5-d3b3bb1022e7,Not defined,92dd11a8-2635-476b-a8d0-573cf74d4487,0eb40af8-ddd0-4d8e-85a5-d3b3bb1022e7,e22f62dc-f531-418c-a13d-10385b0f0c4f,Not defined,75fa991d-c029-4ae0-8d2b-ab23a933aec1,severe-anxiety,17,Task/1029f6d0-b70e-4e8d-b2fb-5ac5d47fda7b,Severe anxiety,,,,,,More than half the days,Nearly every day,Nearly every day,Nearly every day,Nearly every day,More than half the days,Several days,,
Questionnaire/202,2964c0a4-ad4d-41c0-a9e2-07f7b4f21e34,,0eb40af8-ddd0-4d8e-85a5-d3b3bb1022e7,Not defined,92dd11a8-2635-476b-a8d0-573cf74d4487,0eb40af8-ddd0-4d8e-85a5-d3b3bb1022e7,e22f62dc-f531-418c-a13d-10385b0f0c4f,Not defined,76431d33-741a-4ea0-925b-d69dd39261e7,mild-anxiety,9,Task/0a12f237-5374-4cd4-a9d2-0affc14ec9e3,Mild anxiety,,,,,,Not at all,Several days,More than half the days,More than half the days,Several days,Nearly every day,Not at all,,
Questionnaire/202,8ec9d34c-0cce-4cd8-a0f1-1e2533bc7221,c4b9a287-d6d9-4701-8478-30526fb72294,0eb40af8-ddd0-4d8e-85a5-d3b3bb1022e7,a28a1a10-d6ab-45f2-84f3-8ab4db7850b2,92dd11a8-2635-476b-a8d0-573cf74d4487,0eb40af8-ddd0-4d8e-85a5-d3b3bb1022e7,e22f62dc-f531-418c-a13d-10385b0f0c4f,2.0.1-engage,77842fd4-5075-4a93-b4e7-09e529390d91,mild-anxiety,7,Task/5029a2f6-7170-44e7-89ac-ca62290f2f32,Mild anxiety,,,,,,Not at all,Several days,Several days,Several days,More than half the days,Several days,Several days,,
Questionnaire/202,7fd5c367-6967-4d93-8eb1-036706fc6ed0,,0eb40af8-ddd0-4d8e-85a5-d3b3bb1022e7,Not defined,92dd11a8-2635-476b-a8d0-573cf74d4487,0eb40af8-ddd0-4d8e-85a5-d3b3bb1022e7,e22f62dc-f531-418c-a13d-10385b0f0c4f,Not defined,77bfe440-d2a7-4679-a57d-852f63622d8b,,18,Task/c401b8a1-67a3-4d67-8ee3-ff43ef61216c,Severe depression,,,,,,Nearly every day,Nearly every day,Nearly every day,Nearly every day,Not at all,Nearly every day,Nearly every day,,
Questionnaire/202,a9aaadf4-b3ae-48f0-8ce1-513ffe2dea5f,b272ed68-4bbe-4000-b7a5-6901d00e260b,5859d5f3-d37b-4a28-a68f-5ce1aaac611f,7a2bad81-130f-4785-8438-af7aac92fedf,602ec278-054a-473e-a553-957bd5ac8c6f,5859d5f3-d37b-4a28-a68f-5ce1aaac611f,83586171-9bac-426a-aae5-798bf548e15e,2.0.2-engage,797521f9-2b82-440f-88b9-a492ca7388a7,severe-anxiety,17,Task/bb914e8f-2888-4832-b1df-a9abd931ec79,Severe anxiety,,,,,,Nearly every day,More than half the days,More than half the days,More than half the days,Nearly every day,Nearly every day,More than half the days,,
Questionnaire/202,8f6c3016-6d99-43e0-bc6d-a4be5727ba1d,c1c77e81-8432-4116-a134-971d01d9010c,0eb40af8-ddd0-4d8e-85a5-d3b3bb1022e7,a28a1a10-d6ab-45f2-84f3-8ab4db7850b2,92dd11a8-2635-476b-a8d0-573cf74d4487,0eb40af8-ddd0-4d8e-85a5-d3b3bb1022e7,e22f62dc-f531-418c-a13d-10385b0f0c4f,2.2.0-engage,79bdcf53-feef-4abf-9812-24092a0ad8a0,severe-anxiety,15,Task/80e4c4ac-2876-40f0-ba96-ad21d258ae33,Severe anxiety,,,,,,Nearly every day,Nearly every day,More than half the days,More than half the days,Nearly every day,Several days,Several days,,
Questionnaire/202,2366eacb-4422-4cc7-931c-e05e6ea2d139,ffd4102a-b49f-4e8f-9ec2-db85c5a1063b,0eb40af8-ddd0-4d8e-85a5-d3b3bb1022e7,a28a1a10-d6ab-45f2-84f3-8ab4db7850b2,92dd11a8-2635-476b-a8d0-573cf74d4487,0eb40af8-ddd0-4d8e-85a5-d3b3bb1022e7,e22f62dc-f531-418c-a13d-10385b0f0c4f,2.1.2-engage,7a2e8790-0739-4c02-933b-2b48e9b922c5,moderate-anxiety,13,Task/15d165dc-0706-4ed7-9305-767b35149421/_history/1,Moderate anxiety,,,,,,Several days,More than half the days,More than half the days,More than half the days,More than half the days,More than half the days,More than half the days,,
Questionnaire/202,5b70d0ce-bc89-4ccc-9449-8692c3b38928,d71ab7e2-b7ef-4c97-8d72-196777c4fe5a,5859d5f3-d37b-4a28-a68f-5ce1aaac611f,7a2bad81-130f-4785-8438-af7aac92fedf,602ec278-054a-473e-a553-957bd5ac8c6f,5859d5f3-d37b-4a28-a68f-5ce1aaac611f,83586171-9bac-426a-aae5-798bf548e15e,2.0.2-engage,7b036a60-ded3-453c-bf59-c8dcf6e3a0ca,severe-anxiety,17,Task/1dcd1c8f-32c3-42e5-ad87-8f6e3376141e/_history/1,Severe anxiety,,,,,,Nearly every day,More than half the days,More than half the days,Nearly every day,Nearly every day,More than half the days,More than half the days,,
Questionnaire/202,ec421eed-1c76-49e7-9ce0-ed133e6f6379,0cfbe82b-d5b5-4422-8af2-3b2089b41784,0eb40af8-ddd0-4d8e-85a5-d3b3bb1022e7,a28a1a10-d6ab-45f2-84f3-8ab4db7850b2,92dd11a8-2635-476b-a8d0-573cf74d4487,0eb40af8-ddd0-4d8e-85a5-d3b3bb1022e7,e22f62dc-f531-418c-a13d-10385b0f0c4f,2.0.0-engage,7bb10ff5-a01e-461b-964a-8e6e88dc137a,mild-anxiety,7,Task/405ff5b7-9fe1-44b8-bbc2-988982ff684d,Mild anxiety,,,,,,Several days,Several days,Several days,Several days,Several days,Several days,Several days,,
Questionnaire/202,130c44c1-f35a-4946-a867-15353fcd27da,b888d495-d0cd-4fd3-a775-a59392c2bb72,0eb40af8-ddd0-4d8e-85a5-d3b3bb1022e7,a28a1a10-d6ab-45f2-84f3-8ab4db7850b2,92dd11a8-2635-476b-a8d0-573cf74d4487,0eb40af8-ddd0-4d8e-85a5-d3b3bb1022e7,e22f62dc-f531-418c-a13d-10385b0f0c4f,2.0.0-engage,7c03ffcf-9dd5-418d-8930-24b7109f981b,mild-anxiety,8,Task/03f2a01d-3da1-4977-a2b8-229aa5ca4973,Mild anxiety,,,,,,Nearly every day,More than half the days,Several days,Not at all,Not at all,Several days,Several days,,
Questionnaire/202,839b3802-7cee-4e3d-b1e0-84fa6d675496,,0eb40af8-ddd0-4d8e-85a5-d3b3bb1022e7,Not defined,92dd11a8-2635-476b-a8d0-573cf74d4487,0eb40af8-ddd0-4d8e-85a5-d3b3bb1022e7,e22f62dc-f531-418c-a13d-10385b0f0c4f,Not defined,7edec23d-5b7c-4df9-853e-712cdbc0b06b,,0,Task/b6c2cd8c-8287-4114-8313-f9d5097bcb20,Minimal anxiety,,,,,,Not at all,Not at all,Not at all,Not at all,Not at all,Not at all,Not at all,,
Questionnaire/202,e6df3964-f727-4594-ac81-5eeb323a468c,3de34958-4200-4438-a585-f39a493c3753,5859d5f3-d37b-4a28-a68f-5ce1aaac611f,7a2bad81-130f-4785-8438-af7aac92fedf,602ec278-054a-473e-a553-957bd5ac8c6f,5859d5f3-d37b-4a28-a68f-5ce1aaac611f,83586171-9bac-426a-aae5-798bf548e15e,2.0.2-engage,7f520074-e009-4373-8973-9885739ca159,severe-anxiety,19,Task/fe16552c-d6e5-4a55-8f35-9720ff0258e6,Severe anxiety,,,,,,More than half the days,Nearly every day,Nearly every day,Nearly every day,Nearly every day,Nearly every day,More than half the days,,
Questionnaire/202,2c5733fb-7f32-4550-b869-459f173145a6,c0bcd5b3-39d8-4767-8ae3-95b6614ffb6d,0eb40af8-ddd0-4d8e-85a5-d3b3bb1022e7,a28a1a10-d6ab-45f2-84f3-8ab4db7850b2,92dd11a8-2635-476b-a8d0-573cf74d4487,0eb40af8-ddd0-4d8e-85a5-d3b3bb1022e7,e22f62dc-f531-418c-a13d-10385b0f0c4f,2.0.0-engage,7f79986d-868b-4721-adc4-a17a20820d9f,moderate-anxiety,13,Task/2041fa80-a975-4ff8-bf05-73c000110b5e,Moderate anxiety,,,,,,Several days,More than half the days,More than half the days,More than half the days,More than half the days,More than half the days,More than half the days,,
Questionnaire/202,c7cbedbb-a574-42f9-a9ed-4a61cb606d0b,f5e1565b-6704-4833-947d-bdea9dafed2e,0eb40af8-ddd0-4d8e-85a5-d3b3bb1022e7,a28a1a10-d6ab-45f2-84f3-8ab4db7850b2,92dd11a8-2635-476b-a8d0-573cf74d4487,0eb40af8-ddd0-4d8e-85a5-d3b3bb1022e7,e22f62dc-f531-418c-a13d-10385b0f0c4f,2.0.1-engage,80e32ac1-ba95-4f3b-8eff-5c82c5229236,moderate-anxiety,12,Task/be23491f-b8c0-4474-9833-2c2a730438ad,Moderate anxiety,,,,,,More than half the days,Nearly every day,Nearly every day,More than half the days,Several days,Several days,Not at all,,
Questionnaire/202,b4d46598-51d8-4d2d-9c34-e3ef9aa44632,d8a88add-7f87-4603-a8f0-9c38ac941f16,0eb40af8-ddd0-4d8e-85a5-d3b3bb1022e7,a28a1a10-d6ab-45f2-84f3-8ab4db7850b2,92dd11a8-2635-476b-a8d0-573cf74d4487,0eb40af8-ddd0-4d8e-85a5-d3b3bb1022e7,e22f62dc-f531-418c-a13d-10385b0f0c4f,2.0.1-engage,8330bfe5-bf50-4184-aade-96acde29e618,moderate-anxiety,11,Task/67b1f013-d1b6-42ae-94a6-3693d3866bce/_history/1,Moderate anxiety,,,,,,More than half the days,More than half the days,Several days,,More than half the days,More than half the days,More than half the days,,
Questionnaire/202,faf4950d-e84b-4f11-a86f-f50391ea86df,e235e687-8478-41d8-9191-2381f286c78b,0eb40af8-ddd0-4d8e-85a5-d3b3bb1022e7,a28a1a10-d6ab-45f2-84f3-8ab4db7850b2,92dd11a8-2635-476b-a8d0-573cf74d4487,0eb40af8-ddd0-4d8e-85a5-d3b3bb1022e7,e22f62dc-f531-418c-a13d-10385b0f0c4f,2.0.0-engage,83e43ce3-f022-4ca6-aab1-b05fe39d0a33,severe-anxiety,16,Task/c545d2d1-ab05-4497-bffb-63863500b004,Severe anxiety,,,,,,More than half the days,More than half the days,More than half the days,More than half the days,More than half the days,Nearly every day,Nearly every day,,
Questionnaire/202,43068428-78ef-4434-b1d8-c8c6c2da1cfb,d95bbd1b-c71c-478a-8cd5-42d920e1816c,0eb40af8-ddd0-4d8e-85a5-d3b3bb1022e7,a28a1a10-d6ab-45f2-84f3-8ab4db7850b2,92dd11a8-2635-476b-a8d0-573cf74d4487,0eb40af8-ddd0-4d8e-85a5-d3b3bb1022e7,e22f62dc-f531-418c-a13d-10385b0f0c4f,2.0.1-engage,86876a3d-e8d9-434d-a5e5-71fb92662eb9,moderate-anxiety,14,Task/bb13eacc-a09c-43f5-a14d-33ed6f406947,Moderate anxiety,,,,,,More than half the days,More than half the days,More than half the days,More than half the days,More than half the days,More than half the days,More than half the days,,
Questionnaire/202,e859bb44-f139-4569-92f4-2540389ce27b,e58df81e-9f4e-460d-842d-a1605ddd8159,0eb40af8-ddd0-4d8e-85a5-d3b3bb1022e7,a28a1a10-d6ab-45f2-84f3-8ab4db7850b2,92dd11a8-2635-476b-a8d0-573cf74d4487,0eb40af8-ddd0-4d8e-85a5-d3b3bb1022e7,e22f62dc-f531-418c-a13d-10385b0f0c4f,2.0.1-engage,870a6a9b-6d1a-4a01-a0ca-638577a959b4,mild-anxiety,7,Task/a79ac2dc-7404-4d26-8471-7958a66b231a,Mild anxiety,,,,,,Several days,Several days,Several days,More than half the days,More than half the days,Not at all,Not at all,,
Questionnaire/202,df275ca4-7cf3-402e-97c8-5c76cadb06b5,b5334385-782f-4ec0-b48c-83901b6ec771,0eb40af8-ddd0-4d8e-85a5-d3b3bb1022e7,a28a1a10-d6ab-45f2-84f3-8ab4db7850b2,92dd11a8-2635-476b-a8d0-573cf74d4487,0eb40af8-ddd0-4d8e-85a5-d3b3bb1022e7,e22f62dc-f531-418c-a13d-10385b0f0c4f,2.1.2-engage,8a33f759-c78d-4b0b-8540-8422feaa510c,moderate-anxiety,13,Task/c8764ab1-4c62-4c18-8594-aa66d9de49a5,Moderate anxiety,,,,,,Several days,More than half the days,More than half the days,More than half the days,More than half the days,More than half the days,More than half the days,,
Questionnaire/202,268ddaa5-a36a-457e-8b5d-69900be9ac86,e99829c9-0c5d-470f-8b96-b506b2d89002,0eb40af8-ddd0-4d8e-85a5-d3b3bb1022e7,a28a1a10-d6ab-45f2-84f3-8ab4db7850b2,92dd11a8-2635-476b-a8d0-573cf74d4487,0eb40af8-ddd0-4d8e-85a5-d3b3bb1022e7,e22f62dc-f531-418c-a13d-10385b0f0c4f,2.0.0-engage,8a9d4ee9-9a48-407e-8e1d-71faddbf3577,mild-anxiety,9,Task/9bc7a668-2733-4118-ae93-4adca9e097de,Mild anxiety,,,,,,Several days,More than half the days,Several days,Not at all,Nearly every day,Several days,Several days,,
Questionnaire/202,0f4218e8-24f0-484c-a017-b5f1f411ab4b,,0eb40af8-ddd0-4d8e-85a5-d3b3bb1022e7,Not defined,92dd11a8-2635-476b-a8d0-573cf74d4487,0eb40af8-ddd0-4d8e-85a5-d3b3bb1022e7,d66f38ae-e5e7-4456-ae85-331284676dc6,Not defined,8da4db03-b473-4e57-afff-cee0ebd5dc67,,6,,Mild anxiety,,,,,,Several days,,Several days,Several days,Several days,Several days,Several days,Encounter/0f776ba4-f756-4d4c-b613-5d5861ddb154,
Questionnaire/202,9b534915-4508-4002-a8ce-32a5fdcbf6f8,820d730a-0552-4f82-8e66-9ce953e70404,0eb40af8-ddd0-4d8e-85a5-d3b3bb1022e7,a28a1a10-d6ab-45f2-84f3-8ab4db7850b2,92dd11a8-2635-476b-a8d0-573cf74d4487,0eb40af8-ddd0-4d8e-85a5-d3b3bb1022e7,e22f62dc-f531-418c-a13d-10385b0f0c4f,2.2.0-engage,8ef28359-1718-4b95-b106-2226340901bb,moderate-anxiety,14,Task/64a8efe6-c93f-46a1-b6b1-dfca5ee99819/_history/1,Moderate anxiety,,,,,,More than half the days,More than half the days,More than half the days,More than half the days,More than half the days,More than half the days,More than half the days,,
Questionnaire/202,32787714-1df0-48dd-8df8-e1a5abf2a075,,0eb40af8-ddd0-4d8e-85a5-d3b3bb1022e7,Not defined,92dd11a8-2635-476b-a8d0-573cf74d4487,0eb40af8-ddd0-4d8e-85a5-d3b3bb1022e7,d66f38ae-e5e7-4456-ae85-331284676dc6,Not defined,91890a9c-6b34-4c8f-9cff-f15977b4b198,,10,,Moderate anxiety,,,,,,More than half the days,Several days,More than half the days,Several days,Several days,More than half the days,Several days,Encounter/d0599dbc-6cea-4f8a-9afd-f902fdea66cd,
Questionnaire/202,71a7b06d-86a6-4aa6-8bd1-52c8943583da,9eb9615f-a47b-4393-9ca9-2fce78110ec7,0eb40af8-ddd0-4d8e-85a5-d3b3bb1022e7,a28a1a10-d6ab-45f2-84f3-8ab4db7850b2,92dd11a8-2635-476b-a8d0-573cf74d4487,0eb40af8-ddd0-4d8e-85a5-d3b3bb1022e7,e22f62dc-f531-418c-a13d-10385b0f0c4f,2.1.2-engage,922cc2d1-5b56-42b0-a36d-e6f091f89a38,moderate-anxiety,14,Task/ebfbe7ea-8481-4bba-902a-23302ce74ebb,Moderate anxiety,,,,,,More than half the days,More than half the days,More than half the days,More than half the days,More than half the days,More than half the days,More than half the days,,
Questionnaire/202,c9adb1a9-83aa-454e-a005-b436b6d6ff58,,0eb40af8-ddd0-4d8e-85a5-d3b3bb1022e7,Not defined,92dd11a8-2635-476b-a8d0-573cf74d4487,0eb40af8-ddd0-4d8e-85a5-d3b3bb1022e7,e22f62dc-f531-418c-a13d-10385b0f0c4f,Not defined,946f0b67-7138-4aa2-9977-d2dc4cae9864,severe-anxiety,15,Task/45f74705-49b7-4352-937a-14419d7cd0a8,Severe anxiety,,,,,,More than half the days,Nearly every day,More than half the days,More than half the days,More than half the days,More than half the days,More than half the days,,
Questionnaire/202,ab6c478f-9bae-4e66-9ebc-4ebb79712624,d426d6cd-a5d5-4063-9901-9d4ff8e08d0b,0eb40af8-ddd0-4d8e-85a5-d3b3bb1022e7,a28a1a10-d6ab-45f2-84f3-8ab4db7850b2,92dd11a8-2635-476b-a8d0-573cf74d4487,0eb40af8-ddd0-4d8e-85a5-d3b3bb1022e7,e22f62dc-f531-418c-a13d-10385b0f0c4f,2.1.3-engage,95a7832c-3f5a-4a92-b039-ea82e4fe0f76,severe-anxiety,15,Task/95fc70e0-d496-4aba-acec-c4587a9fc77c,Severe anxiety,,,,,,More than half the days,Nearly every day,More than half the days,Several days,More than half the days,Nearly every day,More than half the days,,
Questionnaire/202,84bffaba-3a97-4e89-a87c-9b7af6f9f97d,,0eb40af8-ddd0-4d8e-85a5-d3b3bb1022e7,Not defined,92dd11a8-2635-476b-a8d0-573cf74d4487,0eb40af8-ddd0-4d8e-85a5-d3b3bb1022e7,e22f62dc-f531-418c-a13d-10385b0f0c4f,Not defined,9da1cf7a-7048-4c90-a5e1-3ae9b67b6c80,moderate-anxiety,12,Task/a7e5ec11-3365-4ada-90fc-7addfe1dff05,Moderate anxiety,,,,,,Nearly every day,More than half the days,Nearly every day,Several days,Not at all,More than half the days,Several days,,
Questionnaire/202,e3417ced-8d7e-4e00-b267-db8b5f808e7a,,0eb40af8-ddd0-4d8e-85a5-d3b3bb1022e7,Not defined,92dd11a8-2635-476b-a8d0-573cf74d4487,0eb40af8-ddd0-4d8e-85a5-d3b3bb1022e7,d66f38ae-e5e7-4456-ae85-331284676dc6,Not defined,9fa67d31-5103-4e90-aae0-d50a1782bdaa,,12,,Moderate anxiety,,,,,,Several days,More than half the days,Nearly every day,Not at all,Several days,More than half the days,Nearly every day,Encounter/372a8904-a5f4-42dd-b72c-a29beb15594e,
Questionnaire/202,c7e001a8-5413-4f7d-92f5-67d65b79a209,3c151542-2abf-4853-964b-1d2e4c701b0b,0eb40af8-ddd0-4d8e-85a5-d3b3bb1022e7,a28a1a10-d6ab-45f2-84f3-8ab4db7850b2,92dd11a8-2635-476b-a8d0-573cf74d4487,0eb40af8-ddd0-4d8e-85a5-d3b3bb1022e7,e22f62dc-f531-418c-a13d-10385b0f0c4f,2.2.0-engage,a050f9e1-0108-4551-b514-22e64bd5e836,mild-anxiety,9,Task/300edc3f-b8d1-4c77-8e4e-4f185076628f,Mild anxiety,,,,,,More than half the days,More than half the days,More than half the days,More than half the days,Several days,Not at all,Not at all,,
Questionnaire/202,4ca17550-61d6-4860-abc9-fbe93e7c26a5,e63e4e1b-057d-416f-ab9d-32a60a9a8945,0eb40af8-ddd0-4d8e-85a5-d3b3bb1022e7,a28a1a10-d6ab-45f2-84f3-8ab4db7850b2,92dd11a8-2635-476b-a8d0-573cf74d4487,0eb40af8-ddd0-4d8e-85a5-d3b3bb1022e7,e22f62dc-f531-418c-a13d-10385b0f0c4f,2.2.0-engage,a5ad687a-0f94-42b0-ac2a-6338a99de8b1,moderate-anxiety,10,Task/e7e2db99-960a-4610-b108-f39b0ac63a6a/_history/1,Moderate anxiety,,,,,,Several days,More than half the days,Nearly every day,Not at all,Several days,More than half the days,Several days,,
Questionnaire/202,ea30719f-a29f-4b56-b5a8-2c837077d995,,0eb40af8-ddd0-4d8e-85a5-d3b3bb1022e7,Not defined,92dd11a8-2635-476b-a8d0-573cf74d4487,0eb40af8-ddd0-4d8e-85a5-d3b3bb1022e7,e22f62dc-f531-418c-a13d-10385b0f0c4f,Not defined,a5ed151a-e4b3-4c84-8c33-5c943f1b08ca,,0,,Minimal anxiety,,,,,,Not at all,Not at all,Not at all,Not at all,Not at all,Not at all,Not at all,,
Questionnaire/202,87f0f749-f6b9-4225-8548-fe05417e8847,cd87cb86-9150-45a6-8675-238902b471ba,5859d5f3-d37b-4a28-a68f-5ce1aaac611f,7a2bad81-130f-4785-8438-af7aac92fedf,602ec278-054a-473e-a553-957bd5ac8c6f,5859d5f3-d37b-4a28-a68f-5ce1aaac611f,83586171-9bac-426a-aae5-798bf548e15e,2.0.2-engage,a63852ac-21ef-4fc4-816d-d57e7d47663b,severe-anxiety,18,Task/3a63648a-f93a-4af5-a65e-b3bbf8331da9,Severe anxiety,,,,,,More than half the days,Nearly every day,Nearly every day,More than half the days,More than half the days,Nearly every day,Nearly every day,,
Questionnaire/202,d3965e90-f96f-4a34-a85a-858ed53a5510,594f3eae-a07e-4761-b151-fc7a83f02729,0eb40af8-ddd0-4d8e-85a5-d3b3bb1022e7,a28a1a10-d6ab-45f2-84f3-8ab4db7850b2,92dd11a8-2635-476b-a8d0-573cf74d4487,0eb40af8-ddd0-4d8e-85a5-d3b3bb1022e7,e22f62dc-f531-418c-a13d-10385b0f0c4f,2.1.2-engage,a898638d-71e1-4130-ad3c-55100aa11f88,moderate-anxiety,12,Task/6f32056e-71cc-4d58-b8e3-d651cc31d402/_history/1,Moderate anxiety,,,,,,More than half the days,More than half the days,More than half the days,Several days,Several days,More than half the days,More than half the days,,
Questionnaire/202,2aef6361-7dd6-4aa0-a983-9803357c30b5,,0eb40af8-ddd0-4d8e-85a5-d3b3bb1022e7,Not defined,92dd11a8-2635-476b-a8d0-573cf74d4487,0eb40af8-ddd0-4d8e-85a5-d3b3bb1022e7,d66f38ae-e5e7-4456-ae85-331284676dc6,Not defined,aa3f2b0b-9b0c-4f21-a163-a7389c81989e,,8,,Mild anxiety,,,,,,Several days,More than half the days,Several days,Not at all,Nearly every day,Not at all,Several days,Encounter/ec7069c0-847b-44d5-bae6-f038b2c21781,
Questionnaire/202,999aa104-eb57-4875-80a2-70d40a2f1b4f,,0eb40af8-ddd0-4d8e-85a5-d3b3bb1022e7,Not defined,92dd11a8-2635-476b-a8d0-573cf74d4487,0eb40af8-ddd0-4d8e-85a5-d3b3bb1022e7,d66f38ae-e5e7-4456-ae85-331284676dc6,Not defined,ab75037d-38fa-42b6-981b-ad8016263223,,14,,Moderate anxiety,26,1,26,1998-07-02,,Several days,Nearly every day,More than half the days,More than half the days,Nearly every day,More than half the days,Several days,,
Questionnaire/202,c06dfcda-54c8-42ca-8e86-089f11e25afb,860cf148-76f0-4e4b-8224-37a4b08b4531,0eb40af8-ddd0-4d8e-85a5-d3b3bb1022e7,a28a1a10-d6ab-45f2-84f3-8ab4db7850b2,92dd11a8-2635-476b-a8d0-573cf74d4487,0eb40af8-ddd0-4d8e-85a5-d3b3bb1022e7,e22f62dc-f531-418c-a13d-10385b0f0c4f,2.0.0-engage,abb7b1e9-f02f-4c8f-9d72-71b615288b1c,mild-anxiety,7,Task/a876bbb6-1af7-4ec7-9537-71c9067a4a4d,Mild anxiety,,,,,,Several days,Several days,Several days,Several days,Several days,Several days,Several days,,
Questionnaire/202,6f271d61-f141-4fc5-9088-ffa1c291f690,ed3c3576-66f2-4f73-a249-f53c7936c5fb,0eb40af8-ddd0-4d8e-85a5-d3b3bb1022e7,a28a1a10-d6ab-45f2-84f3-8ab4db7850b2,92dd11a8-2635-476b-a8d0-573cf74d4487,0eb40af8-ddd0-4d8e-85a5-d3b3bb1022e7,e22f62dc-f531-418c-a13d-10385b0f0c4f,2.0.0-engage,b5917cc2-bd6f-4d70-9d07-b94e64254e60,mild-anxiety,9,Task/521966e4-9d79-4759-b414-ef8a092331e1,Mild anxiety,,,,,,More than half the days,Several days,Not at all,Several days,Several days,More than half the days,More than half the days,,
Questionnaire/202,40c53fb6-6301-4da8-888f-0242ddd567d6,4fb3beca-d7be-4e85-8b2a-76cdce058151,0eb40af8-ddd0-4d8e-85a5-d3b3bb1022e7,a28a1a10-d6ab-45f2-84f3-8ab4db7850b2,92dd11a8-2635-476b-a8d0-573cf74d4487,0eb40af8-ddd0-4d8e-85a5-d3b3bb1022e7,e22f62dc-f531-418c-a13d-10385b0f0c4f,2.1.2-engage,b6982602-ae17-43f0-8f7e-fad892a36e90,mild-anxiety,7,Task/48bb715b-820a-46d8-bdd2-82f4ca7eb79f,Mild anxiety,,,,,,Several days,Several days,Several days,Several days,Several days,Several days,Several days,,
Questionnaire/202,658bf01b-d18f-4ac1-8da5-4740a1c4bc6d,9e79a0ae-46c0-492e-8296-defd266ee122,0eb40af8-ddd0-4d8e-85a5-d3b3bb1022e7,a28a1a10-d6ab-45f2-84f3-8ab4db7850b2,92dd11a8-2635-476b-a8d0-573cf74d4487,0eb40af8-ddd0-4d8e-85a5-d3b3bb1022e7,e22f62dc-f531-418c-a13d-10385b0f0c4f,2.2.0-engage,b70b9786-ce22-48fe-8e8c-98121551981b,mild-anxiety,7,Task/798eb590-a9c0-4531-af4b-b5fcbe8c252e/_history/1,Mild anxiety,,,,,,Several days,Several days,Several days,Several days,Several days,Several days,Several days,,
Questionnaire/202,70a786b1-197d-4e18-9c10-aa9e8723bf67,,0eb40af8-ddd0-4d8e-85a5-d3b3bb1022e7,Not defined,92dd11a8-2635-476b-a8d0-573cf74d4487,0eb40af8-ddd0-4d8e-85a5-d3b3bb1022e7,e22f62dc-f531-418c-a13d-10385b0f0c4f,Not defined,bcb43b27-4c30-45f7-884c-f2076c33ac54,minimal-anxiety,3,Task/ef31518b-ee90-44bf-8311-84da11190946,Minimal anxiety,,,,,,,,,Nearly every day,,,,,
Questionnaire/202,25e4893b-01e3-43cc-b308-edb548e7d89d,02e2e52d-acde-45c1-9a4e-b54a4c47f047,0eb40af8-ddd0-4d8e-85a5-d3b3bb1022e7,a28a1a10-d6ab-45f2-84f3-8ab4db7850b2,92dd11a8-2635-476b-a8d0-573cf74d4487,0eb40af8-ddd0-4d8e-85a5-d3b3bb1022e7,e22f62dc-f531-418c-a13d-10385b0f0c4f,2.0.0-engage,bfcc3139-baf2-4bac-b934-3d717b364839,mild-anxiety,9,Task/864dc301-a836-454d-8cc7-3ad78cbc1994/_history/1,Mild anxiety,,,,,,More than half the days,More than half the days,More than half the days,Several days,Not at all,Several days,Several days,,
Questionnaire/202,781f4bfa-f728-40c4-8c8a-d035e8e7dbd4,d94fa6cd-5339-4559-9f9c-cb330cf69825,0eb40af8-ddd0-4d8e-85a5-d3b3bb1022e7,a28a1a10-d6ab-45f2-84f3-8ab4db7850b2,92dd11a8-2635-476b-a8d0-573cf74d4487,0eb40af8-ddd0-4d8e-85a5-d3b3bb1022e7,e22f62dc-f531-418c-a13d-10385b0f0c4f,2.0.2-engage,c04afcd0-2435-4a90-8129-0d62134c6d6f,severe-anxiety,21,Task/160893e0-9d97-4cf9-9900-1caf3a0b5634,Severe anxiety,,,,,,Nearly every day,Nearly every day,Nearly every day,Nearly every day,Nearly every day,Nearly every day,Nearly every day,,
Questionnaire/202,42c3163d-d1bb-46df-9894-2db06c8ef8a3,,0eb40af8-ddd0-4d8e-85a5-d3b3bb1022e7,Not defined,92dd11a8-2635-476b-a8d0-573cf74d4487,0eb40af8-ddd0-4d8e-85a5-d3b3bb1022e7,e22f62dc-f531-418c-a13d-10385b0f0c4f,Not defined,c4c4dd88-5870-4a63-a961-bd5c3975da34,moderate-anxiety,11,Task/dabd4067-4e74-482a-b5cd-bb2ec1a17c30,Moderate anxiety,,,,,,Several days,More than half the days,Nearly every day,More than half the days,Several days,Not at all,More than half the days,,
Questionnaire/202,f327ae5b-4c8a-4fe8-93dc-a66d9f75348d,1dbc6cf4-f5ca-49b9-b091-863f0205b0ab,0eb40af8-ddd0-4d8e-85a5-d3b3bb1022e7,a28a1a10-d6ab-45f2-84f3-8ab4db7850b2,92dd11a8-2635-476b-a8d0-573cf74d4487,0eb40af8-ddd0-4d8e-85a5-d3b3bb1022e7,e22f62dc-f531-418c-a13d-10385b0f0c4f,2.0.0-engage,c6e39ead-7f09-4d6d-a90b-dac863b049ef,severe-anxiety,15,Task/993fda72-90ca-4240-b396-c08e4ecd1846,Severe anxiety,,,,,,Not at all,More than half the days,Nearly every day,More than half the days,Nearly every day,Nearly every day,More than half the days,,
Questionnaire/202,374cfa8e-9a53-4c82-8160-1c7fb698024f,7944cda9-dbe8-42a3-b200-065495076d78,5859d5f3-d37b-4a28-a68f-5ce1aaac611f,7a2bad81-130f-4785-8438-af7aac92fedf,602ec278-054a-473e-a553-957bd5ac8c6f,5859d5f3-d37b-4a28-a68f-5ce1aaac611f,83586171-9bac-426a-aae5-798bf548e15e,2.0.2-engage,cb8426b1-621a-42d0-9eee-17160f3a2daa,severe-anxiety,19,Task/75020275-e0e2-46f8-8882-10674d45303e,Severe anxiety,,,,,,Nearly every day,More than half the days,Nearly every day,More than half the days,Nearly every day,Nearly every day,Nearly every day,,
Questionnaire/202,8bf25616-5ab0-4f7a-ad46-bede3eb516b9,f551f6bc-8c1d-425d-bbce-9c8887eb637b,0eb40af8-ddd0-4d8e-85a5-d3b3bb1022e7,a28a1a10-d6ab-45f2-84f3-8ab4db7850b2,92dd11a8-2635-476b-a8d0-573cf74d4487,0eb40af8-ddd0-4d8e-85a5-d3b3bb1022e7,e22f62dc-f531-418c-a13d-10385b0f0c4f,2.0.2-engage,cf637bd0-de3b-4042-a73b-243c8082293b,moderate-anxiety,10,Task/f67bca35-73cc-43d3-b5bb-e780853e9daf,Moderate anxiety,,,,,,Several days,More than half the days,More than half the days,More than half the days,Not at all,More than half the days,Several days,,
Questionnaire/202,d9502b4c-258a-4538-8250-074c1ff03e25,,0eb40af8-ddd0-4d8e-85a5-d3b3bb1022e7,Not defined,92dd11a8-2635-476b-a8d0-573cf74d4487,0eb40af8-ddd0-4d8e-85a5-d3b3bb1022e7,e22f62dc-f531-418c-a13d-10385b0f0c4f,Not defined,cfa27199-d356-417b-b5c6-2381a5e58ce7,,0,Task/00d6abad-5b55-4279-863f-e187b9677060,Minimal anxiety,,,,,,,,,,,,,,
Questionnaire/202,9db9f89e-4cc6-488d-a271-d351ed65b3ae,9a150457-77b6-4ab6-9176-a53c309677b9,0eb40af8-ddd0-4d8e-85a5-d3b3bb1022e7,a28a1a10-d6ab-45f2-84f3-8ab4db7850b2,92dd11a8-2635-476b-a8d0-573cf74d4487,0eb40af8-ddd0-4d8e-85a5-d3b3bb1022e7,e22f62dc-f531-418c-a13d-10385b0f0c4f,2.2.0-engage,cfc1a458-4fd5-4205-96a8-8e8093611679,minimal-anxiety,3,Task/0120de48-f760-4d8c-a667-45c094b0db62/_history/1,Minimal anxiety,,,,,,More than half the days,Several days,Not at all,Not at all,Not at all,Not at all,Not at all,,
Questionnaire/202,ea1c21de-c6e4-400e-a549-49aaddddf3fe,0a3a2333-8cc9-446f-8bef-aad45266015e,0eb40af8-ddd0-4d8e-85a5-d3b3bb1022e7,a28a1a10-d6ab-45f2-84f3-8ab4db7850b2,92dd11a8-2635-476b-a8d0-573cf74d4487,0eb40af8-ddd0-4d8e-85a5-d3b3bb1022e7,e22f62dc-f531-418c-a13d-10385b0f0c4f,2.0.0-engage,d1cdd684-0e3b-41f7-b1a8-d52bbedca7d5,mild-anxiety,7,Task/d78d939c-3b2f-4ab3-878c-b558a7a0ccaa,Mild anxiety,,,,,,Several days,Several days,Several days,Several days,Several days,Several days,Several days,,
Questionnaire/202,d918489d-b46f-4a67-ac03-04b449ab1096,,0eb40af8-ddd0-4d8e-85a5-d3b3bb1022e7,Not defined,92dd11a8-2635-476b-a8d0-573cf74d4487,0eb40af8-ddd0-4d8e-85a5-d3b3bb1022e7,e22f62dc-f531-418c-a13d-10385b0f0c4f,Not defined,d52d5de5-09bd-4b9b-8304-1066f628eebf,severe-anxiety,21,Task/3d44c96e-ee06-47ed-9dcd-d19ee0f73ba2,Severe anxiety,,,,,,Nearly every day,Nearly every day,Nearly every day,Nearly every day,Nearly every day,Nearly every day,Nearly every day,,
Questionnaire/202,9b4f31f2-b327-47c9-91c6-56082f924410,e708b879-557d-44ff-abd3-7f909c312976,0eb40af8-ddd0-4d8e-85a5-d3b3bb1022e7,a28a1a10-d6ab-45f2-84f3-8ab4db7850b2,92dd11a8-2635-476b-a8d0-573cf74d4487,0eb40af8-ddd0-4d8e-85a5-d3b3bb1022e7,e22f62dc-f531-418c-a13d-10385b0f0c4f,2.2.0-engage,d5d85674-0a77-4404-8329-16a3b2e6b8d7,mild-anxiety,7,Task/9d3ad5f8-233d-4b22-a7f2-008d4bd7b3d3/_history/1,Mild anxiety,,,,,,Several days,Several days,Several days,Several days,Several days,Several days,Several days,,
Questionnaire/202,fffa753b-b871-430f-acdf-e16dd47ab2bb,eaa7b1df-c682-4de2-8b8a-2b43b0b7878d,0eb40af8-ddd0-4d8e-85a5-d3b3bb1022e7,a28a1a10-d6ab-45f2-84f3-8ab4db7850b2,92dd11a8-2635-476b-a8d0-573cf74d4487,0eb40af8-ddd0-4d8e-85a5-d3b3bb1022e7,e22f62dc-f531-418c-a13d-10385b0f0c4f,2.1.2-engage,d677ca1a-b78e-4919-b1cf-c7ff4c803f18,moderate-anxiety,14,Task/cbf2fbdf-3649-4e97-ac0a-b2702e8403ef/_history/1,Moderate anxiety,,,,,,More than half the days,More than half the days,More than half the days,More than half the days,More than half the days,More than half the days,More than half the days,,
Questionnaire/202,c2fa789e-e9a7-427b-96b8-5e69600ba8cf,,0eb40af8-ddd0-4d8e-85a5-d3b3bb1022e7,Not defined,92dd11a8-2635-476b-a8d0-573cf74d4487,0eb40af8-ddd0-4d8e-85a5-d3b3bb1022e7,d66f38ae-e5e7-4456-ae85-331284676dc6,Not defined,dd49173c-a604-40e9-9260-1fa3bd5a707e,,16,,Severe depression,,,,,,Several days,More than half the days,Nearly every day,More than half the days,Nearly every day,More than half the days,Nearly every day,Encounter/5a6303d6-a9b8-4834-983a-7876a96d8f87,
Questionnaire/202,fca7a9ad-4115-46f5-882e-60dd4972e086,0d776680-8603-4d6f-a733-6ed18abded95,0eb40af8-ddd0-4d8e-85a5-d3b3bb1022e7,a28a1a10-d6ab-45f2-84f3-8ab4db7850b2,92dd11a8-2635-476b-a8d0-573cf74d4487,0eb40af8-ddd0-4d8e-85a5-d3b3bb1022e7,e22f62dc-f531-418c-a13d-10385b0f0c4f,2.0.1-engage,deb8ef63-3107-476c-b631-b6ec69cd7eac,moderate-anxiety,11,Task/07eb8165-0084-4c62-8ab8-e80e334afe43/_history/1,Moderate anxiety,,,,,,More than half the days,More than half the days,Several days,Not at all,Nearly every day,More than half the days,Several days,,
Questionnaire/202,5ee2402d-024a-4cd3-9d2c-42124a638a7e,7742ef96-454c-4baa-9936-3469b2583627,0eb40af8-ddd0-4d8e-85a5-d3b3bb1022e7,a28a1a10-d6ab-45f2-84f3-8ab4db7850b2,92dd11a8-2635-476b-a8d0-573cf74d4487,0eb40af8-ddd0-4d8e-85a5-d3b3bb1022e7,e22f62dc-f531-418c-a13d-10385b0f0c4f,2.2.0-engage,df0190b3-a784-4c48-b4d7-15351ca1b9f1,severe-anxiety,17,Task/28006619-e9ef-4a03-8560-e2d6742ff82c,Severe anxiety,,,,,,More than half the days,Nearly every day,More than half the days,Nearly every day,More than half the days,Nearly every day,More than half the days,,
Questionnaire/202,e1bd4888-a6e6-4050-93be-6d88ee829f73,,0eb40af8-ddd0-4d8e-85a5-d3b3bb1022e7,Not defined,92dd11a8-2635-476b-a8d0-573cf74d4487,0eb40af8-ddd0-4d8e-85a5-d3b3bb1022e7,d66f38ae-e5e7-4456-ae85-331284676dc6,Not defined,e2b9abf1-a65a-4b37-9fd6-272234f89d7d,,14,,Moderate anxiety,,,,,,More than half the days,More than half the days,More than half the days,Several days,More than half the days,Nearly every day,More than half the days,Encounter/5d94437b-1a19-49da-930f-c802f09800cf,
Questionnaire/202,caa6081c-0389-422a-bc4d-8824537aa76b,,0eb40af8-ddd0-4d8e-85a5-d3b3bb1022e7,Not defined,92dd11a8-2635-476b-a8d0-573cf74d4487,0eb40af8-ddd0-4d8e-85a5-d3b3bb1022e7,d66f38ae-e5e7-4456-ae85-331284676dc6,Not defined,e6c6207a-9f69-4fce-bc8b-8225752d2222,,15,,Severe depression,26,1,26,1998-07-02,,More than half the days,Nearly every day,Not at all,More than half the days,Nearly every day,Nearly every day,More than half the days,,
Questionnaire/202,9681af90-a7a8-4c67-a909-811a6dc6a0bf,,0eb40af8-ddd0-4d8e-85a5-d3b3bb1022e7,Not defined,92dd11a8-2635-476b-a8d0-573cf74d4487,0eb40af8-ddd0-4d8e-85a5-d3b3bb1022e7,e22f62dc-f531-418c-a13d-10385b0f0c4f,Not defined,e92b63b8-e51d-48cc-ac51-13786f8ae873,moderate-anxiety,12,Task/62f8a01e-a7c1-490b-92dc-51d9e825ac28,Moderate anxiety,,,,,,Several days,Not at all,Nearly every day,More than half the days,Several days,Nearly every day,More than half the days,,
Questionnaire/202,f01aa0d5-7e65-4f61-a787-ab4dd2535fa6,,0eb40af8-ddd0-4d8e-85a5-d3b3bb1022e7,Not defined,92dd11a8-2635-476b-a8d0-573cf74d4487,0eb40af8-ddd0-4d8e-85a5-d3b3bb1022e7,e22f62dc-f531-418c-a13d-10385b0f0c4f,Not defined,ed819641-4e4a-48af-b397-d7982ba0a503,moderate-anxiety,13,Task/76f49353-fa6e-4466-a28d-d78394da2a38,Moderate anxiety,,,,,,Not at all,More than half the days,More than half the days,Nearly every day,Several days,More than half the days,Nearly every day,,
Questionnaire/202,b9e145b6-76c6-4760-ae39-56a61654b62e,,0eb40af8-ddd0-4d8e-85a5-d3b3bb1022e7,Not defined,92dd11a8-2635-476b-a8d0-573cf74d4487,0eb40af8-ddd0-4d8e-85a5-d3b3bb1022e7,d66f38ae-e5e7-4456-ae85-331284676dc6,Not defined,eef95335-9ff3-43cb-8517-8b66ad5ddced,,13,,Moderate anxiety,,,,,,More than half the days,More than half the days,More than half the days,Several days,More than half the days,Nearly every day,Several days,Encounter/47aec84e-8ead-41a9-9a1f-2a99b0e52695,
Questionnaire/202,6d9ebad3-a690-4dd1-a97a-4543be19f0a2,ee939991-24fd-4399-9feb-fdbae67403d7,0eb40af8-ddd0-4d8e-85a5-d3b3bb1022e7,a28a1a10-d6ab-45f2-84f3-8ab4db7850b2,92dd11a8-2635-476b-a8d0-573cf74d4487,0eb40af8-ddd0-4d8e-85a5-d3b3bb1022e7,e22f62dc-f531-418c-a13d-10385b0f0c4f,2.2.0-engage,f43c8aa2-c7de-4b16-a4ab-49bbf511e91d,mild-anxiety,7,Task/2cef1a57-f292-4d0d-9d82-3fde222bae39/_history/1,Mild anxiety,,,,,,Several days,Several days,Several days,Several days,Several days,Several days,Several days,,
Questionnaire/202,4d6dc627-fb3c-4f3d-a558-f28d1152f7e4,,0eb40af8-ddd0-4d8e-85a5-d3b3bb1022e7,Not defined,92dd11a8-2635-476b-a8d0-573cf74d4487,0eb40af8-ddd0-4d8e-85a5-d3b3bb1022e7,e22f62dc-f531-418c-a13d-10385b0f0c4f,Not defined,f6b073ac-8551-4459-b079-8aec713305e1,moderate-anxiety,14,Task/653ca2ad-3ad2-4d19-af2a-2e49e1c61412,Moderate anxiety,,,,,,Several days,Several days,Nearly every day,More than half the days,More than half the days,Nearly every day,More than half the days,,
Questionnaire/202,04edab19-6899-4eb6-8486-34a8e0509963,a385ae98-bda6-4a41-af77-62ae1feeba87,0eb40af8-ddd0-4d8e-85a5-d3b3bb1022e7,a28a1a10-d6ab-45f2-84f3-8ab4db7850b2,92dd11a8-2635-476b-a8d0-573cf74d4487,0eb40af8-ddd0-4d8e-85a5-d3b3bb1022e7,e22f62dc-f531-418c-a13d-10385b0f0c4f,2.0.0-engage,f95ab82c-1180-47d1-8623-b7184d189b56,severe-anxiety,15,Task/71f25a23-50cb-4304-8bfa-e8fdd245d083,Severe anxiety,,,,,,Several days,More than half the days,Nearly every day,More than half the days,More than half the days,Nearly every day,More than half the days,,
Questionnaire/202,1743be9a-3a6e-408f-9e54-b9e0501c2584,,0eb40af8-ddd0-4d8e-85a5-d3b3bb1022e7,Not defined,92dd11a8-2635-476b-a8d0-573cf74d4487,0eb40af8-ddd0-4d8e-85a5-d3b3bb1022e7,d66f38ae-e5e7-4456-ae85-331284676dc6,Not defined,fba08bd3-2017-40cf-b2db-3c429f592731,,15,,Severe depression,,,,,,More than half the days,Several days,More than half the days,Nearly every day,More than half the days,More than half the days,Nearly every day,Encounter/851a2630-0526-487a-996f-fc5cd973c271,
Questionnaire/202,bd41c189-6b9e-4544-bb9d-e8cfe0a2d76b,a9ae860d-503c-4f72-bc90-ee35811f4d33,0eb40af8-ddd0-4d8e-85a5-d3b3bb1022e7,a28a1a10-d6ab-45f2-84f3-8ab4db7850b2,92dd11a8-2635-476b-a8d0-573cf74d4487,0eb40af8-ddd0-4d8e-85a5-d3b3bb1022e7,e22f62dc-f531-418c-a13d-10385b0f0c4f,2.2.0-engage,fbfeda48-bf4e-4028-9bc9-e0bb9514ba0d,moderate-anxiety,10,Task/d24f6542-7ace-4be8-b721-08d59cae98cb/_history/1,Moderate anxiety,,,,,,More than half the days,Several days,Several days,More than half the days,Several days,More than half the days,Several days,,
Questionnaire/202,76769aa3-fc46-45e2-bc1d-72df0cb35625,,0eb40af8-ddd0-4d8e-85a5-d3b3bb1022e7,Not defined,92dd11a8-2635-476b-a8d0-573cf74d4487,0eb40af8-ddd0-4d8e-85a5-d3b3bb1022e7,d66f38ae-e5e7-4456-ae85-331284676dc6,Not defined,fcaf8285-02f5-486a-be4b-0d85e1f8d28f,,9,,Mild anxiety,,,,,,Several days,Not at all,More than half the days,Several days,More than half the days,Several days,More than half the days,Encounter/15422a22-afc1-4493-82f5-3182f59e380f,
Questionnaire/202,a06be9c5-ff8f-4627-8a4c-43d4dc53dd4f,,0eb40af8-ddd0-4d8e-85a5-d3b3bb1022e7,Not defined,92dd11a8-2635-476b-a8d0-573cf74d4487,0eb40af8-ddd0-4d8e-85a5-d3b3bb1022e7,e22f62dc-f531-418c-a13d-10385b0f0c4f,Not defined,fd2a7d43-2853-4e74-ba6a-35bf5132e6ef,moderate-anxiety,12,Task/dbe3ae4e-ddb0-47b9-984c-a48119d085ce,Moderate anxiety,,,,,,Several days,More than half the days,Nearly every day,Not at all,Several days,More than half the days,Nearly every day,,
