questionnaire_id,subject_patient_id,encounter_id,author_practitioner_id,practitioner_location_id,practitioner_organization_id,practitioner_id,practitioner_careteam_id,application_version,qr_id,phq_place_declare_values,phq_place_declare_values_2,problem_difficulty,phq_place_declare_values_4,phq_add_family_member,phq_add_family_member_6,phq_add_family_member_7,phq_add_family_member_8,phq_place_declare_values_9,psychomotor,suicidal_thoughts,little_interest,feeling_down,sleep_trouble,low_energy,appetite_problems,feeling_bad_self,concentration_trouble,phq_place_declare_values_19,phq_place_declare_values_21,anonymized_at
Questionnaire/54,c06dfcda-54c8-42ca-8e86-089f11e25afb,d3b075a8-023d-4ace-82ca-0dcad1e397bd,0eb40af8-ddd0-4d8e-85a5-d3b3bb1022e7,a28a1a10-d6ab-45f2-84f3-8ab4db7850b2,92dd11a8-2635-476b-a8d0-573cf74d4487,0eb40af8-ddd0-4d8e-85a5-d3b3bb1022e7,e22f62dc-f531-418c-a13d-10385b0f0c4f,2.0.0-engage,0a09d502-6da4-41b0-a63e-47aaeb399591,moderate-depression,Moderate depression,Somewhat difficult,10,,,,,,1 - Several days,2 - More than half the days,1 - Several days,1 - Several days,1 - Several days,1 - Several days,1 - Several days,1 - Several days,1 - Several days,Task/fbdf5ff9-da4c-4a5e-9d36-4e29b0b5b371,,2025-09-25 21:05:36.728101+00
Questionnaire/54,1743be9a-3a6e-408f-9e54-b9e0501c2584,,0eb40af8-ddd0-4d8e-85a5-d3b3bb1022e7,Not defined,92dd11a8-2635-476b-a8d0-573cf74d4487,0eb40af8-ddd0-4d8e-85a5-d3b3bb1022e7,d66f38ae-e5e7-4456-ae85-331284676dc6,Not defined,0eccb564-d1a3-4890-aa69-fbaf6f9dc22e,,Moderately severe depression,Very difficult,15,,,,,,2 - More than half the days,1 - Several days,1 - Several days,2 - More than half the days,1 - Several days,3 - Nearly every day,1 - Several days,2 - More than half the days,3 - Nearly every day,,,2025-09-25 21:05:36.728101+00
Questionnaire/54,42c3163d-d1bb-46df-9894-2db06c8ef8a3,,0eb40af8-ddd0-4d8e-85a5-d3b3bb1022e7,Not defined,92dd11a8-2635-476b-a8d0-573cf74d4487,0eb40af8-ddd0-4d8e-85a5-d3b3bb1022e7,e22f62dc-f531-418c-a13d-10385b0f0c4f,Not defined,0fa2e3cc-fba7-45d8-8ddf-efedda80cad0,moderate-depression,Moderate depression,Extremely difficult,13,,,,,,0 - Not at all,2 - More than half the days,1 - Several days,1 - Several days,1 - Several days,2 - More than half the days,3 - Nearly every day,2 - More than half the days,1 - Several days,Task/04eda605-e4b9-4ac6-9427-86b96d7467b9,,2025-09-25 21:05:36.728101+00
Questionnaire/54,5f896878-1169-4ea7-b479-835b28679f17,1d0f0cdf-5ca0-4048-94be-ff158a7d4249,0eb40af8-ddd0-4d8e-85a5-d3b3bb1022e7,a28a1a10-d6ab-45f2-84f3-8ab4db7850b2,92dd11a8-2635-476b-a8d0-573cf74d4487,0eb40af8-ddd0-4d8e-85a5-d3b3bb1022e7,e22f62dc-f531-418c-a13d-10385b0f0c4f,2.0.0-engage,10cb084a-6570-4fc2-9c6c-3dee8830bd52,moderately-severe-depression,Moderately severe depression,Very difficult,17,,,,,,2 - More than half the days,3 - Nearly every day,1 - Several days,1 - Several days,2 - More than half the days,2 - More than half the days,2 - More than half the days,1 - Several days,3 - Nearly every day,Task/703c14ec-f466-4091-8a5e-ff4d164bb4b3,,2025-09-25 21:05:36.728101+00
Questionnaire/54,c220a224-11b2-4a42-a02f-007eecb3b4f0,0639380d-e2fd-4f7d-8800-d9e809d580ca,0eb40af8-ddd0-4d8e-85a5-d3b3bb1022e7,a28a1a10-d6ab-45f2-84f3-8ab4db7850b2,92dd11a8-2635-476b-a8d0-573cf74d4487,0eb40af8-ddd0-4d8e-85a5-d3b3bb1022e7,e22f62dc-f531-418c-a13d-10385b0f0c4f,2.2.0-engage,11e466c6-ba12-46bf-ba71-83fca16bef1e,moderate-depression,Moderate depression,Somewhat difficult,14,,,,,,Several days,More than half the days,More than half the days,Several days,More than half the days,Several days,More than half the days,Several days,More than half the days,Task/5787f9a0-0abf-46fe-b3e9-ef692ff3c259,,2025-09-25 21:05:36.728101+00
Questionnaire/54,00b1521a-c4bc-4806-a497-7acd76ad477a,545a3fa2-cb5b-43d4-b138-ede5c38cfaac,0eb40af8-ddd0-4d8e-85a5-d3b3bb1022e7,a28a1a10-d6ab-45f2-84f3-8ab4db7850b2,92dd11a8-2635-476b-a8d0-573cf74d4487,0eb40af8-ddd0-4d8e-85a5-d3b3bb1022e7,e22f62dc-f531-418c-a13d-10385b0f0c4f,2.0.0-engage,12e808fc-fe45-4cfb-a301-b927de6f0855,severe-depression,Severe depression,Very difficult,20,,,,,,1 - Several days,2 - More than half the days,2 - More than half the days,3 - Nearly every day,3 - Nearly every day,3 - Nearly every day,2 - More than half the days,3 - Nearly every day,1 - Several days,Task/1481e3cb-e8f3-4dd3-94e7-e32c6225b2a5,,2025-09-25 21:05:36.728101+00
Questionnaire/54,d918489d-b46f-4a67-ac03-04b449ab1096,,0eb40af8-ddd0-4d8e-85a5-d3b3bb1022e7,Not defined,92dd11a8-2635-476b-a8d0-573cf74d4487,0eb40af8-ddd0-4d8e-85a5-d3b3bb1022e7,e22f62dc-f531-418c-a13d-10385b0f0c4f,Not defined,15450793-4c56-416c-a430-ed7b7a684732,moderately-severe-depression,Moderately severe depression,Extremely difficult,19,,,,,,0 - Not at all,1 - Several days,3 - Nearly every day,3 - Nearly every day,3 - Nearly every day,3 - Nearly every day,3 - Nearly every day,3 - Nearly every day,0 - Not at all,Task/fdbb0380-5795-4e53-a1ba-caf750056f2e,,2025-09-25 21:05:36.728101+00
Questionnaire/54,65238dc0-fbe6-41b0-b909-579fcc09dadf,,0eb40af8-ddd0-4d8e-85a5-d3b3bb1022e7,Not defined,92dd11a8-2635-476b-a8d0-573cf74d4487,0eb40af8-ddd0-4d8e-85a5-d3b3bb1022e7,e22f62dc-f531-418c-a13d-10385b0f0c4f,Not defined,190a43a4-06c9-4485-8268-8fa47a0f3c6a,,Mild depression,Very difficult,6,,,,,,,1 - Several days,2 - More than half the days,1 - Several days,3 - Nearly every day,2 - More than half the days,,,,,,2025-09-25 21:05:36.728101+00
Questionnaire/54,65238dc0-fbe6-41b0-b909-579fcc09dadf,,0eb40af8-ddd0-4d8e-85a5-d3b3bb1022e7,Not defined,92dd11a8-2635-476b-a8d0-573cf74d4487,0eb40af8-ddd0-4d8e-85a5-d3b3bb1022e7,e22f62dc-f531-418c-a13d-10385b0f0c4f,Not defined,19a0dffd-e922-46d2-afc3-ce293cb5e88f,,None-minimal depression,,3,,,,,,,,2 - More than half the days,1 - Several days,3 - Nearly every day,,,,,,,2025-09-25 21:05:36.728101+00
Questionnaire/54,e883c55e-bb50-4f0c-9e11-8bd5138160f8,d3bc8951-47e6-48b6-ae9e-6fe880102416,7146b21a-154f-4107-baf4-eb997ae71409,27e21b5d-c528-40d2-a44a-bc9e4fdbb703,60a2706c-ff10-4966-8fc0-54b217490646,7146b21a-154f-4107-baf4-eb997ae71409,2acfebb8-cb90-45bb-965e-1897c2274d1f,2.2.0-engage,19c39650-32f1-4fc3-a283-013749b04068,mild-depression,Mild depression,Not difficult at all,8,,,,,,Several days,Not at all,Several days,Several days,Several days,Several days,Several days,Several days,Several days,Task/08409ef8-361a-4366-9154-77e7e319a003,,2025-09-25 21:05:36.728101+00
Questionnaire/54,9b4f31f2-b327-47c9-91c6-56082f924410,936299a9-28d7-4af9-bec7-6aa640c85af5,0eb40af8-ddd0-4d8e-85a5-d3b3bb1022e7,a28a1a10-d6ab-45f2-84f3-8ab4db7850b2,92dd11a8-2635-476b-a8d0-573cf74d4487,0eb40af8-ddd0-4d8e-85a5-d3b3bb1022e7,e22f62dc-f531-418c-a13d-10385b0f0c4f,2.2.0-engage,1a271cf7-6571-40fc-859c-ba3acf6531a5,mild-depression,Mild depression,Not difficult at all,5,,,,,,Not at all,Several days,Not at all,Several days,Several days,Not at all,Several days,Not at all,Several days,Task/ff51be1c-de14-43f0-b6fb-9a2555854810/_history/1,,2025-09-25 21:05:36.728101+00
Questionnaire/54,a9aaadf4-b3ae-48f0-8ce1-513ffe2dea5f,6ce912b2-4083-4646-a69c-3adf25425a67,5859d5f3-d37b-4a28-a68f-5ce1aaac611f,7a2bad81-130f-4785-8438-af7aac92fedf,602ec278-054a-473e-a553-957bd5ac8c6f,5859d5f3-d37b-4a28-a68f-5ce1aaac611f,83586171-9bac-426a-aae5-798bf548e15e,2.0.2-engage,1e9f334a-22e4-4e9e-9b1e-b611eb3ed829,moderately-severe-depression,Moderately severe depression,Very difficult,19,,,,,,Not at all,Nearly every day,Nearly every day,More than half the days,Nearly every day,More than half the days,Nearly every day,More than half the days,Several days,Task/b7cfb4df-878f-4fc1-8842-e501dbc7658c,,2025-09-25 21:05:36.728101+00
Questionnaire/54,c4313e17-2efd-4931-9a18-26ec9b08e348,,0eb40af8-ddd0-4d8e-85a5-d3b3bb1022e7,Not defined,92dd11a8-2635-476b-a8d0-573cf74d4487,0eb40af8-ddd0-4d8e-85a5-d3b3bb1022e7,e22f62dc-f531-418c-a13d-10385b0f0c4f,Not defined,209608c1-be75-4435-b545-910f03a2b061,none-minimal-depression,None-minimal depression,,2,,,,,,,,2 - More than half the days,,,,,,,Task/3e8944f5-6397-4c59-b463-4b68ccb59f8a,,2025-09-25 21:05:36.728101+00
Questionnaire/54,ec421eed-1c76-49e7-9ce0-ed133e6f6379,0ae5d17d-aa86-4784-be08-e9d6237e2363,0eb40af8-ddd0-4d8e-85a5-d3b3bb1022e7,a28a1a10-d6ab-45f2-84f3-8ab4db7850b2,92dd11a8-2635-476b-a8d0-573cf74d4487,0eb40af8-ddd0-4d8e-85a5-d3b3bb1022e7,e22f62dc-f531-418c-a13d-10385b0f0c4f,2.0.0-engage,21b39635-dfd7-44ef-a5a8-6a81368cde54,none-minimal-depression,None-minimal depression,Somewhat difficult,4,,,,,,1 - Several days,1 - Several days,0 - Not at all,0 - Not at all,0 - Not at all,0 - Not at all,0 - Not at all,1 - Several days,1 - Several days,Task/ab13dbc4-89f3-4612-bf62-45892c732b68,,2025-09-25 21:05:36.728101+00
Questionnaire/54,ea30719f-a29f-4b56-b5a8-2c837077d995,,0eb40af8-ddd0-4d8e-85a5-d3b3bb1022e7,Not defined,92dd11a8-2635-476b-a8d0-573cf74d4487,0eb40af8-ddd0-4d8e-85a5-d3b3bb1022e7,e22f62dc-f531-418c-a13d-10385b0f0c4f,Not defined,21c47fc4-407f-4c36-a438-836137d5e3ab,,Moderately severe depression,,15,,,,,,,,0 - Not at all,3 - Nearly every day,3 - Nearly every day,3 - Nearly every day,3 - Nearly every day,3 - Nearly every day,3 - Nearly every day,,,2025-09-25 21:05:36.728101+00
Questionnaire/54,9a888a17-b426-4596-8d17-707197d97541,,0eb40af8-ddd0-4d8e-85a5-d3b3bb1022e7,Not defined,92dd11a8-2635-476b-a8d0-573cf74d4487,0eb40af8-ddd0-4d8e-85a5-d3b3bb1022e7,d66f38ae-e5e7-4456-ae85-331284676dc6,Not defined,21f0abe7-b3ed-476d-84f9-0136afbc2d1b,,None-minimal depression,,0,,,,,,,,,,,,,,,,,2025-09-25 21:05:36.728101+00
Questionnaire/54,268ddaa5-a36a-457e-8b5d-69900be9ac86,5103d9af-0eb3-4ab4-ba11-4044e3e61fe8,0eb40af8-ddd0-4d8e-85a5-d3b3bb1022e7,a28a1a10-d6ab-45f2-84f3-8ab4db7850b2,92dd11a8-2635-476b-a8d0-573cf74d4487,0eb40af8-ddd0-4d8e-85a5-d3b3bb1022e7,e22f62dc-f531-418c-a13d-10385b0f0c4f,2.0.0-engage,227dba02-17b5-4230-b298-5378ab35e99d,mild-depression,Mild depression,Somewhat difficult,8,,,,,,0 - Not at all,0 - Not at all,1 - Several days,0 - Not at all,1 - Several days,1 - Several days,2 - More than half the days,3 - Nearly every day,0 - Not at all,Task/c2e1a876-c9cd-4dd7-a6e6-b08f41993ac7,,2025-09-25 21:05:36.728101+00
Questionnaire/54,7e999d45-2828-4490-ae01-ff29f63a2aac,5540a74b-edea-44fe-ba91-1e0bcf845fee,0eb40af8-ddd0-4d8e-85a5-d3b3bb1022e7,a28a1a10-d6ab-45f2-84f3-8ab4db7850b2,92dd11a8-2635-476b-a8d0-573cf74d4487,0eb40af8-ddd0-4d8e-85a5-d3b3bb1022e7,e22f62dc-f531-418c-a13d-10385b0f0c4f,2.0.1-engage,25058573-5454-4c7e-9e78-a4c20900f559,moderate-depression,Moderate depression,Not difficult at all,13,,,,,,1 - Several days,1 - Several days,2 - More than half the days,2 - More than half the days,1 - Several days,3 - Nearly every day,2 - More than half the days,1 - Several days,0 - Not at all,Task/fd3d77ee-1417-469c-a2ef-279ae0c2fa24,,2025-09-25 21:05:36.728101+00
Questionnaire/54,48b2b0e4-eb39-4d23-ab2f-8f42bd399ff6,051a21fe-2165-43ed-bc3d-572c56f90068,0eb40af8-ddd0-4d8e-85a5-d3b3bb1022e7,a28a1a10-d6ab-45f2-84f3-8ab4db7850b2,92dd11a8-2635-476b-a8d0-573cf74d4487,0eb40af8-ddd0-4d8e-85a5-d3b3bb1022e7,e22f62dc-f531-418c-a13d-10385b0f0c4f,2.0.0-engage,25321e1e-fb7c-46e6-9ad7-731aba8c1a92,moderately-severe-depression,Moderately severe depression,Somewhat difficult,18,,,,,,2 - More than half the days,3 - Nearly every day,1 - Several days,1 - Several days,2 - More than half the days,3 - Nearly every day,2 - More than half the days,2 - More than half the days,2 - More than half the days,Task/25db01a6-b076-41d0-9399-34a571ad0632/_history/1,,2025-09-25 21:05:36.728101+00
Questionnaire/54,32787714-1df0-48dd-8df8-e1a5abf2a075,,0eb40af8-ddd0-4d8e-85a5-d3b3bb1022e7,Not defined,92dd11a8-2635-476b-a8d0-573cf74d4487,0eb40af8-ddd0-4d8e-85a5-d3b3bb1022e7,d66f38ae-e5e7-4456-ae85-331284676dc6,Not defined,26a3732d-a987-464d-8209-b17d152a19fa,,Moderate depression,Somewhat difficult,12,,,,,,1 - Several days,1 - Several days,1 - Several days,,1 - Several days,2 - More than half the days,2 - More than half the days,3 - Nearly every day,2 - More than half the days,,,2025-09-25 21:05:36.728101+00
Questionnaire/54,78235e92-7624-40e1-ab2b-097a6f20cc3e,58603e0c-7119-4ce9-8c9a-1f88a93505dd,5859d5f3-d37b-4a28-a68f-5ce1aaac611f,7a2bad81-130f-4785-8438-af7aac92fedf,602ec278-054a-473e-a553-957bd5ac8c6f,5859d5f3-d37b-4a28-a68f-5ce1aaac611f,83586171-9bac-426a-aae5-798bf548e15e,2.0.2-engage,2bba7e8d-931e-480d-ba35-f5ed46058b17,moderately-severe-depression,Moderately severe depression,Very difficult,16,,,,,,Nearly every day,More than half the days,Several days,Several days,More than half the days,Nearly every day,More than half the days,More than half the days,Not at all,Task/df0789a1-d853-4d75-b3a1-c0a9c3f4a594,,2025-09-25 21:05:36.728101+00
Questionnaire/54,241e0339-57d3-4276-a939-78d11aedae71,c7ef00f8-f7a0-4a9a-9558-7c14533eadaf,5859d5f3-d37b-4a28-a68f-5ce1aaac611f,7a2bad81-130f-4785-8438-af7aac92fedf,602ec278-054a-473e-a553-957bd5ac8c6f,5859d5f3-d37b-4a28-a68f-5ce1aaac611f,83586171-9bac-426a-aae5-798bf548e15e,2.0.1-engage,32c4801f-e35c-4603-9673-b8820b89c42e,severe-depression,Severe depression,Very difficult,24,,,,,,3 - Nearly every day,3 - Nearly every day,3 - Nearly every day,2 - More than half the days,2 - More than half the days,3 - Nearly every day,3 - Nearly every day,2 - More than half the days,3 - Nearly every day,Task/8e2edcf1-1d87-458c-ab30-8abb09834e6a,,2025-09-25 21:05:36.728101+00
Questionnaire/54,831ac242-4faf-4866-95b5-c51f9da4d439,96c2c9f3-1a70-43c1-977d-811dd8534df9,0eb40af8-ddd0-4d8e-85a5-d3b3bb1022e7,a28a1a10-d6ab-45f2-84f3-8ab4db7850b2,92dd11a8-2635-476b-a8d0-573cf74d4487,0eb40af8-ddd0-4d8e-85a5-d3b3bb1022e7,e22f62dc-f531-418c-a13d-10385b0f0c4f,2.0.0-engage,382c0f6f-536a-4c42-9c2f-a267a48f6593,severe-depression,Severe depression,Very difficult,20,,,,,,2 - More than half the days,2 - More than half the days,2 - More than half the days,2 - More than half the days,2 - More than half the days,2 - More than half the days,2 - More than half the days,3 - Nearly every day,3 - Nearly every day,Task/2653ce62-d445-4889-94cf-e3ce12db0258/_history/1,,2025-09-25 21:05:36.728101+00
Questionnaire/54,e1bd4888-a6e6-4050-93be-6d88ee829f73,,0eb40af8-ddd0-4d8e-85a5-d3b3bb1022e7,Not defined,92dd11a8-2635-476b-a8d0-573cf74d4487,0eb40af8-ddd0-4d8e-85a5-d3b3bb1022e7,d66f38ae-e5e7-4456-ae85-331284676dc6,Not defined,388e4ab3-51a8-4352-ba02-7e3249f113b3,,Moderate depression,Very difficult,12,,,,,,1 - Several days,2 - More than half the days,1 - Several days,2 - More than half the days,1 - Several days,3 - Nearly every day,0 - Not at all,3 - Nearly every day,0 - Not at all,,,2025-09-25 21:05:36.728101+00
Questionnaire/54,2964c0a4-ad4d-41c0-a9e2-07f7b4f21e34,,0eb40af8-ddd0-4d8e-85a5-d3b3bb1022e7,Not defined,92dd11a8-2635-476b-a8d0-573cf74d4487,0eb40af8-ddd0-4d8e-85a5-d3b3bb1022e7,e22f62dc-f531-418c-a13d-10385b0f0c4f,Not defined,39ee4a2f-0a03-4653-9a77-100cb82ecc8a,moderately-severe-depression,Moderately severe depression,Very difficult,16,,,,,,3 - Nearly every day,2 - More than half the days,0 - Not at all,0 - Not at all,3 - Nearly every day,2 - More than half the days,3 - Nearly every day,2 - More than half the days,1 - Several days,Task/4422248f-e94b-40dc-95dd-49527926da18,,2025-09-25 21:05:36.728101+00
Questionnaire/54,e859bb44-f139-4569-92f4-2540389ce27b,a32295bd-fb53-4308-a1e8-026827bb5c54,0eb40af8-ddd0-4d8e-85a5-d3b3bb1022e7,a28a1a10-d6ab-45f2-84f3-8ab4db7850b2,92dd11a8-2635-476b-a8d0-573cf74d4487,0eb40af8-ddd0-4d8e-85a5-d3b3bb1022e7,e22f62dc-f531-418c-a13d-10385b0f0c4f,2.0.1-engage,3a846c44-67cd-428e-a5f8-c93857534b18,moderately-severe-depression,Moderately severe depression,Very difficult,15,,,,,,2 - More than half the days,2 - More than half the days,2 - More than half the days,2 - More than half the days,1 - Several days,1 - Several days,2 - More than half the days,2 - More than half the days,1 - Several days,Task/818f8e5a-271a-4e2c-a2ca-06a390c15ceb,,2025-09-25 21:05:36.728101+00
Questionnaire/54,374cfa8e-9a53-4c82-8160-1c7fb698024f,,5859d5f3-d37b-4a28-a68f-5ce1aaac611f,7a2bad81-130f-4785-8438-af7aac92fedf,602ec278-054a-473e-a553-957bd5ac8c6f,5859d5f3-d37b-4a28-a68f-5ce1aaac611f,83586171-9bac-426a-aae5-798bf548e15e,2.0.2-engage,3ab8af63-85c4-45c2-a3db-2fe4dc2ec89b,mild-depression,Mild depression,Somewhat difficult,9,,,,,ef4ceaf5-bf70-49d6-9755-1e557e832564,Not at all,Several days,More than half the days,Several days,More than half the days,Several days,Not at all,Several days,Several days,Task/a4da89c4-74cc-40ee-9adf-04ad292ff719,97f289db-c68d-421d-aa25-a46607fc749b,2025-09-25 21:05:36.728101+00
Questionnaire/54,839b3802-7cee-4e3d-b1e0-84fa6d675496,,0eb40af8-ddd0-4d8e-85a5-d3b3bb1022e7,Not defined,92dd11a8-2635-476b-a8d0-573cf74d4487,0eb40af8-ddd0-4d8e-85a5-d3b3bb1022e7,e22f62dc-f531-418c-a13d-10385b0f0c4f,Not defined,3b8261bf-a117-49f6-ac95-0decd3e1bbb5,,None-minimal depression,,0,,,,,,0 - Not at all,0 - Not at all,0 - Not at all,0 - Not at all,0 - Not at all,0 - Not at all,0 - Not at all,0 - Not at all,0 - Not at all,Task/2a351204-8d9c-4159-a0a9-3bc054c8129f,,2025-09-25 21:05:36.728101+00
Questionnaire/54,bd41c189-6b9e-4544-bb9d-e8cfe0a2d76b,5aa365ad-813a-4a40-84c3-a1e480aa30f9,0eb40af8-ddd0-4d8e-85a5-d3b3bb1022e7,a28a1a10-d6ab-45f2-84f3-8ab4db7850b2,92dd11a8-2635-476b-a8d0-573cf74d4487,0eb40af8-ddd0-4d8e-85a5-d3b3bb1022e7,e22f62dc-f531-418c-a13d-10385b0f0c4f,2.2.0-engage,3d17bb1a-6632-428f-be8e-1556c881bc58,severe-depression,Severe depression,Very difficult,23,,,,,,More than half the days,Nearly every day,More than half the days,Nearly every day,Nearly every day,More than half the days,Nearly every day,More than half the days,Nearly every day,Task/1b372e07-dc00-4048-9ca7-2dd5116b89e9/_history/1,,2025-09-25 21:05:36.728101+00
Questionnaire/54,374cfa8e-9a53-4c82-8160-1c7fb698024f,ef4ceaf5-bf70-49d6-9755-1e557e832564,5859d5f3-d37b-4a28-a68f-5ce1aaac611f,7a2bad81-130f-4785-8438-af7aac92fedf,602ec278-054a-473e-a553-957bd5ac8c6f,5859d5f3-d37b-4a28-a68f-5ce1aaac611f,83586171-9bac-426a-aae5-798bf548e15e,2.0.2-engage,3f21a830-a9af-4de8-89b6-1b2a5ced4344,moderately-severe-depression,Moderately severe depression,Very difficult,18,,,,,,More than half the days,Nearly every day,Not at all,More than half the days,Nearly every day,More than half the days,Nearly every day,Several days,More than half the days,Task/a4da89c4-74cc-40ee-9adf-04ad292ff719,,2025-09-25 21:05:36.728101+00
Questionnaire/54,e3417ced-8d7e-4e00-b267-db8b5f808e7a,,0eb40af8-ddd0-4d8e-85a5-d3b3bb1022e7,Not defined,92dd11a8-2635-476b-a8d0-573cf74d4487,0eb40af8-ddd0-4d8e-85a5-d3b3bb1022e7,d66f38ae-e5e7-4456-ae85-331284676dc6,Not defined,3f38acd2-576f-4442-a1fc-8d70f929ae2e,,Moderately severe depression,Extremely difficult,16,,,,,,3 - Nearly every day,2 - More than half the days,1 - Several days,2 - More than half the days,3 - Nearly every day,2 - More than half the days,1 - Several days,3 - Nearly every day,2 - More than half the days,,,2025-09-25 21:05:36.728101+00
Questionnaire/54,ab6c478f-9bae-4e66-9ebc-4ebb79712624,f3c83f71-49b8-4214-bc42-3828b9b29940,0eb40af8-ddd0-4d8e-85a5-d3b3bb1022e7,a28a1a10-d6ab-45f2-84f3-8ab4db7850b2,92dd11a8-2635-476b-a8d0-573cf74d4487,0eb40af8-ddd0-4d8e-85a5-d3b3bb1022e7,e22f62dc-f531-418c-a13d-10385b0f0c4f,2.1.3-engage,42daeb30-ace5-4d4b-ad22-30b75dd2adca,moderately-severe-depression,Moderately severe depression,Very difficult,16,,,,,,Several days,Nearly every day,Several days,More than half the days,Several days,More than half the days,Several days,Nearly every day,More than half the days,Task/7934af26-f322-4f46-a0b1-f017018326fc,,2025-09-25 21:05:36.728101+00
Questionnaire/54,67878fbd-4a2f-4876-ab4f-54840b4cf697,,0eb40af8-ddd0-4d8e-85a5-d3b3bb1022e7,Not defined,92dd11a8-2635-476b-a8d0-573cf74d4487,0eb40af8-ddd0-4d8e-85a5-d3b3bb1022e7,e22f62dc-f531-418c-a13d-10385b0f0c4f,Not defined,46a3c4f4-8a94-4233-bd8c-ad57457ccab3,none-minimal-depression,None-minimal depression,,2,,,,,,,,2 - More than half the days,,,,,,,Task/d32ac5a0-83ac-4ae1-b98e-b17859844d21,,2025-09-25 21:05:36.728101+00
Questionnaire/54,5ee2402d-024a-4cd3-9d2c-42124a638a7e,5c7e7fde-6310-472d-b515-ffe79459d74f,0eb40af8-ddd0-4d8e-85a5-d3b3bb1022e7,a28a1a10-d6ab-45f2-84f3-8ab4db7850b2,92dd11a8-2635-476b-a8d0-573cf74d4487,0eb40af8-ddd0-4d8e-85a5-d3b3bb1022e7,e22f62dc-f531-418c-a13d-10385b0f0c4f,2.2.0-engage,48934fde-471d-4116-b001-13e47c54fb49,moderately-severe-depression,Moderately severe depression,Very difficult,17,,,,,,Several days,More than half the days,More than half the days,More than half the days,Nearly every day,More than half the days,More than half the days,More than half the days,Several days,Task/45d855e0-7d64-4689-b59b-9b7ebe1d1980,,2025-09-25 21:05:36.728101+00
Questionnaire/54,fca7a9ad-4115-46f5-882e-60dd4972e086,5530ae86-9b9a-4800-b95e-d723cd677c9c,0eb40af8-ddd0-4d8e-85a5-d3b3bb1022e7,a28a1a10-d6ab-45f2-84f3-8ab4db7850b2,92dd11a8-2635-476b-a8d0-573cf74d4487,0eb40af8-ddd0-4d8e-85a5-d3b3bb1022e7,e22f62dc-f531-418c-a13d-10385b0f0c4f,2.0.1-engage,4de97a75-db1f-4503-8d1f-dc542bec15e5,moderately-severe-depression,Moderately severe depression,Extremely difficult,18,,,,,,1 - Several days,3 - Nearly every day,2 - More than half the days,2 - More than half the days,2 - More than half the days,1 - Several days,3 - Nearly every day,2 - More than half the days,2 - More than half the days,Task/84328925-1682-4422-82fc-738f3be64280/_history/1,,2025-09-25 21:05:36.728101+00
Questionnaire/54,43068428-78ef-4434-b1d8-c8c6c2da1cfb,b5309eb1-1e8b-4ee3-ad5b-0d8aabb12f7b,0eb40af8-ddd0-4d8e-85a5-d3b3bb1022e7,a28a1a10-d6ab-45f2-84f3-8ab4db7850b2,92dd11a8-2635-476b-a8d0-573cf74d4487,0eb40af8-ddd0-4d8e-85a5-d3b3bb1022e7,e22f62dc-f531-418c-a13d-10385b0f0c4f,2.0.1-engage,4e016b03-3fba-4874-aa4d-e314f1f3e5b5,moderately-severe-depression,Moderately severe depression,Very difficult,18,,,,,,More than half the days,More than half the days,More than half the days,More than half the days,More than half the days,More than half the days,More than half the days,More than half the days,More than half the days,Task/da282a54-6a0f-4e94-b569-e03fedd629ca,,2025-09-25 21:05:36.728101+00
Questionnaire/54,2aef6361-7dd6-4aa0-a983-9803357c30b5,,0eb40af8-ddd0-4d8e-85a5-d3b3bb1022e7,Not defined,92dd11a8-2635-476b-a8d0-573cf74d4487,0eb40af8-ddd0-4d8e-85a5-d3b3bb1022e7,d66f38ae-e5e7-4456-ae85-331284676dc6,Not defined,4e0237c4-a720-4ca3-9193-89f883e8712e,,Mild depression,Extremely difficult,9,,,,,,1 - Several days,2 - More than half the days,1 - Several days,2 - More than half the days,1 - Several days,2 - More than half the days,0 - Not at all,1 - Several days,0 - Not at all,,,2025-09-25 21:05:36.728101+00
Questionnaire/54,8ec9d34c-0cce-4cd8-a0f1-1e2533bc7221,78896d07-429c-4ca2-bad3-9091739e13c2,0eb40af8-ddd0-4d8e-85a5-d3b3bb1022e7,a28a1a10-d6ab-45f2-84f3-8ab4db7850b2,92dd11a8-2635-476b-a8d0-573cf74d4487,0eb40af8-ddd0-4d8e-85a5-d3b3bb1022e7,e22f62dc-f531-418c-a13d-10385b0f0c4f,2.0.1-engage,4ed32f8c-2a08-475d-bb96-cba8c0ab31ca,moderate-depression,Moderate depression,Somewhat difficult,11,,,,,,1 - Several days,2 - More than half the days,1 - Several days,2 - More than half the days,1 - Several days,1 - Several days,1 - Several days,1 - Several days,1 - Several days,Task/1090175b-d0ae-40d2-ab66-6dddabe081b0,,2025-09-25 21:05:36.728101+00
Questionnaire/54,87f0f749-f6b9-4225-8548-fe05417e8847,299e9185-7964-41a0-aa29-185750f61cb2,5859d5f3-d37b-4a28-a68f-5ce1aaac611f,7a2bad81-130f-4785-8438-af7aac92fedf,602ec278-054a-473e-a553-957bd5ac8c6f,5859d5f3-d37b-4a28-a68f-5ce1aaac611f,83586171-9bac-426a-aae5-798bf548e15e,2.0.2-engage,4f3355c2-c8c4-40e3-a5cf-671b2eeeb8f3,severe-depression,Severe depression,Extremely difficult,22,,,,,,More than half the days,Nearly every day,More than half the days,Nearly every day,More than half the days,Nearly every day,More than half the days,Nearly every day,More than half the days,Task/8b03e942-4230-4c13-95c6-d5cce27b3aa8,,2025-09-25 21:05:36.728101+00
Questionnaire/54,b9e145b6-76c6-4760-ae39-56a61654b62e,,0eb40af8-ddd0-4d8e-85a5-d3b3bb1022e7,Not defined,92dd11a8-2635-476b-a8d0-573cf74d4487,0eb40af8-ddd0-4d8e-85a5-d3b3bb1022e7,d66f38ae-e5e7-4456-ae85-331284676dc6,Not defined,50687494-c67c-4b22-8e1a-6d3c2bae036f,,Moderate depression,Somewhat difficult,12,,,,,,1 - Several days,3 - Nearly every day,1 - Several days,1 - Several days,3 - Nearly every day,1 - Several days,0 - Not at all,3 - Nearly every day,2 - More than half the days,,,2025-09-25 21:05:36.728101+00
Questionnaire/54,76769aa3-fc46-45e2-bc1d-72df0cb35625,,0eb40af8-ddd0-4d8e-85a5-d3b3bb1022e7,Not defined,92dd11a8-2635-476b-a8d0-573cf74d4487,0eb40af8-ddd0-4d8e-85a5-d3b3bb1022e7,d66f38ae-e5e7-4456-ae85-331284676dc6,Not defined,529c25e0-e883-4d5b-a60d-1669611d5544,,Moderate depression,Very difficult,13,,,,,,2 - More than half the days,2 - More than half the days,1 - Several days,2 - More than half the days,2 - More than half the days,2 - More than half the days,1 - Several days,1 - Several days,2 - More than half the days,,,2025-09-25 21:05:36.728101+00
Questionnaire/54,65238dc0-fbe6-41b0-b909-579fcc09dadf,,0eb40af8-ddd0-4d8e-85a5-d3b3bb1022e7,Not defined,92dd11a8-2635-476b-a8d0-573cf74d4487,0eb40af8-ddd0-4d8e-85a5-d3b3bb1022e7,e22f62dc-f531-418c-a13d-10385b0f0c4f,Not defined,53e13491-5919-4826-b55c-d6c87ac64f96,,Severe depression,,24,,,,,,3 - Nearly every day,3 - Nearly every day,3 - Nearly every day,3 - Nearly every day,3 - Nearly every day,3 - Nearly every day,3 - Nearly every day,3 - Nearly every day,3 - Nearly every day,,,2025-09-25 21:05:36.728101+00
Questionnaire/54,ef0eaef7-f014-45a1-8624-f91b20f6e4fa,,0eb40af8-ddd0-4d8e-85a5-d3b3bb1022e7,Not defined,92dd11a8-2635-476b-a8d0-573cf74d4487,0eb40af8-ddd0-4d8e-85a5-d3b3bb1022e7,e22f62dc-f531-418c-a13d-10385b0f0c4f,Not defined,57c097e4-2d90-4470-b72e-f4888e31d0b5,,Moderate depression,Somewhat difficult,11,,,,,,0 - Not at all,1 - Several days,1 - Several days,2 - More than half the days,1 - Several days,1 - Several days,0 - Not at all,2 - More than half the days,3 - Nearly every day,Task/054a557e-684c-4747-81cb-a3b77e55889f,,2025-09-25 21:05:36.728101+00
Questionnaire/54,999aa104-eb57-4875-80a2-70d40a2f1b4f,,0eb40af8-ddd0-4d8e-85a5-d3b3bb1022e7,Not defined,92dd11a8-2635-476b-a8d0-573cf74d4487,0eb40af8-ddd0-4d8e-85a5-d3b3bb1022e7,d66f38ae-e5e7-4456-ae85-331284676dc6,Not defined,591d6a60-ab38-4694-b4e3-e933a86c7f68,,Moderately severe depression,Very difficult,15,26,1,26,1998-07-02,,0 - Not at all,3 - Nearly every day,1 - Several days,2 - More than half the days,0 - Not at all,3 - Nearly every day,1 - Several days,3 - Nearly every day,2 - More than half the days,,,2025-09-25 21:05:36.728101+00
Questionnaire/54,658bf01b-d18f-4ac1-8da5-4740a1c4bc6d,77edcf85-4a3f-4da2-aac6-69293f2cbc95,0eb40af8-ddd0-4d8e-85a5-d3b3bb1022e7,a28a1a10-d6ab-45f2-84f3-8ab4db7850b2,92dd11a8-2635-476b-a8d0-573cf74d4487,0eb40af8-ddd0-4d8e-85a5-d3b3bb1022e7,e22f62dc-f531-418c-a13d-10385b0f0c4f,2.2.0-engage,5d6e1261-a940-4365-bfbe-2c62e5bf36c8,mild-depression,Mild depression,Somewhat difficult,9,,,,,,Several days,Several days,Several days,Several days,Several days,Several days,Several days,Several days,Several days,Task/79d42785-b234-4e54-920c-e610c5e0fda9/_history/1,,2025-09-25 21:05:36.728101+00
Questionnaire/54,caa6081c-0389-422a-bc4d-8824537aa76b,,0eb40af8-ddd0-4d8e-85a5-d3b3bb1022e7,Not defined,92dd11a8-2635-476b-a8d0-573cf74d4487,0eb40af8-ddd0-4d8e-85a5-d3b3bb1022e7,d66f38ae-e5e7-4456-ae85-331284676dc6,Not defined,60d61948-d20c-4d65-a22e-7ba692e2f414,,Moderately severe depression,Extremely difficult,16,26,1,26,1998-07-02,,3 - Nearly every day,2 - More than half the days,1 - Several days,2 - More than half the days,1 - Several days,3 - Nearly every day,2 - More than half the days,1 - Several days,2 - More than half the days,,,2025-09-25 21:05:36.728101+00
Questionnaire/54,7ccbfbcc-3b7d-4aea-9b15-045bebd17684,59fa7ec1-c764-492a-be14-dfec30bb4aaf,8ecda3b5-f741-4752-ba5e-0f93006aa100,1a244e58-4583-41ff-9f9c-acb14d5ee9ec,d49549fa-5068-4a6e-81fc-eb6c315d2d53,8ecda3b5-f741-4752-ba5e-0f93006aa100,02564c94-d5c0-4356-b697-ebc48a3e0412,2.2.0-engage,638cddb0-05ee-4060-8f25-eb6427754fec,moderately-severe-depression,Moderately severe depression,Very difficult,16,,,,,,More than half the days,More than half the days,Several days,More than half the days,Several days,More than half the days,More than half the days,More than half the days,More than half the days,Task/fbe5dabc-df05-41cc-874b-89080317cb11,,2025-09-25 21:05:36.728101+00
Questionnaire/54,e28cf800-1e9b-4542-a22c-6c1111c0f905,,0eb40af8-ddd0-4d8e-85a5-d3b3bb1022e7,Not defined,92dd11a8-2635-476b-a8d0-573cf74d4487,0eb40af8-ddd0-4d8e-85a5-d3b3bb1022e7,e22f62dc-f531-418c-a13d-10385b0f0c4f,Not defined,6797048e-78ed-4411-a55d-dc1bfba42ae2,none-minimal-depression,None-minimal depression,,3,,,,,,,,3 - Nearly every day,,,,,,,Task/e6be58d3-5126-42d0-8206-099a1f7d8f87,,2025-09-25 21:05:36.728101+00
Questionnaire/54,d9502b4c-258a-4538-8250-074c1ff03e25,,0eb40af8-ddd0-4d8e-85a5-d3b3bb1022e7,Not defined,92dd11a8-2635-476b-a8d0-573cf74d4487,0eb40af8-ddd0-4d8e-85a5-d3b3bb1022e7,e22f62dc-f531-418c-a13d-10385b0f0c4f,Not defined,6a0ba5cc-4b2d-4c4c-8ac9-67238c940e19,,None-minimal depression,,0,,,,,,,,,,,,,,,Task/00da692f-0af3-4b70-a382-3dd211062fe6,,2025-09-25 21:05:36.728101+00
Questionnaire/54,490964c9-24d6-4c9d-acab-71b2e6d35fe6,f6231599-dcde-452f-99b1-251ecf436c07,0eb40af8-ddd0-4d8e-85a5-d3b3bb1022e7,a28a1a10-d6ab-45f2-84f3-8ab4db7850b2,92dd11a8-2635-476b-a8d0-573cf74d4487,0eb40af8-ddd0-4d8e-85a5-d3b3bb1022e7,e22f62dc-f531-418c-a13d-10385b0f0c4f,2.2.0-engage,6ab7817b-d815-40ba-b16e-e2427fe236b1,mild-depression,Mild depression,Very difficult,5,,,,,,Several days,Several days,Several days,Not at all,Not at all,Not at all,Several days,Several days,Not at all,Task/4d8cc552-c476-4c3b-8982-25e8fca884df/_history/1,,2025-09-25 21:05:36.728101+00
Questionnaire/54,e61eb723-20f2-4ae5-9191-27d7741a71a4,40e4e7e7-d043-4288-a65d-448cb3795635,0eb40af8-ddd0-4d8e-85a5-d3b3bb1022e7,a28a1a10-d6ab-45f2-84f3-8ab4db7850b2,92dd11a8-2635-476b-a8d0-573cf74d4487,0eb40af8-ddd0-4d8e-85a5-d3b3bb1022e7,e22f62dc-f531-418c-a13d-10385b0f0c4f,2.0.0-engage,6ca9bf77-9197-46cf-9141-2d10dabdd97c,moderate-depression,Moderate depression,Somewhat difficult,10,,,,,,0 - Not at all,1 - Several days,1 - Several days,1 - Several days,2 - More than half the days,1 - Several days,2 - More than half the days,1 - Several days,1 - Several days,Task/e70fcdcd-3ac1-4b0b-baa9-3906f634d943/_history/1,,2025-09-25 21:05:36.728101+00
Questionnaire/54,adc136e8-7596-4f34-8abb-0db08c628742,,0eb40af8-ddd0-4d8e-85a5-d3b3bb1022e7,Not defined,92dd11a8-2635-476b-a8d0-573cf74d4487,0eb40af8-ddd0-4d8e-85a5-d3b3bb1022e7,e22f62dc-f531-418c-a13d-10385b0f0c4f,Not defined,6cddc8ac-4cde-4fbc-8a0d-307dbd53c31c,moderate-depression,Moderate depression,Very difficult,13,,,,,,0 - Not at all,1 - Several days,2 - More than half the days,1 - Several days,3 - Nearly every day,0 - Not at all,2 - More than half the days,1 - Several days,3 - Nearly every day,Task/1ed00042-cd98-4516-ac31-4d9531788b55,,2025-09-25 21:05:36.728101+00
Questionnaire/54,8ce4f30c-5dd7-4d81-9b1f-e571e4a76aa5,,0eb40af8-ddd0-4d8e-85a5-d3b3bb1022e7,Not defined,92dd11a8-2635-476b-a8d0-573cf74d4487,0eb40af8-ddd0-4d8e-85a5-d3b3bb1022e7,d66f38ae-e5e7-4456-ae85-331284676dc6,Not defined,702c2a78-129c-43c3-851b-c180704fdfdc,,Moderate depression,Not difficult at all,14,,,,,,1 - Several days,3 - Nearly every day,1 - Several days,2 - More than half the days,1 - Several days,2 - More than half the days,0 - Not at all,2 - More than half the days,3 - Nearly every day,,,2025-09-25 21:05:36.728101+00
Questionnaire/54,2c5733fb-7f32-4550-b869-459f173145a6,571e1553-ba69-47fb-9d7c-bcae284d857c,0eb40af8-ddd0-4d8e-85a5-d3b3bb1022e7,a28a1a10-d6ab-45f2-84f3-8ab4db7850b2,92dd11a8-2635-476b-a8d0-573cf74d4487,0eb40af8-ddd0-4d8e-85a5-d3b3bb1022e7,e22f62dc-f531-418c-a13d-10385b0f0c4f,2.0.0-engage,7100fb8b-23bf-453f-8ac6-90653bf65f28,moderately-severe-depression,Moderately severe depression,Very difficult,17,,,,,,2 - More than half the days,2 - More than half the days,1 - Several days,2 - More than half the days,2 - More than half the days,2 - More than half the days,2 - More than half the days,2 - More than half the days,2 - More than half the days,Task/cf4d6eba-d49e-446f-a07c-a458fe5833bd,,2025-09-25 21:05:36.728101+00
Questionnaire/54,9db9f89e-4cc6-488d-a271-d351ed65b3ae,cf499187-08b7-448f-ae74-29e4aed03a27,0eb40af8-ddd0-4d8e-85a5-d3b3bb1022e7,a28a1a10-d6ab-45f2-84f3-8ab4db7850b2,92dd11a8-2635-476b-a8d0-573cf74d4487,0eb40af8-ddd0-4d8e-85a5-d3b3bb1022e7,e22f62dc-f531-418c-a13d-10385b0f0c4f,2.2.0-engage,712fd6ab-a227-41f8-903a-27bffbb680aa,moderate-depression,Moderate depression,Not difficult at all,13,,,,,,More than half the days,Several days,,Several days,More than half the days,More than half the days,More than half the days,Several days,More than half the days,Task/f32b4cab-ef0f-4426-85e2-cf8591412cdd/_history/1,,2025-09-25 21:05:36.728101+00
Questionnaire/54,b7a81c13-4708-4763-9802-3e034e474ad6,,0eb40af8-ddd0-4d8e-85a5-d3b3bb1022e7,Not defined,92dd11a8-2635-476b-a8d0-573cf74d4487,0eb40af8-ddd0-4d8e-85a5-d3b3bb1022e7,e22f62dc-f531-418c-a13d-10385b0f0c4f,Not defined,72f24846-cc8f-4bfb-a1fc-e7bc4d12b9c5,moderate-depression,Moderate depression,Somewhat difficult,14,,,,,,3 - Nearly every day,0 - Not at all,1 - Several days,2 - More than half the days,2 - More than half the days,0 - Not at all,3 - Nearly every day,2 - More than half the days,1 - Several days,Task/6b57ced4-57f4-4b5f-adc2-d72be614f8a9,,2025-09-25 21:05:36.728101+00
Questionnaire/54,3e032d50-8563-4bbf-b997-57c65d4342fc,,0eb40af8-ddd0-4d8e-85a5-d3b3bb1022e7,Not defined,92dd11a8-2635-476b-a8d0-573cf74d4487,0eb40af8-ddd0-4d8e-85a5-d3b3bb1022e7,d66f38ae-e5e7-4456-ae85-331284676dc6,Not defined,73c01cc0-9221-4202-8094-66c72dc4e49e,,Moderate depression,Very difficult,11,,,,,,2 - More than half the days,2 - More than half the days,0 - Not at all,1 - Several days,1 - Several days,1 - Several days,1 - Several days,1 - Several days,3 - Nearly every day,,,2025-09-25 21:05:36.728101+00
Questionnaire/54,130c44c1-f35a-4946-a867-15353fcd27da,c29f0ac6-ae51-48d9-b332-d6eade99d230,0eb40af8-ddd0-4d8e-85a5-d3b3bb1022e7,a28a1a10-d6ab-45f2-84f3-8ab4db7850b2,92dd11a8-2635-476b-a8d0-573cf74d4487,0eb40af8-ddd0-4d8e-85a5-d3b3bb1022e7,e22f62dc-f531-418c-a13d-10385b0f0c4f,2.0.0-engage,76dd8e22-5ae5-4481-9efa-ce1318f4f2b5,moderate-depression,Moderate depression,Very difficult,10,,,,,,0 - Not at all,1 - Several days,1 - Several days,0 - Not at all,2 - More than half the days,3 - Nearly every day,2 - More than half the days,1 - Several days,0 - Not at all,Task/11508845-5739-4b1b-b5f5-667af4e106c7,,2025-09-25 21:05:36.728101+00
Questionnaire/54,8f6c3016-6d99-43e0-bc6d-a4be5727ba1d,b2ae3cc1-2251-4f97-a138-f1288864010a,0eb40af8-ddd0-4d8e-85a5-d3b3bb1022e7,a28a1a10-d6ab-45f2-84f3-8ab4db7850b2,92dd11a8-2635-476b-a8d0-573cf74d4487,0eb40af8-ddd0-4d8e-85a5-d3b3bb1022e7,e22f62dc-f531-418c-a13d-10385b0f0c4f,2.2.0-engage,7927ba28-4020-4db7-939d-2f9227f13e0e,severe-depression,Severe depression,Somewhat difficult,20,,,,,,More than half the days,Several days,More than half the days,More than half the days,More than half the days,Nearly every day,Nearly every day,Nearly every day,More than half the days,Task/39a35aa7-c7cc-49b3-ab3c-eb07e222e1a6,,2025-09-25 21:05:36.728101+00
Questionnaire/54,70a786b1-197d-4e18-9c10-aa9e8723bf67,,0eb40af8-ddd0-4d8e-85a5-d3b3bb1022e7,Not defined,92dd11a8-2635-476b-a8d0-573cf74d4487,0eb40af8-ddd0-4d8e-85a5-d3b3bb1022e7,e22f62dc-f531-418c-a13d-10385b0f0c4f,Not defined,79ce8c26-f868-4b6b-92e7-c7b2f77a62ad,none-minimal-depression,None-minimal depression,,3,,,,,,,,3 - Nearly every day,,,,,,,Task/abdf86bb-6f58-4ea0-a089-8fe75bfff172,,2025-09-25 21:05:36.728101+00
Questionnaire/54,5b70d0ce-bc89-4ccc-9449-8692c3b38928,0a10d997-68d8-41a9-889c-df8a45ee9a63,5859d5f3-d37b-4a28-a68f-5ce1aaac611f,7a2bad81-130f-4785-8438-af7aac92fedf,602ec278-054a-473e-a553-957bd5ac8c6f,5859d5f3-d37b-4a28-a68f-5ce1aaac611f,83586171-9bac-426a-aae5-798bf548e15e,2.0.2-engage,7b79649a-f51a-4425-8141-3b329d1fe414,severe-depression,Severe depression,Extremely difficult,22,,,,,,Nearly every day,Nearly every day,More than half the days,Nearly every day,More than half the days,Nearly every day,More than half the days,Several days,Nearly every day,Task/8d5c8f17-ff32-46e2-9427-19ca0c99c86c/_history/1,,2025-09-25 21:05:36.728101+00
Questionnaire/54,a8980e6a-842f-44ad-8c31-a856ee320110,b49fd414-ea69-45e3-a717-c1bf58c8ecd1,0eb40af8-ddd0-4d8e-85a5-d3b3bb1022e7,a28a1a10-d6ab-45f2-84f3-8ab4db7850b2,92dd11a8-2635-476b-a8d0-573cf74d4487,0eb40af8-ddd0-4d8e-85a5-d3b3bb1022e7,e22f62dc-f531-418c-a13d-10385b0f0c4f,2.0.2-engage,7b92d61d-7b02-4bff-b76e-479ef48bee1a,moderate-depression,Moderate depression,Somewhat difficult,14,,,,,,Several days,More than half the days,Several days,Several days,More than half the days,More than half the days,More than half the days,Several days,More than half the days,Task/37789ae9-23e2-4280-81da-18e78d0fef05,,2025-09-25 21:05:36.728101+00
Questionnaire/54,0e2c5276-b7b8-4a46-8189-5d8d630e277f,,0eb40af8-ddd0-4d8e-85a5-d3b3bb1022e7,Not defined,92dd11a8-2635-476b-a8d0-573cf74d4487,0eb40af8-ddd0-4d8e-85a5-d3b3bb1022e7,e22f62dc-f531-418c-a13d-10385b0f0c4f,Not defined,7f96ee8f-46bb-4e9c-9b9d-902b5fa3908c,none-minimal-depression,None-minimal depression,,1,,,,,,,,1 - Several days,,,,,,,Task/5546c388-0498-4f46-a521-7ba7a8ba8449,,2025-09-25 21:05:36.728101+00
Questionnaire/54,62e4f178-5c24-42db-81e3-cbf0f155a6da,,0eb40af8-ddd0-4d8e-85a5-d3b3bb1022e7,Not defined,92dd11a8-2635-476b-a8d0-573cf74d4487,0eb40af8-ddd0-4d8e-85a5-d3b3bb1022e7,d66f38ae-e5e7-4456-ae85-331284676dc6,Not defined,80451304-f095-4481-b6ae-f1535aa293d5,,Moderate depression,Not difficult at all,14,,,,,,2 - More than half the days,3 - Nearly every day,1 - Several days,2 - More than half the days,2 - More than half the days,1 - Several days,2 - More than half the days,2 - More than half the days,1 - Several days,,,2025-09-25 21:05:36.728101+00
Questionnaire/54,ea3133bf-ab04-4e26-ab6d-eb6cd080e206,,0eb40af8-ddd0-4d8e-85a5-d3b3bb1022e7,Not defined,92dd11a8-2635-476b-a8d0-573cf74d4487,0eb40af8-ddd0-4d8e-85a5-d3b3bb1022e7,d66f38ae-e5e7-4456-ae85-331284676dc6,Not defined,83504dda-eb2a-4a50-97af-e0a7605af96d,,Moderate depression,Extremely difficult,12,,,,,,1 - Several days,2 - More than half the days,1 - Several days,2 - More than half the days,0 - Not at all,1 - Several days,2 - More than half the days,3 - Nearly every day,0 - Not at all,,,2025-09-25 21:05:36.728101+00
Questionnaire/54,3dafa36b-430f-4040-b988-be11d85f9042,1d8c56af-f6fb-4b53-ae4b-a8bff7c83a13,0eb40af8-ddd0-4d8e-85a5-d3b3bb1022e7,a28a1a10-d6ab-45f2-84f3-8ab4db7850b2,92dd11a8-2635-476b-a8d0-573cf74d4487,0eb40af8-ddd0-4d8e-85a5-d3b3bb1022e7,e22f62dc-f531-418c-a13d-10385b0f0c4f,2.0.2-engage,848f46a3-a0c7-4933-8420-665e3d467b07,moderate-depression,Moderate depression,Somewhat difficult,14,,,,,,More than half the days,Several days,Several days,More than half the days,More than half the days,More than half the days,Several days,More than half the days,Several days,Task/6595c8b1-3e43-43df-bea0-187408223f03/_history/1,,2025-09-25 21:05:36.728101+00
Questionnaire/54,c4313e17-2efd-4931-9a18-26ec9b08e348,,0eb40af8-ddd0-4d8e-85a5-d3b3bb1022e7,Not defined,92dd11a8-2635-476b-a8d0-573cf74d4487,0eb40af8-ddd0-4d8e-85a5-d3b3bb1022e7,e22f62dc-f531-418c-a13d-10385b0f0c4f,Not defined,85f8cae2-9dbb-4f69-a163-ff9e9e9b9484,none-minimal-depression,None-minimal depression,,2,,,,,,,,2 - More than half the days,,,,,,,Task/3e8944f5-6397-4c59-b463-4b68ccb59f8a,,2025-09-25 21:05:36.728101+00
Questionnaire/54,1bf0eb10-61e0-44ca-b65e-452c34b0ae39,093f3b68-159f-432c-8a63-2d68c1a5e35a,0eb40af8-ddd0-4d8e-85a5-d3b3bb1022e7,a28a1a10-d6ab-45f2-84f3-8ab4db7850b2,92dd11a8-2635-476b-a8d0-573cf74d4487,0eb40af8-ddd0-4d8e-85a5-d3b3bb1022e7,e22f62dc-f531-418c-a13d-10385b0f0c4f,2.2.0-engage,88a2ef1d-9e6a-46d9-9303-6d935ca390cd,moderate-depression,Moderate depression,Somewhat difficult,10,,,,,,More than half the days,Several days,Several days,Not at all,More than half the days,Several days,Not at all,More than half the days,Several days,Task/308b17f2-b51f-4aec-912e-640a154bf9f2/_history/1,,2025-09-25 21:05:36.728101+00
Questionnaire/54,d3965e90-f96f-4a34-a85a-858ed53a5510,7c60784b-83fc-402e-a94d-551849d43b62,0eb40af8-ddd0-4d8e-85a5-d3b3bb1022e7,a28a1a10-d6ab-45f2-84f3-8ab4db7850b2,92dd11a8-2635-476b-a8d0-573cf74d4487,0eb40af8-ddd0-4d8e-85a5-d3b3bb1022e7,e22f62dc-f531-418c-a13d-10385b0f0c4f,2.1.2-engage,8930ff60-140d-4311-80f5-0dc1ffb9f2bb,moderate-depression,Moderate depression,Somewhat difficult,12,,,,,,Several days,More than half the days,Several days,More than half the days,Several days,Several days,Several days,More than half the days,Several days,Task/fb9f4aee-3f8e-45ce-8fcf-8ef667b4a70f/_history/1,,2025-09-25 21:05:36.728101+00
Questionnaire/54,7fd5c367-6967-4d93-8eb1-036706fc6ed0,,0eb40af8-ddd0-4d8e-85a5-d3b3bb1022e7,Not defined,92dd11a8-2635-476b-a8d0-573cf74d4487,0eb40af8-ddd0-4d8e-85a5-d3b3bb1022e7,e22f62dc-f531-418c-a13d-10385b0f0c4f,Not defined,8b7b9a4e-da93-4b7b-befa-5a2a5940265d,,Severe depression,Extremely difficult,23,,,,,,0 - Not at all,2 - More than half the days,3 - Nearly every day,3 - Nearly every day,3 - Nearly every day,3 - Nearly every day,3 - Nearly every day,3 - Nearly every day,3 - Nearly every day,Task/6c39a40d-276b-4627-b9dd-e4a3f21890d0,,2025-09-25 21:05:36.728101+00
Questionnaire/54,c9adb1a9-83aa-454e-a005-b436b6d6ff58,,0eb40af8-ddd0-4d8e-85a5-d3b3bb1022e7,Not defined,92dd11a8-2635-476b-a8d0-573cf74d4487,0eb40af8-ddd0-4d8e-85a5-d3b3bb1022e7,e22f62dc-f531-418c-a13d-10385b0f0c4f,Not defined,8be8b20f-ed58-4a3f-9948-6a3dc6b52252,mild-depression,Mild depression,Somewhat difficult,9,,,,,,1 - Several days,1 - Several days,1 - Several days,1 - Several days,1 - Several days,1 - Several days,1 - Several days,1 - Several days,1 - Several days,Task/7251a97d-b882-4e66-b883-5ecfd57ae947,,2025-09-25 21:05:36.728101+00
Questionnaire/54,c2fa789e-e9a7-427b-96b8-5e69600ba8cf,,0eb40af8-ddd0-4d8e-85a5-d3b3bb1022e7,Not defined,92dd11a8-2635-476b-a8d0-573cf74d4487,0eb40af8-ddd0-4d8e-85a5-d3b3bb1022e7,d66f38ae-e5e7-4456-ae85-331284676dc6,Not defined,8befb88a-5fb4-4445-8f2b-6944221445e9,,Moderately severe depression,Very difficult,15,,,,,,1 - Several days,2 - More than half the days,1 - Several days,2 - More than half the days,2 - More than half the days,3 - Nearly every day,2 - More than half the days,2 - More than half the days,2 - More than half the days,,,2025-09-25 21:05:36.728101+00
Questionnaire/54,77679304-1eda-4ad7-a218-2ef2aadcf83f,20dfae44-006f-4276-ba05-c19639892436,0eb40af8-ddd0-4d8e-85a5-d3b3bb1022e7,a28a1a10-d6ab-45f2-84f3-8ab4db7850b2,92dd11a8-2635-476b-a8d0-573cf74d4487,0eb40af8-ddd0-4d8e-85a5-d3b3bb1022e7,e22f62dc-f531-418c-a13d-10385b0f0c4f,2.1.2-engage,8df21bde-d212-4797-bee9-d40fb9053d98,severe-depression,Severe depression,Very difficult,20,,,,,,Nearly every day,Nearly every day,Several days,More than half the days,Several days,More than half the days,More than half the days,Nearly every day,Nearly every day,Task/bb782ec4-1243-4d80-895c-f888d4f79b66/_history/1,,2025-09-25 21:05:36.728101+00
Questionnaire/54,0f4218e8-24f0-484c-a017-b5f1f411ab4b,,0eb40af8-ddd0-4d8e-85a5-d3b3bb1022e7,Not defined,92dd11a8-2635-476b-a8d0-573cf74d4487,0eb40af8-ddd0-4d8e-85a5-d3b3bb1022e7,d66f38ae-e5e7-4456-ae85-331284676dc6,Not defined,93034d98-3bc3-456e-8c0d-693d60e2e1ec,,Mild depression,Very difficult,8,,,,,,1 - Several days,1 - Several days,1 - Several days,1 - Several days,1 - Several days,1 - Several days,1 - Several days,1 - Several days,1 - Several days,,,2025-09-25 21:05:36.728101+00
Questionnaire/54,04edab19-6899-4eb6-8486-34a8e0509963,1ef0c396-02af-4c1e-ab45-23b3dbad95a9,0eb40af8-ddd0-4d8e-85a5-d3b3bb1022e7,a28a1a10-d6ab-45f2-84f3-8ab4db7850b2,92dd11a8-2635-476b-a8d0-573cf74d4487,0eb40af8-ddd0-4d8e-85a5-d3b3bb1022e7,e22f62dc-f531-418c-a13d-10385b0f0c4f,2.0.0-engage,975c2ac9-0e26-4de4-98f7-b4ee0071e4d3,moderately-severe-depression,Moderately severe depression,Extremely difficult,18,,,,,,3 - Nearly every day,2 - More than half the days,1 - Several days,1 - Several days,2 - More than half the days,1 - Several days,2 - More than half the days,3 - Nearly every day,3 - Nearly every day,Task/be91df31-ee81-4fb7-bc51-ae5b8abaf4db,,2025-09-25 21:05:36.728101+00
Questionnaire/54,65238dc0-fbe6-41b0-b909-579fcc09dadf,,0eb40af8-ddd0-4d8e-85a5-d3b3bb1022e7,Not defined,92dd11a8-2635-476b-a8d0-573cf74d4487,0eb40af8-ddd0-4d8e-85a5-d3b3bb1022e7,e22f62dc-f531-418c-a13d-10385b0f0c4f,Not defined,986c95c2-4488-4c99-9dea-ce713d9eca06,,None-minimal depression,,2,,,,,,,,2 - More than half the days,,,,,,,,,2025-09-25 21:05:36.728101+00
Questionnaire/54,4d6dc627-fb3c-4f3d-a558-f28d1152f7e4,,0eb40af8-ddd0-4d8e-85a5-d3b3bb1022e7,Not defined,92dd11a8-2635-476b-a8d0-573cf74d4487,0eb40af8-ddd0-4d8e-85a5-d3b3bb1022e7,e22f62dc-f531-418c-a13d-10385b0f0c4f,Not defined,99655837-6518-46bf-8577-4545dc20ec7b,severe-depression,Severe depression,Very difficult,21,,,,,,1 - Several days,3 - Nearly every day,2 - More than half the days,2 - More than half the days,3 - Nearly every day,3 - Nearly every day,3 - Nearly every day,2 - More than half the days,2 - More than half the days,Task/920e68f3-7d85-4d17-be39-cde847c72ac5,,2025-09-25 21:05:36.728101+00
Questionnaire/54,aaa67dcd-329b-49ba-ba62-3a6787098e2a,1be7994a-ddf6-4031-b3c5-e0e6c7684cec,0eb40af8-ddd0-4d8e-85a5-d3b3bb1022e7,a28a1a10-d6ab-45f2-84f3-8ab4db7850b2,92dd11a8-2635-476b-a8d0-573cf74d4487,0eb40af8-ddd0-4d8e-85a5-d3b3bb1022e7,e22f62dc-f531-418c-a13d-10385b0f0c4f,2.0.0-engage,9f0e453f-a7c1-4c4b-96b4-52bc88bc06b6,severe-depression,Severe depression,Extremely difficult,21,,,,,,2 - More than half the days,3 - Nearly every day,1 - Several days,2 - More than half the days,3 - Nearly every day,3 - Nearly every day,2 - More than half the days,2 - More than half the days,3 - Nearly every day,Task/7dee83fc-d518-4e09-8990-a70de375eb07,,2025-09-25 21:05:36.728101+00
Questionnaire/54,5551425b-08a2-479a-a0e6-41b37ce0bb5d,,0eb40af8-ddd0-4d8e-85a5-d3b3bb1022e7,Not defined,92dd11a8-2635-476b-a8d0-573cf74d4487,0eb40af8-ddd0-4d8e-85a5-d3b3bb1022e7,e22f62dc-f531-418c-a13d-10385b0f0c4f,Not defined,a538e11a-0c2b-4e3c-8dac-74ba75321f07,moderately-severe-depression,Moderately severe depression,Very difficult,17,,,,,,1 - Several days,3 - Nearly every day,3 - Nearly every day,2 - More than half the days,1 - Several days,2 - More than half the days,0 - Not at all,3 - Nearly every day,2 - More than half the days,Task/60db1080-788d-4709-bea5-70a1a9203c9b,,2025-09-25 21:05:36.728101+00
Questionnaire/54,6d9ebad3-a690-4dd1-a97a-4543be19f0a2,1d064f96-42ec-4a60-8099-72a4477de527,0eb40af8-ddd0-4d8e-85a5-d3b3bb1022e7,a28a1a10-d6ab-45f2-84f3-8ab4db7850b2,92dd11a8-2635-476b-a8d0-573cf74d4487,0eb40af8-ddd0-4d8e-85a5-d3b3bb1022e7,e22f62dc-f531-418c-a13d-10385b0f0c4f,2.2.0-engage,a6103fc1-3b3c-4bf2-a8a5-fa345651b08e,mild-depression,Mild depression,Somewhat difficult,9,,,,,,Several days,Several days,Several days,Several days,Several days,Several days,Several days,Several days,Several days,Task/49e025c5-8930-4c80-ac1e-e016b1d5e809/_history/1,,2025-09-25 21:05:36.728101+00
Questionnaire/54,7acefe77-c294-404e-b201-3f65b407cf4a,,0eb40af8-ddd0-4d8e-85a5-d3b3bb1022e7,Not defined,92dd11a8-2635-476b-a8d0-573cf74d4487,0eb40af8-ddd0-4d8e-85a5-d3b3bb1022e7,d66f38ae-e5e7-4456-ae85-331284676dc6,Not defined,a8ecddbd-15eb-43b1-a788-84178e647e94,,Moderate depression,Very difficult,12,,,,,,0 - Not at all,2 - More than half the days,2 - More than half the days,2 - More than half the days,2 - More than half the days,2 - More than half the days,3 - Nearly every day,1 - Several days,0 - Not at all,,,2025-09-25 21:05:36.728101+00
Questionnaire/54,fffa753b-b871-430f-acdf-e16dd47ab2bb,9593100e-9b65-421a-8393-fd6cf7490e8f,0eb40af8-ddd0-4d8e-85a5-d3b3bb1022e7,a28a1a10-d6ab-45f2-84f3-8ab4db7850b2,92dd11a8-2635-476b-a8d0-573cf74d4487,0eb40af8-ddd0-4d8e-85a5-d3b3bb1022e7,e22f62dc-f531-418c-a13d-10385b0f0c4f,2.1.2-engage,aad0dc3a-f2c4-4c31-a9aa-bfda91c8bb86,moderately-severe-depression,Moderately severe depression,Very difficult,18,,,,,,More than half the days,More than half the days,More than half the days,More than half the days,More than half the days,More than half the days,More than half the days,More than half the days,More than half the days,Task/6a0dd612-0adf-4e6c-b5bd-422946062649/_history/1,,2025-09-25 21:05:36.728101+00
Questionnaire/54,638c1421-4fce-4645-9790-ffc2d048b9b2,c3eb7d13-8ad8-409f-83f4-d6c4652632ef,0eb40af8-ddd0-4d8e-85a5-d3b3bb1022e7,a28a1a10-d6ab-45f2-84f3-8ab4db7850b2,92dd11a8-2635-476b-a8d0-573cf74d4487,0eb40af8-ddd0-4d8e-85a5-d3b3bb1022e7,e22f62dc-f531-418c-a13d-10385b0f0c4f,2.0.1-engage,aaebee6a-88dd-4c24-bc88-55fe5d0ddd9c,moderate-depression,Moderate depression,Very difficult,11,,,,,,1 - Several days,1 - Several days,1 - Several days,1 - Several days,2 - More than half the days,3 - Nearly every day,1 - Several days,0 - Not at all,1 - Several days,Task/649ddaee-fced-423e-a1f3-4d312c5ed885,,2025-09-25 21:05:36.728101+00
Questionnaire/54,a06be9c5-ff8f-4627-8a4c-43d4dc53dd4f,,0eb40af8-ddd0-4d8e-85a5-d3b3bb1022e7,Not defined,92dd11a8-2635-476b-a8d0-573cf74d4487,0eb40af8-ddd0-4d8e-85a5-d3b3bb1022e7,e22f62dc-f531-418c-a13d-10385b0f0c4f,Not defined,ab126113-3f57-443c-acc5-825b87ca4357,moderate-depression,Moderate depression,Very difficult,13,,,,,,0 - Not at all,1 - Several days,1 - Several days,2 - More than half the days,3 - Nearly every day,0 - Not at all,1 - Several days,2 - More than half the days,3 - Nearly every day,Task/2f886d76-bfc8-4c8e-bf28-29cad88cc637,,2025-09-25 21:05:36.728101+00
Questionnaire/54,024acb92-a14d-49d1-86a4-093715bf5793,bdc36aba-0acb-4434-8c7c-6b407fd8b76a,0eb40af8-ddd0-4d8e-85a5-d3b3bb1022e7,a28a1a10-d6ab-45f2-84f3-8ab4db7850b2,92dd11a8-2635-476b-a8d0-573cf74d4487,0eb40af8-ddd0-4d8e-85a5-d3b3bb1022e7,e22f62dc-f531-418c-a13d-10385b0f0c4f,2.2.0-engage,add3f183-597c-4011-8359-996f4f867756,severe-depression,Severe depression,Extremely difficult,27,,,,,,Nearly every day,Nearly every day,Nearly every day,Nearly every day,Nearly every day,Nearly every day,Nearly every day,Nearly every day,Nearly every day,Task/40d5ec0c-5052-497e-a6fb-27690291c0de/_history/1,,2025-09-25 21:05:36.728101+00
Questionnaire/54,a8980e6a-842f-44ad-8c31-a856ee320110,,0eb40af8-ddd0-4d8e-85a5-d3b3bb1022e7,a28a1a10-d6ab-45f2-84f3-8ab4db7850b2,92dd11a8-2635-476b-a8d0-573cf74d4487,0eb40af8-ddd0-4d8e-85a5-d3b3bb1022e7,e22f62dc-f531-418c-a13d-10385b0f0c4f,2.0.2-engage,b31fc7e2-e21e-4c87-9791-bdbd42af5917,moderately-severe-depression,Moderately severe depression,Somewhat difficult,15,,,,,b49fd414-ea69-45e3-a717-c1bf58c8ecd1,More than half the days,More than half the days,Not at all,More than half the days,Several days,More than half the days,More than half the days,More than half the days,More than half the days,Task/37789ae9-23e2-4280-81da-18e78d0fef05,c3a3c9a2-fc02-4917-bd7a-b500183be724,2025-09-25 21:05:36.728101+00
Questionnaire/54,d1d003b5-48e5-4447-a35e-f19f209b2fcd,78750b72-972e-4e29-a0f4-8455c5245e82,0eb40af8-ddd0-4d8e-85a5-d3b3bb1022e7,a28a1a10-d6ab-45f2-84f3-8ab4db7850b2,ee1b8cf2-2f4a-447c-bbb5-d63c674aff01,0eb40af8-ddd0-4d8e-85a5-d3b3bb1022e7,e22f62dc-f531-418c-a13d-10385b0f0c4f,2.2.0-engage,b3a85ddb-2555-445a-b917-b7f661114ba9,mild-depression,Mild depression,Somewhat difficult,9,,,,,,Several days,Several days,Several days,Several days,Several days,Several days,Several days,Several days,Several days,Task/87beeb76-cc69-4dfd-b2ba-3ecdb2940a2b,,2025-09-25 21:05:36.728101+00
Questionnaire/54,ea1c21de-c6e4-400e-a549-49aaddddf3fe,8b390ed3-37ea-4b90-83d3-877f23efffbe,0eb40af8-ddd0-4d8e-85a5-d3b3bb1022e7,a28a1a10-d6ab-45f2-84f3-8ab4db7850b2,92dd11a8-2635-476b-a8d0-573cf74d4487,0eb40af8-ddd0-4d8e-85a5-d3b3bb1022e7,e22f62dc-f531-418c-a13d-10385b0f0c4f,2.0.0-engage,b49a78a9-ce66-4913-9e8d-aa30397cd7cc,mild-depression,Mild depression,Somewhat difficult,9,,,,,,1 - Several days,1 - Several days,1 - Several days,1 - Several days,1 - Several days,1 - Several days,1 - Several days,1 - Several days,1 - Several days,Task/0524a9ac-9028-4b92-a189-4dec7bbd9e3b,,2025-09-25 21:05:36.728101+00
Questionnaire/54,f05564a1-4de7-4680-a17d-5ba329329f6c,b6737046-7852-4197-9cc1-3e924f2dcbfe,0eb40af8-ddd0-4d8e-85a5-d3b3bb1022e7,a28a1a10-d6ab-45f2-84f3-8ab4db7850b2,92dd11a8-2635-476b-a8d0-573cf74d4487,0eb40af8-ddd0-4d8e-85a5-d3b3bb1022e7,e22f62dc-f531-418c-a13d-10385b0f0c4f,2.2.0-engage,b6f5995e-39a6-4d51-8789-08cdca29797e,moderate-depression,Moderate depression,Somewhat difficult,13,,,,,,More than half the days,Several days,Several days,More than half the days,Several days,More than half the days,Several days,More than half the days,Several days,Task/a58102c4-9a16-43d1-ac83-bec6b5d85c92/_history/1,,2025-09-25 21:05:36.728101+00
Questionnaire/54,024c6987-29bd-4208-bf13-814e8a387709,,0eb40af8-ddd0-4d8e-85a5-d3b3bb1022e7,Not defined,92dd11a8-2635-476b-a8d0-573cf74d4487,0eb40af8-ddd0-4d8e-85a5-d3b3bb1022e7,d66f38ae-e5e7-4456-ae85-331284676dc6,Not defined,b7bfcd55-3ab8-445f-95b0-505610d29de3,,Moderately severe depression,Very difficult,17,26,1,26,1998-07-02,,1 - Several days,3 - Nearly every day,2 - More than half the days,3 - Nearly every day,0 - Not at all,1 - Several days,2 - More than half the days,3 - Nearly every day,2 - More than half the days,,,2025-09-25 21:05:36.728101+00
Questionnaire/54,84bffaba-3a97-4e89-a87c-9b7af6f9f97d,,0eb40af8-ddd0-4d8e-85a5-d3b3bb1022e7,Not defined,92dd11a8-2635-476b-a8d0-573cf74d4487,0eb40af8-ddd0-4d8e-85a5-d3b3bb1022e7,e22f62dc-f531-418c-a13d-10385b0f0c4f,Not defined,bae58c4a-abc4-4881-9da9-8be6f16c488e,moderate-depression,Moderate depression,Somewhat difficult,11,,,,,,0 - Not at all,1 - Several days,3 - Nearly every day,1 - Several days,1 - Several days,3 - Nearly every day,1 - Several days,0 - Not at all,1 - Several days,Task/c2061bd3-b2a9-4acb-80a6-6433273a38e7,,2025-09-25 21:05:36.728101+00
Questionnaire/54,b4d46598-51d8-4d2d-9c34-e3ef9aa44632,2d76a110-8a0e-423f-b547-7946a8463230,0eb40af8-ddd0-4d8e-85a5-d3b3bb1022e7,a28a1a10-d6ab-45f2-84f3-8ab4db7850b2,92dd11a8-2635-476b-a8d0-573cf74d4487,0eb40af8-ddd0-4d8e-85a5-d3b3bb1022e7,e22f62dc-f531-418c-a13d-10385b0f0c4f,2.0.1-engage,bb551ed0-04c9-43ab-90ae-923b1b98dd7e,moderately-severe-depression,Moderately severe depression,Very difficult,17,,,,,,3 - Nearly every day,2 - More than half the days,2 - More than half the days,2 - More than half the days,1 - Several days,1 - Several days,0 - Not at all,3 - Nearly every day,3 - Nearly every day,Task/5e775ab6-b574-45e2-8059-2a4d70cb9301/_history/1,,2025-09-25 21:05:36.728101+00
Questionnaire/54,f9158cfa-658e-4d30-9b32-c31166f6e4d4,f594ab6f-108e-459c-a500-6c5bba237e9b,0eb40af8-ddd0-4d8e-85a5-d3b3bb1022e7,a28a1a10-d6ab-45f2-84f3-8ab4db7850b2,92dd11a8-2635-476b-a8d0-573cf74d4487,0eb40af8-ddd0-4d8e-85a5-d3b3bb1022e7,e22f62dc-f531-418c-a13d-10385b0f0c4f,2.0.0-engage,bcc5a535-9b58-4210-aa64-2998bfe19f58,moderately-severe-depression,Moderately severe depression,Extremely difficult,19,,,,,,2 - More than half the days,3 - Nearly every day,,1 - Several days,2 - More than half the days,3 - Nearly every day,2 - More than half the days,3 - Nearly every day,3 - Nearly every day,Task/75823cc3-cc53-4bf9-b9f1-1887d457bab9/_history/1,,2025-09-25 21:05:36.728101+00
Questionnaire/54,faf4950d-e84b-4f11-a86f-f50391ea86df,0b98f90f-3b1b-42d5-aacf-32f7fd69121d,0eb40af8-ddd0-4d8e-85a5-d3b3bb1022e7,a28a1a10-d6ab-45f2-84f3-8ab4db7850b2,92dd11a8-2635-476b-a8d0-573cf74d4487,0eb40af8-ddd0-4d8e-85a5-d3b3bb1022e7,e22f62dc-f531-418c-a13d-10385b0f0c4f,2.0.0-engage,bd535cf4-8fd4-4e27-bb29-574216a555c3,severe-depression,Severe depression,Extremely difficult,22,,,,,,3 - Nearly every day,3 - Nearly every day,0 - Not at all,2 - More than half the days,2 - More than half the days,3 - Nearly every day,3 - Nearly every day,3 - Nearly every day,3 - Nearly every day,Task/27c76196-6370-46c5-8ef9-63d47ed5c313,,2025-09-25 21:05:36.728101+00
Questionnaire/54,40c53fb6-6301-4da8-888f-0242ddd567d6,72b788f0-b587-48d9-8048-c5bc2efc445a,0eb40af8-ddd0-4d8e-85a5-d3b3bb1022e7,a28a1a10-d6ab-45f2-84f3-8ab4db7850b2,92dd11a8-2635-476b-a8d0-573cf74d4487,0eb40af8-ddd0-4d8e-85a5-d3b3bb1022e7,e22f62dc-f531-418c-a13d-10385b0f0c4f,2.1.2-engage,bfebd01a-e19f-41dc-a6b6-ee045ee9c547,mild-depression,Mild depression,Somewhat difficult,9,,,,,,Several days,Several days,Several days,Several days,Several days,Several days,Several days,Several days,Several days,Task/9e12b2ae-840d-4183-88f9-8c8514dd7d8d,,2025-09-25 21:05:36.728101+00
Questionnaire/54,4ca17550-61d6-4860-abc9-fbe93e7c26a5,d51ac2e2-0ed9-45fa-993f-f7de9a7f8ce1,0eb40af8-ddd0-4d8e-85a5-d3b3bb1022e7,a28a1a10-d6ab-45f2-84f3-8ab4db7850b2,92dd11a8-2635-476b-a8d0-573cf74d4487,0eb40af8-ddd0-4d8e-85a5-d3b3bb1022e7,e22f62dc-f531-418c-a13d-10385b0f0c4f,2.2.0-engage,c115c556-cbef-48cd-a3e1-c3d35e9cc64d,moderate-depression,Moderate depression,Somewhat difficult,11,,,,,,Several days,Not at all,Several days,More than half the days,Nearly every day,Not at all,Several days,Several days,More than half the days,Task/b682fb5c-9bef-402f-8e73-21c52b6623ed/_history/1,,2025-09-25 21:05:36.728101+00
Questionnaire/54,8bf25616-5ab0-4f7a-ad46-bede3eb516b9,d57e6670-e8d5-4c3b-b7ac-1dabfffaee6c,0eb40af8-ddd0-4d8e-85a5-d3b3bb1022e7,a28a1a10-d6ab-45f2-84f3-8ab4db7850b2,92dd11a8-2635-476b-a8d0-573cf74d4487,0eb40af8-ddd0-4d8e-85a5-d3b3bb1022e7,e22f62dc-f531-418c-a13d-10385b0f0c4f,2.0.2-engage,c240a06b-7202-4af6-b304-f0bbc2473d45,moderate-depression,Moderate depression,Somewhat difficult,11,,,,,,Not at all,Not at all,More than half the days,Several days,More than half the days,Nearly every day,More than half the days,Several days,Not at all,Task/b8d0caee-9e67-42b4-961a-574e24eed6f3,,2025-09-25 21:05:36.728101+00
Questionnaire/54,f177e016-e1a9-4b9b-a516-969c5b98301e,0cfb3402-7bb1-4f71-b790-e4fbfcdddc76,0eb40af8-ddd0-4d8e-85a5-d3b3bb1022e7,a28a1a10-d6ab-45f2-84f3-8ab4db7850b2,92dd11a8-2635-476b-a8d0-573cf74d4487,0eb40af8-ddd0-4d8e-85a5-d3b3bb1022e7,e22f62dc-f531-418c-a13d-10385b0f0c4f,2.0.0-engage,c546e264-4496-4b31-84f5-569dddf49047,moderate-depression,Moderate depression,Not difficult at all,10,,,,,,0 - Not at all,1 - Several days,2 - More than half the days,2 - More than half the days,2 - More than half the days,1 - Several days,1 - Several days,1 - Several days,0 - Not at all,Task/0f2a4435-a101-4279-b440-7846bb79d1e8,,2025-09-25 21:05:36.728101+00
Questionnaire/54,1e1f06ae-a629-40ba-8f08-2513156cfca7,f20303d5-e0b1-4fa4-9553-3eba5ed0abd8,5859d5f3-d37b-4a28-a68f-5ce1aaac611f,7a2bad81-130f-4785-8438-af7aac92fedf,602ec278-054a-473e-a553-957bd5ac8c6f,5859d5f3-d37b-4a28-a68f-5ce1aaac611f,83586171-9bac-426a-aae5-798bf548e15e,2.0.2-engage,c68bba16-d843-4993-8090-b18f1c645f0a,severe-depression,Severe depression,Very difficult,24,,,,,,Nearly every day,Nearly every day,More than half the days,Nearly every day,Nearly every day,More than half the days,More than half the days,Nearly every day,Nearly every day,Task/49fbf886-fe42-4cbd-82ee-88f9fdf5c1e0,,2025-09-25 21:05:36.728101+00
Questionnaire/54,3f71c32b-ad0a-44bc-a332-8690d4cf1e11,,0eb40af8-ddd0-4d8e-85a5-d3b3bb1022e7,Not defined,92dd11a8-2635-476b-a8d0-573cf74d4487,0eb40af8-ddd0-4d8e-85a5-d3b3bb1022e7,d66f38ae-e5e7-4456-ae85-331284676dc6,Not defined,d1660741-d241-49d6-b270-f39c5119d869,,None-minimal depression,,2,,,,,,,,2 - More than half the days,,,,,,,,,2025-09-25 21:05:36.728101+00
Questionnaire/54,25e4893b-01e3-43cc-b308-edb548e7d89d,3141919c-9689-4ad2-93b5-3ebabb902ebb,0eb40af8-ddd0-4d8e-85a5-d3b3bb1022e7,a28a1a10-d6ab-45f2-84f3-8ab4db7850b2,92dd11a8-2635-476b-a8d0-573cf74d4487,0eb40af8-ddd0-4d8e-85a5-d3b3bb1022e7,e22f62dc-f531-418c-a13d-10385b0f0c4f,2.0.0-engage,d1d09f1d-3ef0-45f6-b961-34a72e669d1a,mild-depression,Mild depression,,7,,,,,,0 - Not at all,0 - Not at all,1 - Several days,1 - Several days,0 - Not at all,2 - More than half the days,3 - Nearly every day,0 - Not at all,0 - Not at all,Task/6ecd63ee-815c-4d5d-b6ba-2b46a18bae34/_history/1,,2025-09-25 21:05:36.728101+00
Questionnaire/54,9b534915-4508-4002-a8ce-32a5fdcbf6f8,cc37eeb5-c21d-4825-a829-0b9e9afcf661,0eb40af8-ddd0-4d8e-85a5-d3b3bb1022e7,a28a1a10-d6ab-45f2-84f3-8ab4db7850b2,92dd11a8-2635-476b-a8d0-573cf74d4487,0eb40af8-ddd0-4d8e-85a5-d3b3bb1022e7,e22f62dc-f531-418c-a13d-10385b0f0c4f,2.2.0-engage,d1eb1e95-18fe-4a3d-9b6d-b186f088d942,moderately-severe-depression,Moderately severe depression,Very difficult,18,,,,,,More than half the days,More than half the days,More than half the days,More than half the days,More than half the days,More than half the days,More than half the days,More than half the days,More than half the days,Task/d364c5db-8249-4b8e-87a6-59cf55c33d10/_history/1,,2025-09-25 21:05:36.728101+00
Questionnaire/54,3815ed9e-ca0e-4f6b-a35a-79e3e80fe202,3a548f9c-3700-40bc-b60c-1b7187c0df48,0eb40af8-ddd0-4d8e-85a5-d3b3bb1022e7,a28a1a10-d6ab-45f2-84f3-8ab4db7850b2,92dd11a8-2635-476b-a8d0-573cf74d4487,0eb40af8-ddd0-4d8e-85a5-d3b3bb1022e7,e22f62dc-f531-418c-a13d-10385b0f0c4f,2.0.2-engage,d239de8f-1e48-4b0c-9452-295c61ee53bf,moderate-depression,Moderate depression,Somewhat difficult,13,,,,,,More than half the days,Several days,Several days,Several days,Several days,More than half the days,More than half the days,More than half the days,Several days,Task/53368564-f6fd-47c7-83c8-45fc267d0a51,,2025-09-25 21:05:36.728101+00
Questionnaire/54,04edab19-6899-4eb6-8486-34a8e0509963,,0eb40af8-ddd0-4d8e-85a5-d3b3bb1022e7,a28a1a10-d6ab-45f2-84f3-8ab4db7850b2,92dd11a8-2635-476b-a8d0-573cf74d4487,0eb40af8-ddd0-4d8e-85a5-d3b3bb1022e7,e22f62dc-f531-418c-a13d-10385b0f0c4f,2.0.0-engage,d3cba62e-7f58-4f70-a849-b3a1fc54679c,moderately-severe-depression,Moderately severe depression,Extremely difficult,18,,,,,1ef0c396-02af-4c1e-ab45-23b3dbad95a9,3 - Nearly every day,2 - More than half the days,1 - Several days,1 - Several days,2 - More than half the days,1 - Several days,2 - More than half the days,3 - Nearly every day,3 - Nearly every day,Task/be91df31-ee81-4fb7-bc51-ae5b8abaf4db,52d4952c-0e43-4f9f-bd90-d7b8d8146e7a,2025-09-25 21:05:36.728101+00
Questionnaire/54,9e2b4a3b-701e-49b2-8257-904a6db0ae6d,d6f568c7-e792-44ee-a7a7-141bd249f750,0eb40af8-ddd0-4d8e-85a5-d3b3bb1022e7,a28a1a10-d6ab-45f2-84f3-8ab4db7850b2,92dd11a8-2635-476b-a8d0-573cf74d4487,0eb40af8-ddd0-4d8e-85a5-d3b3bb1022e7,e22f62dc-f531-418c-a13d-10385b0f0c4f,2.2.0-engage,d78d0aaa-c60d-427a-9e5b-20875f53afdc,moderately-severe-depression,Moderately severe depression,Very difficult,18,,,,,,More than half the days,More than half the days,More than half the days,More than half the days,More than half the days,More than half the days,More than half the days,More than half the days,More than half the days,Task/ac317b9f-f772-4c06-b079-1da880070096,,2025-09-25 21:05:36.728101+00
Questionnaire/54,df275ca4-7cf3-402e-97c8-5c76cadb06b5,390fab0e-f7d6-4a61-b6d4-b370fffccd97,0eb40af8-ddd0-4d8e-85a5-d3b3bb1022e7,a28a1a10-d6ab-45f2-84f3-8ab4db7850b2,92dd11a8-2635-476b-a8d0-573cf74d4487,0eb40af8-ddd0-4d8e-85a5-d3b3bb1022e7,e22f62dc-f531-418c-a13d-10385b0f0c4f,2.1.2-engage,d831ac92-84e5-4dbe-9d58-4f1e3a1a0422,moderately-severe-depression,Moderately severe depression,Very difficult,17,,,,,,Several days,Nearly every day,More than half the days,More than half the days,Several days,More than half the days,More than half the days,More than half the days,More than half the days,Task/1d293e8b-53f0-4e1b-b085-9cad4e22a8bf,,2025-09-25 21:05:36.728101+00
Questionnaire/54,2366eacb-4422-4cc7-931c-e05e6ea2d139,2584300f-1224-499f-a079-d3b45b112528,0eb40af8-ddd0-4d8e-85a5-d3b3bb1022e7,a28a1a10-d6ab-45f2-84f3-8ab4db7850b2,92dd11a8-2635-476b-a8d0-573cf74d4487,0eb40af8-ddd0-4d8e-85a5-d3b3bb1022e7,e22f62dc-f531-418c-a13d-10385b0f0c4f,2.1.2-engage,d96eab80-f7eb-4d59-ac5c-a86b83564877,mild-depression,Mild depression,Very difficult,9,,,,,,Several days,Several days,Several days,Several days,Several days,Several days,Several days,Several days,Several days,Task/96d19d70-62c0-4e9f-80ae-0d51acdce17d/_history/1,,2025-09-25 21:05:36.728101+00
Questionnaire/54,162f2b99-9110-45a1-bb7a-2cac76d288f4,8907b4fe-3a40-468a-8a6e-d9ec2fa08771,0eb40af8-ddd0-4d8e-85a5-d3b3bb1022e7,a28a1a10-d6ab-45f2-84f3-8ab4db7850b2,92dd11a8-2635-476b-a8d0-573cf74d4487,0eb40af8-ddd0-4d8e-85a5-d3b3bb1022e7,e22f62dc-f531-418c-a13d-10385b0f0c4f,2.0.2-engage,db5bfd6d-26f6-4852-b804-4c87b1cfebcd,severe-depression,Severe depression,Extremely difficult,27,,,,,,Nearly every day,Nearly every day,Nearly every day,Nearly every day,Nearly every day,Nearly every day,Nearly every day,Nearly every day,Nearly every day,Task/e2d95230-07c7-4df1-8f9c-6eb3c733284c,,2025-09-25 21:05:36.728101+00
Questionnaire/54,6f271d61-f141-4fc5-9088-ffa1c291f690,8f1fd80f-c6c9-41b6-8d31-257dd8b51f30,0eb40af8-ddd0-4d8e-85a5-d3b3bb1022e7,a28a1a10-d6ab-45f2-84f3-8ab4db7850b2,92dd11a8-2635-476b-a8d0-573cf74d4487,0eb40af8-ddd0-4d8e-85a5-d3b3bb1022e7,e22f62dc-f531-418c-a13d-10385b0f0c4f,2.0.0-engage,dd3a9883-eee7-4849-ac33-8de279690d81,mild-depression,Mild depression,Somewhat difficult,6,,,,,,0 - Not at all,0 - Not at all,1 - Several days,1 - Several days,1 - Several days,2 - More than half the days,0 - Not at all,1 - Several days,0 - Not at all,Task/85172ffa-3a82-4ff3-9075-d5569f0ab8bf,,2025-09-25 21:05:36.728101+00
Questionnaire/54,e6df3964-f727-4594-ac81-5eeb323a468c,806186df-27c7-46b2-a7f4-c7923b66e304,5859d5f3-d37b-4a28-a68f-5ce1aaac611f,7a2bad81-130f-4785-8438-af7aac92fedf,602ec278-054a-473e-a553-957bd5ac8c6f,5859d5f3-d37b-4a28-a68f-5ce1aaac611f,83586171-9bac-426a-aae5-798bf548e15e,2.0.2-engage,dd497a8f-f838-481f-a1cd-0c19affc685e,severe-depression,Severe depression,Extremely difficult,23,,,,,,Nearly every day,More than half the days,Nearly every day,More than half the days,Nearly every day,More than half the days,Nearly every day,Nearly every day,More than half the days,Task/060e3d31-a29f-4ad6-b4c3-17d923cc9fdf,,2025-09-25 21:05:36.728101+00
Questionnaire/54,c7e001a8-5413-4f7d-92f5-67d65b79a209,796ddcdc-d67c-45e3-81c1-86ed6752b5e4,0eb40af8-ddd0-4d8e-85a5-d3b3bb1022e7,a28a1a10-d6ab-45f2-84f3-8ab4db7850b2,92dd11a8-2635-476b-a8d0-573cf74d4487,0eb40af8-ddd0-4d8e-85a5-d3b3bb1022e7,e22f62dc-f531-418c-a13d-10385b0f0c4f,2.2.0-engage,e0c6d789-551d-497e-b399-19ee9b0ea9e1,moderate-depression,Moderate depression,Very difficult,14,,,,,,Nearly every day,More than half the days,Several days,Several days,Several days,More than half the days,Several days,Several days,More than half the days,Task/511119e7-7be6-48e3-91a7-bda24f63bf52,,2025-09-25 21:05:36.728101+00
Questionnaire/54,f327ae5b-4c8a-4fe8-93dc-a66d9f75348d,afbe1089-ac39-4bb5-a5e2-0a3bcc4ad2e6,0eb40af8-ddd0-4d8e-85a5-d3b3bb1022e7,a28a1a10-d6ab-45f2-84f3-8ab4db7850b2,92dd11a8-2635-476b-a8d0-573cf74d4487,0eb40af8-ddd0-4d8e-85a5-d3b3bb1022e7,e22f62dc-f531-418c-a13d-10385b0f0c4f,2.0.0-engage,e34ec76c-7c9a-4e29-a5c9-e7435ae9c1dc,moderately-severe-depression,Moderately severe depression,Extremely difficult,17,,,,,,2 - More than half the days,2 - More than half the days,0 - Not at all,2 - More than half the days,3 - Nearly every day,2 - More than half the days,2 - More than half the days,1 - Several days,3 - Nearly every day,Task/19799799-282d-4093-b304-66094f542320,,2025-09-25 21:05:36.728101+00
Questionnaire/54,a071e604-04f0-4558-8872-06aae529957a,1f0336a0-7e05-4dcb-a412-72ef746fac44,0eb40af8-ddd0-4d8e-85a5-d3b3bb1022e7,a28a1a10-d6ab-45f2-84f3-8ab4db7850b2,92dd11a8-2635-476b-a8d0-573cf74d4487,0eb40af8-ddd0-4d8e-85a5-d3b3bb1022e7,e22f62dc-f531-418c-a13d-10385b0f0c4f,2.0.2-engage,e56c0315-09d4-40b7-84c9-9c284b3c8094,severe-depression,Severe depression,Extremely difficult,27,,,,,,Nearly every day,Nearly every day,Nearly every day,Nearly every day,Nearly every day,Nearly every day,Nearly every day,Nearly every day,Nearly every day,Task/73a4f8ec-e177-467f-8d1e-c56bc3494c7c,,2025-09-25 21:05:36.728101+00
Questionnaire/54,e4e387f2-803f-4909-a63b-649065885d53,,0eb40af8-ddd0-4d8e-85a5-d3b3bb1022e7,Not defined,92dd11a8-2635-476b-a8d0-573cf74d4487,0eb40af8-ddd0-4d8e-85a5-d3b3bb1022e7,d66f38ae-e5e7-4456-ae85-331284676dc6,Not defined,e6edc2a0-f73d-46f1-a95a-1cb5b8d461b7,,Moderately severe depression,Somewhat difficult,15,,,,,,2 - More than half the days,1 - Several days,1 - Several days,3 - Nearly every day,1 - Several days,2 - More than half the days,3 - Nearly every day,1 - Several days,2 - More than half the days,,,2025-09-25 21:05:36.728101+00
Questionnaire/54,781f4bfa-f728-40c4-8c8a-d035e8e7dbd4,e346fd3c-3ccd-4b49-8119-9e8be911502b,0eb40af8-ddd0-4d8e-85a5-d3b3bb1022e7,a28a1a10-d6ab-45f2-84f3-8ab4db7850b2,92dd11a8-2635-476b-a8d0-573cf74d4487,0eb40af8-ddd0-4d8e-85a5-d3b3bb1022e7,e22f62dc-f531-418c-a13d-10385b0f0c4f,2.0.2-engage,e7cf6737-fa06-4f02-b20e-2e4204d812b1,severe-depression,Severe depression,Extremely difficult,27,,,,,,Nearly every day,Nearly every day,Nearly every day,Nearly every day,Nearly every day,Nearly every day,Nearly every day,Nearly every day,Nearly every day,Task/2141aefd-ee9d-4f73-bd73-fa286f8a8b27,,2025-09-25 21:05:36.728101+00
Questionnaire/54,28fd3734-4fb0-4e83-b7d7-cd32425e43cb,,0eb40af8-ddd0-4d8e-85a5-d3b3bb1022e7,Not defined,92dd11a8-2635-476b-a8d0-573cf74d4487,0eb40af8-ddd0-4d8e-85a5-d3b3bb1022e7,e22f62dc-f531-418c-a13d-10385b0f0c4f,Not defined,e9e5c2a8-26a8-4f17-bde5-63d2863ad222,mild-depression,Mild depression,Somewhat difficult,5,,,,,,0 - Not at all,0 - Not at all,1 - Several days,0 - Not at all,1 - Several days,2 - More than half the days,1 - Several days,0 - Not at all,0 - Not at all,Task/c8eb2a31-327b-4cfa-beb7-3f889c3f4a0b,,2025-09-25 21:05:36.728101+00
Questionnaire/54,8c460a02-5598-4503-9b13-fb4c53ae22c1,,0eb40af8-ddd0-4d8e-85a5-d3b3bb1022e7,Not defined,92dd11a8-2635-476b-a8d0-573cf74d4487,0eb40af8-ddd0-4d8e-85a5-d3b3bb1022e7,e22f62dc-f531-418c-a13d-10385b0f0c4f,Not defined,eb55c3b6-f6f0-479b-bf08-906e873b2ac6,,Mild depression,,6,,,,,,,,1 - Several days,2 - More than half the days,3 - Nearly every day,,,,,Task/99f9df22-7c6f-4622-90c4-05d468f82160,,2025-09-25 21:05:36.728101+00
Questionnaire/54,0e2c5276-b7b8-4a46-8189-5d8d630e277f,,0eb40af8-ddd0-4d8e-85a5-d3b3bb1022e7,Not defined,92dd11a8-2635-476b-a8d0-573cf74d4487,0eb40af8-ddd0-4d8e-85a5-d3b3bb1022e7,e22f62dc-f531-418c-a13d-10385b0f0c4f,Not defined,ecd6e124-9c0e-4c36-9acb-a9bb3bb977a4,none-minimal-depression,None-minimal depression,,3,,,,,Encounter/3c720dc7-4687-4d59-aa4e-24c53f0faed4,,,1 - Several days,2 - More than half the days,,,,,,Task/5546c388-0498-4f46-a521-7ba7a8ba8449,Observation/26ddb06d-88a5-4b99-a202-e512487cdb50,2025-09-25 21:05:36.728101+00
Questionnaire/54,c7cbedbb-a574-42f9-a9ed-4a61cb606d0b,15f76b57-b57a-41fa-a507-a1dda691267e,0eb40af8-ddd0-4d8e-85a5-d3b3bb1022e7,a28a1a10-d6ab-45f2-84f3-8ab4db7850b2,92dd11a8-2635-476b-a8d0-573cf74d4487,0eb40af8-ddd0-4d8e-85a5-d3b3bb1022e7,e22f62dc-f531-418c-a13d-10385b0f0c4f,2.0.1-engage,ede9d8ed-74aa-447e-af50-6014df5923bc,moderately-severe-depression,Moderately severe depression,Extremely difficult,19,,,,,,3 - Nearly every day,3 - Nearly every day,2 - More than half the days,1 - Several days,2 - More than half the days,1 - Several days,2 - More than half the days,2 - More than half the days,3 - Nearly every day,Task/6bb0feb1-257d-49d0-9dd2-a35fabb504c0,,2025-09-25 21:05:36.728101+00
Questionnaire/54,10a5077a-a226-47dd-9deb-85eb0a468f58,,0eb40af8-ddd0-4d8e-85a5-d3b3bb1022e7,Not defined,92dd11a8-2635-476b-a8d0-573cf74d4487,0eb40af8-ddd0-4d8e-85a5-d3b3bb1022e7,d66f38ae-e5e7-4456-ae85-331284676dc6,Not defined,eedd0dd4-7edc-4c71-ba34-e9f4c96e3ba4,,Moderate depression,Extremely difficult,13,,,,,,1 - Several days,2 - More than half the days,1 - Several days,2 - More than half the days,1 - Several days,3 - Nearly every day,0 - Not at all,1 - Several days,3 - Nearly every day,,,2025-09-25 21:05:36.728101+00
Questionnaire/54,f01aa0d5-7e65-4f61-a787-ab4dd2535fa6,,0eb40af8-ddd0-4d8e-85a5-d3b3bb1022e7,Not defined,92dd11a8-2635-476b-a8d0-573cf74d4487,0eb40af8-ddd0-4d8e-85a5-d3b3bb1022e7,e22f62dc-f531-418c-a13d-10385b0f0c4f,Not defined,f0a5387e-4a94-4576-a143-2f6b896f4c33,moderately-severe-depression,Moderately severe depression,Extremely difficult,17,,,,,,3 - Nearly every day,2 - More than half the days,1 - Several days,2 - More than half the days,2 - More than half the days,2 - More than half the days,3 - Nearly every day,0 - Not at all,2 - More than half the days,Task/a7daf260-c4ff-40f7-95ce-5ef99be6632e,,2025-09-25 21:05:36.728101+00
Questionnaire/54,bb2da20e-6ea6-4cf9-81af-087a3a4fe87b,,0eb40af8-ddd0-4d8e-85a5-d3b3bb1022e7,Not defined,92dd11a8-2635-476b-a8d0-573cf74d4487,0eb40af8-ddd0-4d8e-85a5-d3b3bb1022e7,e22f62dc-f531-418c-a13d-10385b0f0c4f,Not defined,f130ef03-2199-4882-bd8d-9240bee68c4a,,Severe depression,Very difficult,22,,,,,,2 - More than half the days,2 - More than half the days,3 - Nearly every day,3 - Nearly every day,3 - Nearly every day,2 - More than half the days,2 - More than half the days,2 - More than half the days,3 - Nearly every day,Task/1c4675b2-dfb0-4ca8-b048-2a572916001b,,2025-09-25 21:05:36.728101+00
Questionnaire/54,9681af90-a7a8-4c67-a909-811a6dc6a0bf,,0eb40af8-ddd0-4d8e-85a5-d3b3bb1022e7,Not defined,92dd11a8-2635-476b-a8d0-573cf74d4487,0eb40af8-ddd0-4d8e-85a5-d3b3bb1022e7,e22f62dc-f531-418c-a13d-10385b0f0c4f,Not defined,f1af53f5-6dfb-49ea-95a2-7ef7bfea7728,moderate-depression,Moderate depression,Not difficult at all,14,,,,,,1 - Several days,1 - Several days,1 - Several days,1 - Several days,2 - More than half the days,2 - More than half the days,3 - Nearly every day,1 - Several days,2 - More than half the days,Task/42d27a6d-bfad-4b67-bdfe-6ecf5942fd78,,2025-09-25 21:05:36.728101+00
Questionnaire/54,00301c11-0b22-46b9-ae75-bf7911befca7,eb64e574-4708-4c45-8359-7c6e0f28d187,0eb40af8-ddd0-4d8e-85a5-d3b3bb1022e7,a28a1a10-d6ab-45f2-84f3-8ab4db7850b2,92dd11a8-2635-476b-a8d0-573cf74d4487,0eb40af8-ddd0-4d8e-85a5-d3b3bb1022e7,e22f62dc-f531-418c-a13d-10385b0f0c4f,2.0.1-engage,f54b7ac9-44c1-4579-ac07-8b422a2a8230,moderate-depression,Moderate depression,Very difficult,14,,,,,,1 - Several days,1 - Several days,2 - More than half the days,2 - More than half the days,2 - More than half the days,2 - More than half the days,1 - Several days,2 - More than half the days,1 - Several days,Task/b68501d3-6c5d-45ef-b7b8-71bb1b433c5f/_history/1,,2025-09-25 21:05:36.728101+00
Questionnaire/54,67878fbd-4a2f-4876-ab4f-54840b4cf697,,0eb40af8-ddd0-4d8e-85a5-d3b3bb1022e7,Not defined,92dd11a8-2635-476b-a8d0-573cf74d4487,0eb40af8-ddd0-4d8e-85a5-d3b3bb1022e7,e22f62dc-f531-418c-a13d-10385b0f0c4f,Not defined,f59d8a57-adb7-40a9-b4b5-d19a89efe454,none-minimal-depression,None-minimal depression,,2,,,,,,,,2 - More than half the days,,,,,,,Task/d32ac5a0-83ac-4ae1-b98e-b17859844d21,,2025-09-25 21:05:36.728101+00
Questionnaire/54,577a67a5-1a29-46f8-951b-d7150862c0d5,754d3353-dd0f-4a10-bd40-2f975bd9377c,0eb40af8-ddd0-4d8e-85a5-d3b3bb1022e7,a28a1a10-d6ab-45f2-84f3-8ab4db7850b2,92dd11a8-2635-476b-a8d0-573cf74d4487,0eb40af8-ddd0-4d8e-85a5-d3b3bb1022e7,e22f62dc-f531-418c-a13d-10385b0f0c4f,2.0.2-engage,f78f3cb6-7e58-490d-b501-29b40db4209c,severe-depression,Severe depression,Extremely difficult,27,,,,,,Nearly every day,Nearly every day,Nearly every day,Nearly every day,Nearly every day,Nearly every day,Nearly every day,Nearly every day,Nearly every day,Task/c5737c93-ebb2-40e7-ab53-ab83b79a5b05/_history/1,,2025-09-25 21:05:36.728101+00
Questionnaire/54,71a7b06d-86a6-4aa6-8bd1-52c8943583da,7aba524a-4ebd-41fb-9161-b9fe89dd0889,0eb40af8-ddd0-4d8e-85a5-d3b3bb1022e7,a28a1a10-d6ab-45f2-84f3-8ab4db7850b2,92dd11a8-2635-476b-a8d0-573cf74d4487,0eb40af8-ddd0-4d8e-85a5-d3b3bb1022e7,e22f62dc-f531-418c-a13d-10385b0f0c4f,2.1.2-engage,f9481d52-9c6b-4d66-93d7-e7c916a3a601,moderately-severe-depression,Moderately severe depression,Very difficult,18,,,,,,More than half the days,More than half the days,More than half the days,More than half the days,More than half the days,More than half the days,More than half the days,More than half the days,More than half the days,Task/11ba0af1-68b3-4967-9867-37f1fd9a400f,,2025-09-25 21:05:36.728101+00
Questionnaire/54,4736b8ad-61dc-402c-a1c5-58b8edfee648,,0eb40af8-ddd0-4d8e-85a5-d3b3bb1022e7,Not defined,92dd11a8-2635-476b-a8d0-573cf74d4487,0eb40af8-ddd0-4d8e-85a5-d3b3bb1022e7,e22f62dc-f531-418c-a13d-10385b0f0c4f,Not defined,fa193428-eac4-43fc-bcb0-bf70b778b661,none-minimal-depression,None-minimal depression,,3,,,,,,,,3 - Nearly every day,,,,,,,Task/d793829c-3f46-47e7-9896-05e361c7228b,,2025-09-25 21:05:36.728101+00
Questionnaire/54,1ad2aaab-ce46-41c4-81d0-f1b9d415d4ca,,0eb40af8-ddd0-4d8e-85a5-d3b3bb1022e7,Not defined,92dd11a8-2635-476b-a8d0-573cf74d4487,0eb40af8-ddd0-4d8e-85a5-d3b3bb1022e7,e22f62dc-f531-418c-a13d-10385b0f0c4f,Not defined,fb5e057f-4202-436d-85e0-8f73f86b53c0,moderately-severe-depression,Moderately severe depression,Not difficult at all,17,,,,,,1 - Several days,2 - More than half the days,2 - More than half the days,2 - More than half the days,3 - Nearly every day,1 - Several days,2 - More than half the days,3 - Nearly every day,1 - Several days,Task/e3490ce5-5dcd-4fcb-82c9-0883f64cfd42,,2025-09-25 21:05:36.728101+00
Questionnaire/54,70a786b1-197d-4e18-9c10-aa9e8723bf67,,0eb40af8-ddd0-4d8e-85a5-d3b3bb1022e7,Not defined,92dd11a8-2635-476b-a8d0-573cf74d4487,0eb40af8-ddd0-4d8e-85a5-d3b3bb1022e7,e22f62dc-f531-418c-a13d-10385b0f0c4f,Not defined,fce6f6d2-16cf-41aa-8e3c-1bff424b42ff,none-minimal-depression,None-minimal depression,,3,,,,,,,,3 - Nearly every day,,,,,,,Task/abdf86bb-6f58-4ea0-a089-8fe75bfff172,,2025-09-25 21:05:36.728101+00
