questionnaire_id,subject_patient_id,encounter_id,author_practitioner_id,practitioner_location_id,practitioner_organization_id,practitioner_id,practitioner_careteam_id,application_version,qr_id,short_form_pcl,short_form_pcl_2,short_form_pcl_3,short_form_pcl_4,short_form_pcl_5,pcl_item,short_form_pcl_7,place_declare_values,place_declare_values_9,short_form_pcl_10,pcl_item_11,place_declare_values_12,short_form_pcl_13,place_declare_values_14,form_question,form_question_16,form_question_17,form_question_18,form_question_19,pcl_item_20,place_declare_values_21
Questionnaire/60,e88d5711-eb22-4a8c-ae3b-0adddc0f7881,,0eb40af8-ddd0-4d8e-85a5-d3b3bb1022e7,a28a1a10-d6ab-45f2-84f3-8ab4db7850b2,92dd11a8-2635-476b-a8d0-573cf74d4487,0eb40af8-ddd0-4d8e-85a5-d3b3bb1022e7,e22f62dc-f531-418c-a13d-10385b0f0c4f,2.2.0-engage,0025b2aa-856c-4073-8bf6-268611958032,,,Extremely,Not at all,Extremely,,,12,This score suggests that you may be experiencing moderate challenges coping after a traumatic event,Not at all,,moderate-ptsd,Extremely,ab2921f2-89b4-4a02-9b98-04a5865043b4,,,,,,,
Questionnaire/60,5f896878-1169-4ea7-b479-835b28679f17,dce00399-a78f-4d61-b936-dacc36489132,0eb40af8-ddd0-4d8e-85a5-d3b3bb1022e7,a28a1a10-d6ab-45f2-84f3-8ab4db7850b2,92dd11a8-2635-476b-a8d0-573cf74d4487,0eb40af8-ddd0-4d8e-85a5-d3b3bb1022e7,e22f62dc-f531-418c-a13d-10385b0f0c4f,2.0.0-engage,057e850c-8348-4c3b-98a8-1958803ddeba,,,,,,,,0,No PTSD,,An earthquake or flood,no-ptsd,,,,,,,,false,
Questionnaire/60,ec421eed-1c76-49e7-9ce0-ed133e6f6379,20fed17b-0bb1-4d8e-b722-3b1147665479,0eb40af8-ddd0-4d8e-85a5-d3b3bb1022e7,a28a1a10-d6ab-45f2-84f3-8ab4db7850b2,92dd11a8-2635-476b-a8d0-573cf74d4487,0eb40af8-ddd0-4d8e-85a5-d3b3bb1022e7,e22f62dc-f531-418c-a13d-10385b0f0c4f,2.0.0-engage,07142d6f-75ff-4220-8268-6fdca830a05b,,,,,,,,5,Has PTSD,,,has-ptsd,,,,,,,,true,
Questionnaire/60,f79a9c7e-77f0-4af1-8319-67890aea6f91,9dc204de-b73b-47aa-acc8-faa506a46aed,5859d5f3-d37b-4a28-a68f-5ce1aaac611f,7a2bad81-130f-4785-8438-af7aac92fedf,602ec278-054a-473e-a553-957bd5ac8c6f,5859d5f3-d37b-4a28-a68f-5ce1aaac611f,83586171-9bac-426a-aae5-798bf548e15e,2.0.2-engage,0ae60529-fd1d-4345-8bf6-a194ee75637a,Quite a bit,Quite a bit,Quite a bit,Moderately,Moderately,,Quite a bit,20,Has PTSD,Moderately,,has-ptsd,Moderately,,,,,,,,
Questionnaire/60,c7cbedbb-a574-42f9-a9ed-4a61cb606d0b,,0eb40af8-ddd0-4d8e-85a5-d3b3bb1022e7,a28a1a10-d6ab-45f2-84f3-8ab4db7850b2,92dd11a8-2635-476b-a8d0-573cf74d4487,0eb40af8-ddd0-4d8e-85a5-d3b3bb1022e7,e22f62dc-f531-418c-a13d-10385b0f0c4f,2.0.1-engage,0f3df928-92df-4935-8c67-0283fbab3abd,3 - Quite a bit,3 - Quite a bit,3 - Quite a bit,2 - Moderately,4 - Extremely,,4 - Extremely,25,Has PTSD,2 - Moderately,,has-ptsd,4 - Extremely,481e8d5a-591b-4128-81c9-7fc71a56ad5f,,,,,,,
Questionnaire/60,78235e92-7624-40e1-ab2b-097a6f20cc3e,,5859d5f3-d37b-4a28-a68f-5ce1aaac611f,7a2bad81-130f-4785-8438-af7aac92fedf,602ec278-054a-473e-a553-957bd5ac8c6f,5859d5f3-d37b-4a28-a68f-5ce1aaac611f,83586171-9bac-426a-aae5-798bf548e15e,2.0.2-engage,24219048-564c-4b34-83e0-1865c4fbb3d6,,,,Moderately,,,Extremely,8,No PTSD,Moderately,,no-ptsd,,981cd650-1217-417d-babe-140aedac7369,,,,,,,
Questionnaire/60,ea1c21de-c6e4-400e-a549-49aaddddf3fe,,0eb40af8-ddd0-4d8e-85a5-d3b3bb1022e7,a28a1a10-d6ab-45f2-84f3-8ab4db7850b2,92dd11a8-2635-476b-a8d0-573cf74d4487,0eb40af8-ddd0-4d8e-85a5-d3b3bb1022e7,e22f62dc-f531-418c-a13d-10385b0f0c4f,2.0.0-engage,34965f9f-f38a-442f-8fb4-bd54af5b883b,,2 - Moderately,,2 - Moderately,,,3 - Quite a bit,9,No PTSD,2 - Moderately,,no-ptsd,,3d74fdac-bfdb-4a20-b4e1-2a39edcfc439,,,,,,,
Questionnaire/60,6f271d61-f141-4fc5-9088-ffa1c291f690,7d1cef7e-d7f6-4574-bc2c-deddcc6f2b4b,0eb40af8-ddd0-4d8e-85a5-d3b3bb1022e7,a28a1a10-d6ab-45f2-84f3-8ab4db7850b2,92dd11a8-2635-476b-a8d0-573cf74d4487,0eb40af8-ddd0-4d8e-85a5-d3b3bb1022e7,e22f62dc-f531-418c-a13d-10385b0f0c4f,2.0.0-engage,35af4c25-d2b2-468f-a139-e22a8a55a333,,,,,,,,0,No PTSD,,,no-ptsd,,,,,,,,false,
Questionnaire/60,71a7b06d-86a6-4aa6-8bd1-52c8943583da,,0eb40af8-ddd0-4d8e-85a5-d3b3bb1022e7,a28a1a10-d6ab-45f2-84f3-8ab4db7850b2,92dd11a8-2635-476b-a8d0-573cf74d4487,0eb40af8-ddd0-4d8e-85a5-d3b3bb1022e7,e22f62dc-f531-418c-a13d-10385b0f0c4f,2.1.2-engage,35ff0421-7dff-4de3-bc00-a25e02f96fff,Moderately,A little bit,Not at all,A little bit,Not at all,,Moderately,7,This score suggests that you may not be experiencing challenges coping after a traumatic event,A little bit,,no-ptsd,Not at all,e8d1f22f-4bd3-4ab4-8507-413a00ce427d,,,,,,,
Questionnaire/60,42c3163d-d1bb-46df-9894-2db06c8ef8a3,,0eb40af8-ddd0-4d8e-85a5-d3b3bb1022e7,Not defined,92dd11a8-2635-476b-a8d0-573cf74d4487,0eb40af8-ddd0-4d8e-85a5-d3b3bb1022e7,e22f62dc-f531-418c-a13d-10385b0f0c4f,Not defined,3b903614-61e3-4ee7-a564-9a38f54beda6,,,,,,,,0,No PTSD,,,no-ptsd,,,,,,,,false,
Questionnaire/60,162f2b99-9110-45a1-bb7a-2cac76d288f4,,0eb40af8-ddd0-4d8e-85a5-d3b3bb1022e7,a28a1a10-d6ab-45f2-84f3-8ab4db7850b2,92dd11a8-2635-476b-a8d0-573cf74d4487,0eb40af8-ddd0-4d8e-85a5-d3b3bb1022e7,e22f62dc-f531-418c-a13d-10385b0f0c4f,2.0.2-engage,4675d03e-a250-4da5-89ea-bd7c05a34cc9,,Moderately,,Moderately,,,Moderately,8,No PTSD,Moderately,,no-ptsd,,28574246-8970-405b-98ff-8ddcd55eaf9f,,,,,,,
Questionnaire/60,77679304-1eda-4ad7-a218-2ef2aadcf83f,,0eb40af8-ddd0-4d8e-85a5-d3b3bb1022e7,a28a1a10-d6ab-45f2-84f3-8ab4db7850b2,92dd11a8-2635-476b-a8d0-573cf74d4487,0eb40af8-ddd0-4d8e-85a5-d3b3bb1022e7,e22f62dc-f531-418c-a13d-10385b0f0c4f,2.1.2-engage,470cd1ba-1de6-47ac-8837-bfa09caf903b,A little bit,A little bit,A little bit,Moderately,Moderately,,Moderately,12,This score suggests that you may be experiencing moderate challenges coping after a traumatic event,A little bit,,moderate-ptsd,Moderately,0bb85f24-4911-4a36-b63c-68ba32d219fa,,,,,,,
Questionnaire/60,9b534915-4508-4002-a8ce-32a5fdcbf6f8,,0eb40af8-ddd0-4d8e-85a5-d3b3bb1022e7,a28a1a10-d6ab-45f2-84f3-8ab4db7850b2,92dd11a8-2635-476b-a8d0-573cf74d4487,0eb40af8-ddd0-4d8e-85a5-d3b3bb1022e7,e22f62dc-f531-418c-a13d-10385b0f0c4f,2.2.0-engage,4bbd2afe-3c7b-417d-9631-3de17de768e0,Quite a bit,Moderately,Moderately,Quite a bit,A little bit,,Quite a bit,19,This score suggests that you may be experiencing severe challenges coping after a traumatic event,Moderately,,severe-ptsd,Quite a bit,30aba19a-67c9-472b-bf55-8721f2f2f667,,,,,,,
Questionnaire/60,5ee2402d-024a-4cd3-9d2c-42124a638a7e,,0eb40af8-ddd0-4d8e-85a5-d3b3bb1022e7,a28a1a10-d6ab-45f2-84f3-8ab4db7850b2,92dd11a8-2635-476b-a8d0-573cf74d4487,0eb40af8-ddd0-4d8e-85a5-d3b3bb1022e7,e22f62dc-f531-418c-a13d-10385b0f0c4f,2.2.0-engage,543cce66-a110-452a-8b94-37944dff743f,Moderately,Moderately,Moderately,Quite a bit,Quite a bit,,Moderately,20,This score suggests that you may be experiencing severe challenges coping after a traumatic event,Quite a bit,,severe-ptsd,Quite a bit,cc3b4742-659c-498b-b6e9-e14440821de1,,,,,,,
Questionnaire/60,04edab19-6899-4eb6-8486-34a8e0509963,becceef9-4df8-4415-b94f-d9567d379c85,0eb40af8-ddd0-4d8e-85a5-d3b3bb1022e7,a28a1a10-d6ab-45f2-84f3-8ab4db7850b2,92dd11a8-2635-476b-a8d0-573cf74d4487,0eb40af8-ddd0-4d8e-85a5-d3b3bb1022e7,e22f62dc-f531-418c-a13d-10385b0f0c4f,2.0.0-engage,551db2fe-9cd3-422c-91ec-1526a0ba5860,,,,,,,,5,Has PTSD,,A physical or sexual assault or abuse,has-ptsd,,,,,,,,true,
Questionnaire/60,f177e016-e1a9-4b9b-a516-969c5b98301e,2d519284-0f1a-491a-94b0-c00b18b58411,0eb40af8-ddd0-4d8e-85a5-d3b3bb1022e7,a28a1a10-d6ab-45f2-84f3-8ab4db7850b2,92dd11a8-2635-476b-a8d0-573cf74d4487,0eb40af8-ddd0-4d8e-85a5-d3b3bb1022e7,e22f62dc-f531-418c-a13d-10385b0f0c4f,2.0.0-engage,5ee71c58-d658-4966-b02e-7ef25960881e,,,,,,,,0,No PTSD,,,no-ptsd,,,,,,,,false,
Questionnaire/60,8f6c3016-6d99-43e0-bc6d-a4be5727ba1d,,0eb40af8-ddd0-4d8e-85a5-d3b3bb1022e7,a28a1a10-d6ab-45f2-84f3-8ab4db7850b2,92dd11a8-2635-476b-a8d0-573cf74d4487,0eb40af8-ddd0-4d8e-85a5-d3b3bb1022e7,e22f62dc-f531-418c-a13d-10385b0f0c4f,2.2.0-engage,61e7be56-af4f-4b3f-8137-b3c42168a497,Not at all,Moderately,Not at all,Not at all,Not at all,,Not at all,3,This score suggests that you may not be experiencing challenges coping after a traumatic event,A little bit,,no-ptsd,Not at all,926dbc67-b542-40b3-b2b6-84d41d0fa416,,,,,,,
Questionnaire/60,658bf01b-d18f-4ac1-8da5-4740a1c4bc6d,,0eb40af8-ddd0-4d8e-85a5-d3b3bb1022e7,a28a1a10-d6ab-45f2-84f3-8ab4db7850b2,92dd11a8-2635-476b-a8d0-573cf74d4487,0eb40af8-ddd0-4d8e-85a5-d3b3bb1022e7,e22f62dc-f531-418c-a13d-10385b0f0c4f,2.2.0-engage,63f6e2ce-fed9-4c4d-8e53-cd8c27c7aae4,Not at all,A little bit,Not at all,Not at all,Not at all,,Not at all,1,This score suggests that you may not be experiencing challenges coping after a traumatic event,Not at all,,no-ptsd,Not at all,bd97e4cd-0571-4c85-ba86-25cb443f822b,,,,,,,
Questionnaire/60,a9aaadf4-b3ae-48f0-8ce1-513ffe2dea5f,,5859d5f3-d37b-4a28-a68f-5ce1aaac611f,7a2bad81-130f-4785-8438-af7aac92fedf,602ec278-054a-473e-a553-957bd5ac8c6f,5859d5f3-d37b-4a28-a68f-5ce1aaac611f,83586171-9bac-426a-aae5-798bf548e15e,2.0.2-engage,692cf535-3da0-4985-8313-568f62fabc65,,Moderately,,Quite a bit,,,Moderately,9,No PTSD,Moderately,,no-ptsd,,89d901bf-1900-47f2-8ec4-acd22085f7fb,,,,,,,
Questionnaire/60,bd41c189-6b9e-4544-bb9d-e8cfe0a2d76b,,0eb40af8-ddd0-4d8e-85a5-d3b3bb1022e7,a28a1a10-d6ab-45f2-84f3-8ab4db7850b2,92dd11a8-2635-476b-a8d0-573cf74d4487,0eb40af8-ddd0-4d8e-85a5-d3b3bb1022e7,e22f62dc-f531-418c-a13d-10385b0f0c4f,2.2.0-engage,6f6db44d-b1f9-4e57-9339-f34b83a8486e,A little bit,A little bit,A little bit,A little bit,Moderately,,Moderately,12,This score suggests that you may be experiencing moderate challenges coping after a traumatic event,Moderately,,moderate-ptsd,Moderately,b8df613b-7666-4773-9c47-607cf6083759,,,,,,,
Questionnaire/60,d9502b4c-258a-4538-8250-074c1ff03e25,,0eb40af8-ddd0-4d8e-85a5-d3b3bb1022e7,Not defined,92dd11a8-2635-476b-a8d0-573cf74d4487,0eb40af8-ddd0-4d8e-85a5-d3b3bb1022e7,e22f62dc-f531-418c-a13d-10385b0f0c4f,Not defined,76e9f6a5-6f12-4a34-aded-cfb37ee017e9,,,,,,,,0,,,,,,,,,,,,false,
Questionnaire/60,f327ae5b-4c8a-4fe8-93dc-a66d9f75348d,5e2961eb-e3bf-4a9e-874c-a34999b2911b,0eb40af8-ddd0-4d8e-85a5-d3b3bb1022e7,a28a1a10-d6ab-45f2-84f3-8ab4db7850b2,92dd11a8-2635-476b-a8d0-573cf74d4487,0eb40af8-ddd0-4d8e-85a5-d3b3bb1022e7,e22f62dc-f531-418c-a13d-10385b0f0c4f,2.0.0-engage,81ad1e84-4a6e-4593-af5c-9604581d8add,,,,,,,,3,Has PTSD,,Seeing someone be killed or seriously injured,has-ptsd,,,,,,,,true,
Questionnaire/60,7ccbfbcc-3b7d-4aea-9b15-045bebd17684,,8ecda3b5-f741-4752-ba5e-0f93006aa100,1a244e58-4583-41ff-9f9c-acb14d5ee9ec,d49549fa-5068-4a6e-81fc-eb6c315d2d53,8ecda3b5-f741-4752-ba5e-0f93006aa100,02564c94-d5c0-4356-b697-ebc48a3e0412,2.2.0-engage,866bfffc-4cd9-44f8-8d43-feb2cd716878,Not at all,Moderately,Not at all,A little bit,Not at all,,Not at all,5,This score suggests that you may not be experiencing challenges coping after a traumatic event,Moderately,,no-ptsd,Not at all,4dc942e0-4217-4498-845c-f4b001054376,,,,,,,
Questionnaire/60,657ec833-2690-4d52-b7de-32e57ffa0003,,0eb40af8-ddd0-4d8e-85a5-d3b3bb1022e7,a28a1a10-d6ab-45f2-84f3-8ab4db7850b2,92dd11a8-2635-476b-a8d0-573cf74d4487,0eb40af8-ddd0-4d8e-85a5-d3b3bb1022e7,e22f62dc-f531-418c-a13d-10385b0f0c4f,2.0.1-engage,9ed0a059-680f-4a3d-a2ee-d5e2c658726d,3 - Quite a bit,0 - Not at all,4 - Extremely,4 - Extremely,4 - Extremely,,3 - Quite a bit,26,Has PTSD,4 - Extremely,,has-ptsd,4 - Extremely,ed00f2ee-e077-4889-8209-f682663035e3,,,,,,,
Questionnaire/60,1ad2aaab-ce46-41c4-81d0-f1b9d415d4ca,,0eb40af8-ddd0-4d8e-85a5-d3b3bb1022e7,Not defined,92dd11a8-2635-476b-a8d0-573cf74d4487,0eb40af8-ddd0-4d8e-85a5-d3b3bb1022e7,e22f62dc-f531-418c-a13d-10385b0f0c4f,Not defined,a87520af-6135-4c80-922b-3b1f6795631e,,,,,,,,0,No PTSD,,,no-ptsd,,,,,,,,false,
Questionnaire/60,5b70d0ce-bc89-4ccc-9449-8692c3b38928,,5859d5f3-d37b-4a28-a68f-5ce1aaac611f,7a2bad81-130f-4785-8438-af7aac92fedf,602ec278-054a-473e-a553-957bd5ac8c6f,5859d5f3-d37b-4a28-a68f-5ce1aaac611f,83586171-9bac-426a-aae5-798bf548e15e,2.0.2-engage,a91adf6e-d538-4188-862f-cdbe35a97676,Moderately,Moderately,Moderately,Moderately,Moderately,,Quite a bit,19,Has PTSD,Quite a bit,,has-ptsd,Quite a bit,8a214603-05b4-4abb-83a6-9e4182401e3d,,,,,,,
Questionnaire/60,87f0f749-f6b9-4225-8548-fe05417e8847,,5859d5f3-d37b-4a28-a68f-5ce1aaac611f,7a2bad81-130f-4785-8438-af7aac92fedf,602ec278-054a-473e-a553-957bd5ac8c6f,5859d5f3-d37b-4a28-a68f-5ce1aaac611f,83586171-9bac-426a-aae5-798bf548e15e,2.0.2-engage,b7054b5e-7be8-4675-9e84-ae06210fb971,Extremely,Extremely,Extremely,A little bit,Quite a bit,,Moderately,25,Has PTSD,Quite a bit,,has-ptsd,Extremely,176c0124-2f2e-42cf-a8bb-107e63d136b2,,,,,,,
Questionnaire/60,c9adb1a9-83aa-454e-a005-b436b6d6ff58,,0eb40af8-ddd0-4d8e-85a5-d3b3bb1022e7,Not defined,92dd11a8-2635-476b-a8d0-573cf74d4487,0eb40af8-ddd0-4d8e-85a5-d3b3bb1022e7,e22f62dc-f531-418c-a13d-10385b0f0c4f,Not defined,b7a471cd-4108-4b32-8bfe-99c50b58ad9f,,,,,,,,2,No PTSD,,A physical or sexual assault or abuse,no-ptsd,,,,,,,,false,
Questionnaire/60,490964c9-24d6-4c9d-acab-71b2e6d35fe6,,0eb40af8-ddd0-4d8e-85a5-d3b3bb1022e7,a28a1a10-d6ab-45f2-84f3-8ab4db7850b2,ee1b8cf2-2f4a-447c-bbb5-d63c674aff01,0eb40af8-ddd0-4d8e-85a5-d3b3bb1022e7,e22f62dc-f531-418c-a13d-10385b0f0c4f,2.2.0-engage,be9f7a2e-2dec-4aca-ac6c-d419f42b0d60,,Not at all,,Not at all,,,,3,This score suggests that you may not be experiencing challenges coping after a traumatic event,Quite a bit,,no-ptsd,,76002f66-0ee7-46a6-bed4-d5a2fdc2103a,,,,,,,
Questionnaire/60,2366eacb-4422-4cc7-931c-e05e6ea2d139,,0eb40af8-ddd0-4d8e-85a5-d3b3bb1022e7,a28a1a10-d6ab-45f2-84f3-8ab4db7850b2,92dd11a8-2635-476b-a8d0-573cf74d4487,0eb40af8-ddd0-4d8e-85a5-d3b3bb1022e7,e22f62dc-f531-418c-a13d-10385b0f0c4f,2.1.2-engage,c4da277d-f3c3-4ebb-85db-3c8df8c8e4cf,,Moderately,,Moderately,,,Moderately,8,No PTSD,Moderately,,no-ptsd,,9c66dca7-145d-4fee-b1d0-86c68c8e7875,,,,,,,
Questionnaire/60,fffa753b-b871-430f-acdf-e16dd47ab2bb,,0eb40af8-ddd0-4d8e-85a5-d3b3bb1022e7,a28a1a10-d6ab-45f2-84f3-8ab4db7850b2,92dd11a8-2635-476b-a8d0-573cf74d4487,0eb40af8-ddd0-4d8e-85a5-d3b3bb1022e7,e22f62dc-f531-418c-a13d-10385b0f0c4f,2.1.2-engage,c5cbfcee-a35f-484a-8bd5-b0dc0fcc5f79,,Moderately,,Moderately,,,Moderately,7,No PTSD,A little bit,,no-ptsd,,464ba918-6f34-4b9c-be9f-6bf17e4336ab,,,,,,,
Questionnaire/60,d9502b4c-258a-4538-8250-074c1ff03e25,,0eb40af8-ddd0-4d8e-85a5-d3b3bb1022e7,Not defined,92dd11a8-2635-476b-a8d0-573cf74d4487,0eb40af8-ddd0-4d8e-85a5-d3b3bb1022e7,e22f62dc-f531-418c-a13d-10385b0f0c4f,Not defined,c9fd36d0-86e2-43d1-9dd0-277e6af1e599,,,,,,,,0,,,,,,,,,,,,false,
Questionnaire/60,024acb92-a14d-49d1-86a4-093715bf5793,,0eb40af8-ddd0-4d8e-85a5-d3b3bb1022e7,a28a1a10-d6ab-45f2-84f3-8ab4db7850b2,92dd11a8-2635-476b-a8d0-573cf74d4487,0eb40af8-ddd0-4d8e-85a5-d3b3bb1022e7,e22f62dc-f531-418c-a13d-10385b0f0c4f,2.2.0-engage,c9fe2118-5479-43e4-9e98-1261f7ed7179,A little bit,Not at all,Not at all,Not at all,Not at all,,A little bit,2,This score suggests that you may not be experiencing challenges coping after a traumatic event,Not at all,,no-ptsd,Not at all,b52942b8-6c36-4484-9b47-7a3772aee80c,,,,,,,
Questionnaire/60,f05564a1-4de7-4680-a17d-5ba329329f6c,,0eb40af8-ddd0-4d8e-85a5-d3b3bb1022e7,a28a1a10-d6ab-45f2-84f3-8ab4db7850b2,92dd11a8-2635-476b-a8d0-573cf74d4487,0eb40af8-ddd0-4d8e-85a5-d3b3bb1022e7,e22f62dc-f531-418c-a13d-10385b0f0c4f,2.2.0-engage,d7b0f7d5-4686-45b1-8ef5-89e25f05c41f,Not at all,Not at all,Not at all,Not at all,Not at all,,Not at all,0,This score suggests that you may not be experiencing challenges coping after a traumatic event,Not at all,,no-ptsd,Not at all,6bc53fa9-b33e-4e78-97e2-7f7d22031517,,,,,,,
Questionnaire/60,781f4bfa-f728-40c4-8c8a-d035e8e7dbd4,,0eb40af8-ddd0-4d8e-85a5-d3b3bb1022e7,a28a1a10-d6ab-45f2-84f3-8ab4db7850b2,92dd11a8-2635-476b-a8d0-573cf74d4487,0eb40af8-ddd0-4d8e-85a5-d3b3bb1022e7,e22f62dc-f531-418c-a13d-10385b0f0c4f,2.0.2-engage,e11d07b7-501f-453f-b51d-994f4945fa2c,,Moderately,,Moderately,,,A little bit,6,No PTSD,A little bit,,no-ptsd,,3b099af9-ac64-47fc-a3fd-bfe0a62e1e70,,,,,,,
Questionnaire/60,40c53fb6-6301-4da8-888f-0242ddd567d6,,0eb40af8-ddd0-4d8e-85a5-d3b3bb1022e7,a28a1a10-d6ab-45f2-84f3-8ab4db7850b2,92dd11a8-2635-476b-a8d0-573cf74d4487,0eb40af8-ddd0-4d8e-85a5-d3b3bb1022e7,e22f62dc-f531-418c-a13d-10385b0f0c4f,2.1.2-engage,ebb4797b-25c6-4b3c-8b48-4dd253e19040,A little bit,A little bit,A little bit,A little bit,A little bit,,A little bit,8,This score suggests that you may be experiencing mild challenges coping after a traumatic event,A little bit,,mild-ptsd,A little bit,01b13d2c-674e-449d-942a-1a76c1fab849,,,,,,,
Questionnaire/60,9b4f31f2-b327-47c9-91c6-56082f924410,,0eb40af8-ddd0-4d8e-85a5-d3b3bb1022e7,a28a1a10-d6ab-45f2-84f3-8ab4db7850b2,92dd11a8-2635-476b-a8d0-573cf74d4487,0eb40af8-ddd0-4d8e-85a5-d3b3bb1022e7,e22f62dc-f531-418c-a13d-10385b0f0c4f,2.2.0-engage,edc9274f-e07d-4924-849d-ebca55c88a88,A little bit,A little bit,A little bit,A little bit,Moderately,,Moderately,11,This score suggests that you may be experiencing mild challenges coping after a traumatic event,A little bit,,mild-ptsd,Moderately,e77fda87-8afe-40c5-8664-f0073ca95803,,,,,,,
Questionnaire/60,c220a224-11b2-4a42-a02f-007eecb3b4f0,,0eb40af8-ddd0-4d8e-85a5-d3b3bb1022e7,a28a1a10-d6ab-45f2-84f3-8ab4db7850b2,92dd11a8-2635-476b-a8d0-573cf74d4487,0eb40af8-ddd0-4d8e-85a5-d3b3bb1022e7,e22f62dc-f531-418c-a13d-10385b0f0c4f,2.2.0-engage,f6d12593-0c50-45f4-b72c-7fdcc4ca588f,Moderately,Moderately,Moderately,Moderately,Quite a bit,,Quite a bit,20,This score suggests that you may be experiencing severe challenges coping after a traumatic event,Quite a bit,,severe-ptsd,Quite a bit,eeab02b7-67b6-49db-8a48-2d2d3abaa529,,,,,,,
Questionnaire/60,9e2b4a3b-701e-49b2-8257-904a6db0ae6d,,0eb40af8-ddd0-4d8e-85a5-d3b3bb1022e7,a28a1a10-d6ab-45f2-84f3-8ab4db7850b2,92dd11a8-2635-476b-a8d0-573cf74d4487,0eb40af8-ddd0-4d8e-85a5-d3b3bb1022e7,e22f62dc-f531-418c-a13d-10385b0f0c4f,2.2.0-engage,f99fe766-f410-4514-ad09-10d10487d470,Extremely,Extremely,Extremely,Extremely,Quite a bit,,Quite a bit,28,This score suggests that you may be experiencing severe challenges coping after a traumatic event,Quite a bit,,severe-ptsd,Quite a bit,227cef55-d552-4e65-b8c4-752c381b0357,,,,,,,
